/*******************************************************************************
 * Size: 16 px
 * Bpp: 4
 * Opts: --no-compress --format lvgl --bpp 4 --size 16 -o src/lv_font_inter_500_16.c --font inter_font/Inter Hinted for Windows/Desktop/Inter-Medium.ttf -r 0x20-0x7E --font lvgl/scripts/built_in_font/FontAwesome5-Solid+Brands+Regular.woff -r 0xF000-0xF2FF
 ******************************************************************************/

#ifdef LV_LVGL_H_INCLUDE_SIMPLE
#include "lvgl.h"
#else
#include "lvgl.h"
#endif

#ifndef LV_FONT_INTER_500_16
#define LV_FONT_INTER_500_16 1
#endif

#if LV_FONT_INTER_500_16

/*-----------------
 *    BITMAPS
 *----------------*/

/*Store the image of the glyphs*/
static LV_ATTRIBUTE_LARGE_CONST const uint8_t glyph_bitmap[] = {
    /* U+0020 " " */

    /* U+0021 "!" */
    0x9f, 0x48, 0xf4, 0x8f, 0x38, 0xf3, 0x8f, 0x37,
    0xf3, 0x7f, 0x27, 0xf2, 0x37, 0x0, 0x30, 0xbf,
    0x58, 0xe3,

    /* U+0022 "\"" */
    0xf7, 0x1f, 0x5f, 0x71, 0xf5, 0xf7, 0x1f, 0x5f,
    0x71, 0xf5, 0x31, 0x3, 0x10,

    /* U+0023 "#" */
    0x0, 0xc, 0x90, 0xa, 0xb0, 0x0, 0xe, 0x60,
    0xd, 0x80, 0x0, 0x1f, 0x40, 0xf, 0x50, 0xf,
    0xff, 0xff, 0xff, 0xfd, 0x6, 0xaf, 0x66, 0x9f,
    0x64, 0x0, 0x8d, 0x0, 0x7e, 0x0, 0x0, 0xab,
    0x0, 0x9c, 0x0, 0x1, 0xd9, 0x11, 0xbb, 0x10,
    0xaf, 0xff, 0xff, 0xff, 0xf2, 0x36, 0xf7, 0x45,
    0xf8, 0x40, 0x4, 0xf1, 0x3, 0xf2, 0x0, 0x7,
    0xe0, 0x6, 0xf0, 0x0,

    /* U+0024 "$" */
    0x0, 0x0, 0x38, 0x0, 0x0, 0x0, 0x0, 0x4a,
    0x0, 0x0, 0x0, 0x3b, 0xff, 0xe8, 0x0, 0x3,
    0xfe, 0xbd, 0xcf, 0xb0, 0xb, 0xf2, 0x4a, 0xa,
    0xf2, 0xd, 0xe0, 0x4a, 0x1, 0x30, 0x9, 0xfa,
    0x6a, 0x0, 0x0, 0x0, 0xbf, 0xfe, 0x82, 0x0,
    0x0, 0x3, 0xaf, 0xff, 0x70, 0x0, 0x0, 0x4a,
    0x2c, 0xf3, 0x6, 0x30, 0x4a, 0x5, 0xf7, 0xf,
    0xd0, 0x4a, 0x9, 0xf5, 0x8, 0xfe, 0xbd, 0xcf,
    0xd0, 0x0, 0x6d, 0xff, 0xe9, 0x10, 0x0, 0x0,
    0x4a, 0x0, 0x0,

    /* U+0025 "%" */
    0xa, 0xfd, 0x40, 0x0, 0x7d, 0x8, 0xe3, 0x9e,
    0x0, 0x2f, 0x30, 0xaa, 0x4, 0xf0, 0xc, 0x90,
    0x8, 0xd0, 0x8f, 0x7, 0xd0, 0x0, 0x1d, 0xff,
    0x62, 0xf3, 0x0, 0x0, 0x2, 0x0, 0xc9, 0x0,
    0x0, 0x0, 0x0, 0x7d, 0x1a, 0xfc, 0x20, 0x0,
    0x2f, 0x38, 0xd3, 0xca, 0x0, 0xc, 0x90, 0xc9,
    0x7, 0xe0, 0x7, 0xd0, 0xc, 0x80, 0x7e, 0x2,
    0xf3, 0x0, 0x9d, 0x3c, 0xa0, 0xc9, 0x0, 0x0,
    0xbf, 0xc1,

    /* U+0026 "&" */
    0x0, 0x3c, 0xfd, 0x60, 0x0, 0x0, 0xe, 0xe7,
    0xcf, 0x40, 0x0, 0x3, 0xf6, 0x1, 0xf8, 0x0,
    0x0, 0x2f, 0x70, 0x5f, 0x50, 0x0, 0x0, 0xbf,
    0x8f, 0xa0, 0x0, 0x0, 0x4, 0xff, 0x90, 0x0,
    0x0, 0x4, 0xfe, 0xfc, 0x0, 0x84, 0x0, 0xee,
    0x14, 0xfa, 0x2f, 0x70, 0x3f, 0x80, 0x7, 0xfd,
    0xf3, 0x1, 0xfb, 0x0, 0xb, 0xfc, 0x0, 0xa,
    0xfb, 0x8a, 0xff, 0xf2, 0x0, 0x8, 0xef, 0xe8,
    0x2e, 0xd0,

    /* U+0027 "'" */
    0xf7, 0xf7, 0xf7, 0xf7, 0x31,

    /* U+0028 "(" */
    0x0, 0x4b, 0x20, 0xd, 0xb0, 0x5, 0xf5, 0x0,
    0xbf, 0x0, 0xf, 0xb0, 0x3, 0xf8, 0x0, 0x4f,
    0x70, 0x5, 0xf6, 0x0, 0x4f, 0x60, 0x3, 0xf8,
    0x0, 0xf, 0xb0, 0x0, 0xdf, 0x0, 0x7, 0xf3,
    0x0, 0x1f, 0x90, 0x0, 0x7f, 0x20,

    /* U+0029 ")" */
    0x1b, 0x50, 0x0, 0xae, 0x0, 0x4, 0xf6, 0x0,
    0xf, 0xc0, 0x0, 0xbf, 0x0, 0x8, 0xf3, 0x0,
    0x6f, 0x50, 0x5, 0xf6, 0x0, 0x6f, 0x50, 0x7,
    0xf4, 0x0, 0xaf, 0x10, 0xe, 0xd0, 0x3, 0xf8,
    0x0, 0x8f, 0x10, 0x1f, 0x70, 0x0,

    /* U+002A "*" */
    0x0, 0x6c, 0x0, 0x8, 0x55, 0xb2, 0xa0, 0x7e,
    0xde, 0xfa, 0x10, 0x6f, 0xfa, 0x0, 0xbe, 0xac,
    0xbe, 0x13, 0x16, 0xb0, 0x40, 0x0, 0x48, 0x0,
    0x0,

    /* U+002B "+" */
    0x0, 0x7, 0xf1, 0x0, 0x0, 0x0, 0x7f, 0x10,
    0x0, 0x0, 0x7, 0xf1, 0x0, 0x8, 0xff, 0xff,
    0xff, 0xf2, 0x48, 0x8b, 0xf9, 0x88, 0x10, 0x0,
    0x7f, 0x10, 0x0, 0x0, 0x7, 0xf1, 0x0, 0x0,
    0x0, 0x5d, 0x10, 0x0,

    /* U+002C "," */
    0x28, 0x26, 0xf3, 0x8f, 0xa, 0xb0, 0xe6, 0x0,

    /* U+002D "-" */
    0x78, 0x88, 0x82, 0xef, 0xff, 0xf4,

    /* U+002E "." */
    0x13, 0xc, 0xf4, 0x9e, 0x20,

    /* U+002F "/" */
    0x0, 0x1, 0xf7, 0x0, 0x5, 0xf2, 0x0, 0x9,
    0xe0, 0x0, 0xe, 0xa0, 0x0, 0x2f, 0x50, 0x0,
    0x6f, 0x10, 0x0, 0xad, 0x0, 0x0, 0xe9, 0x0,
    0x3, 0xf4, 0x0, 0x7, 0xf0, 0x0, 0xc, 0xc0,
    0x0, 0xf, 0x70, 0x0, 0x4f, 0x30, 0x0, 0x8f,
    0x0, 0x0,

    /* U+0030 "0" */
    0x0, 0x19, 0xef, 0xc3, 0x0, 0x0, 0xdf, 0xa9,
    0xef, 0x30, 0x7, 0xf7, 0x0, 0x2f, 0xc0, 0xc,
    0xf0, 0x0, 0xb, 0xf2, 0xf, 0xc0, 0x0, 0x7,
    0xf5, 0x1f, 0xa0, 0x0, 0x5, 0xf6, 0x1f, 0xa0,
    0x0, 0x5, 0xf6, 0xf, 0xc0, 0x0, 0x6, 0xf5,
    0xc, 0xf0, 0x0, 0xa, 0xf2, 0x7, 0xf7, 0x0,
    0x2f, 0xc0, 0x0, 0xdf, 0xb9, 0xef, 0x30, 0x0,
    0x1a, 0xef, 0xc3, 0x0,

    /* U+0031 "1" */
    0x0, 0x2c, 0xf8, 0x6, 0xff, 0xf8, 0x1f, 0xa4,
    0xf8, 0x4, 0x3, 0xf8, 0x0, 0x3, 0xf8, 0x0,
    0x3, 0xf8, 0x0, 0x3, 0xf8, 0x0, 0x3, 0xf8,
    0x0, 0x3, 0xf8, 0x0, 0x3, 0xf8, 0x0, 0x3,
    0xf8, 0x0, 0x3, 0xf8,

    /* U+0032 "2" */
    0x4, 0xcf, 0xea, 0x20, 0x3f, 0xe8, 0x9f, 0xe1,
    0xbf, 0x10, 0x5, 0xf7, 0x87, 0x0, 0x2, 0xf8,
    0x0, 0x0, 0x6, 0xf5, 0x0, 0x0, 0x1e, 0xd0,
    0x0, 0x1, 0xdf, 0x30, 0x0, 0xc, 0xf4, 0x0,
    0x0, 0xcf, 0x50, 0x0, 0xb, 0xf6, 0x0, 0x0,
    0xaf, 0xe9, 0x99, 0x97, 0xef, 0xff, 0xff, 0xfc,

    /* U+0033 "3" */
    0x2, 0xae, 0xfc, 0x50, 0x2, 0xff, 0x98, 0xdf,
    0x50, 0x9f, 0x30, 0x1, 0xfc, 0x0, 0x10, 0x0,
    0xe, 0xc0, 0x0, 0x2, 0x3a, 0xf5, 0x0, 0x0,
    0xff, 0xf6, 0x0, 0x0, 0x5, 0x6b, 0xf8, 0x0,
    0x0, 0x0, 0xc, 0xf1, 0x44, 0x0, 0x0, 0x8f,
    0x3c, 0xf2, 0x0, 0xd, 0xf1, 0x4f, 0xfa, 0x9d,
    0xf8, 0x0, 0x3b, 0xff, 0xc6, 0x0,

    /* U+0034 "4" */
    0x0, 0x0, 0x6, 0xff, 0x10, 0x0, 0x0, 0x1e,
    0xff, 0x10, 0x0, 0x0, 0xaf, 0xbf, 0x10, 0x0,
    0x4, 0xf7, 0x9f, 0x10, 0x0, 0xd, 0xd0, 0x9f,
    0x10, 0x0, 0x8f, 0x30, 0x9f, 0x10, 0x2, 0xfa,
    0x0, 0x9f, 0x10, 0xc, 0xe1, 0x0, 0x9f, 0x10,
    0x1f, 0xff, 0xff, 0xff, 0xf9, 0x18, 0x88, 0x88,
    0xcf, 0x85, 0x0, 0x0, 0x0, 0x9f, 0x10, 0x0,
    0x0, 0x0, 0x9f, 0x10,

    /* U+0035 "5" */
    0xf, 0xff, 0xff, 0xf6, 0x2f, 0xb8, 0x88, 0x83,
    0x4f, 0x50, 0x0, 0x0, 0x6f, 0x30, 0x10, 0x0,
    0x8f, 0xaf, 0xfe, 0x50, 0x7f, 0xb6, 0x7e, 0xf4,
    0x0, 0x0, 0x3, 0xfb, 0x0, 0x0, 0x0, 0xce,
    0x44, 0x0, 0x0, 0xce, 0xbf, 0x20, 0x4, 0xfa,
    0x3f, 0xf9, 0x9f, 0xf2, 0x3, 0xbf, 0xea, 0x20,

    /* U+0036 "6" */
    0x0, 0x8, 0xdf, 0xd6, 0x0, 0x0, 0xbf, 0xb9,
    0xdf, 0x70, 0x4, 0xf7, 0x0, 0xd, 0xf0, 0xa,
    0xe0, 0x1, 0x0, 0x0, 0xe, 0xb6, 0xef, 0xf8,
    0x0, 0xf, 0xef, 0x75, 0xcf, 0x80, 0xf, 0xf4,
    0x0, 0xd, 0xf0, 0xf, 0xe0, 0x0, 0x8, 0xf2,
    0xd, 0xe0, 0x0, 0x9, 0xf2, 0x8, 0xf6, 0x0,
    0x2e, 0xe0, 0x1, 0xdf, 0xa9, 0xef, 0x50, 0x0,
    0x1a, 0xef, 0xc4, 0x0,

    /* U+0037 "7" */
    0x4f, 0xff, 0xff, 0xff, 0x62, 0x99, 0x99, 0x9c,
    0xf5, 0x0, 0x0, 0x0, 0xde, 0x0, 0x0, 0x0,
    0x5f, 0x70, 0x0, 0x0, 0xd, 0xe0, 0x0, 0x0,
    0x5, 0xf8, 0x0, 0x0, 0x0, 0xcf, 0x10, 0x0,
    0x0, 0x4f, 0x80, 0x0, 0x0, 0xc, 0xf1, 0x0,
    0x0, 0x4, 0xf8, 0x0, 0x0, 0x0, 0xcf, 0x10,
    0x0, 0x0, 0x3f, 0x90, 0x0, 0x0,

    /* U+0038 "8" */
    0x0, 0x3b, 0xff, 0xc4, 0x0, 0x3, 0xfe, 0x88,
    0xef, 0x40, 0x9, 0xf3, 0x0, 0x2f, 0xa0, 0x9,
    0xf2, 0x0, 0xf, 0xa0, 0x2, 0xfb, 0x32, 0xaf,
    0x30, 0x0, 0x5f, 0xff, 0xf6, 0x0, 0x4, 0xfd,
    0x65, 0xcf, 0x50, 0xe, 0xe0, 0x0, 0xd, 0xe0,
    0x1f, 0xb0, 0x0, 0xa, 0xf2, 0xe, 0xe1, 0x0,
    0xd, 0xf0, 0x6, 0xfe, 0x88, 0xdf, 0x70, 0x0,
    0x5c, 0xff, 0xc5, 0x0,

    /* U+0039 "9" */
    0x0, 0x3b, 0xff, 0xb2, 0x0, 0x4, 0xfe, 0x99,
    0xef, 0x20, 0xd, 0xf2, 0x0, 0x2f, 0xa0, 0xf,
    0xb0, 0x0, 0xb, 0xf0, 0xe, 0xd0, 0x0, 0xd,
    0xf2, 0x9, 0xfa, 0x33, 0xbf, 0xf3, 0x0, 0xaf,
    0xff, 0xb8, 0xf2, 0x0, 0x2, 0x42, 0x9, 0xf1,
    0x7, 0x70, 0x0, 0xe, 0xd0, 0xa, 0xf3, 0x0,
    0x6f, 0x70, 0x2, 0xff, 0xab, 0xfd, 0x0, 0x0,
    0x3c, 0xfe, 0x91, 0x0,

    /* U+003A ":" */
    0x9e, 0x2c, 0xf4, 0x13, 0x0, 0x0, 0x0, 0x0,
    0x0, 0x13, 0xc, 0xf4, 0x9e, 0x20,

    /* U+003B ";" */
    0x6f, 0x59, 0xf7, 0x3, 0x0, 0x0, 0x0, 0x0,
    0x0, 0x0, 0x5, 0xf4, 0x7f, 0x19, 0xd0, 0xc8,
    0x7, 0x20,

    /* U+003C "<" */
    0x0, 0x0, 0x0, 0x0, 0x0, 0x0, 0x0, 0x3,
    0xb1, 0x0, 0x0, 0x4b, 0xff, 0x10, 0x4, 0xcf,
    0xe7, 0x10, 0x2c, 0xfd, 0x60, 0x0, 0x6, 0xfe,
    0x30, 0x0, 0x0, 0x7, 0xef, 0xb4, 0x0, 0x0,
    0x0, 0x6e, 0xfc, 0x50, 0x0, 0x0, 0x6, 0xef,
    0x10, 0x0, 0x0, 0x0, 0x61,

    /* U+003D "=" */
    0x5f, 0xff, 0xff, 0xff, 0x28, 0x88, 0x88, 0x87,
    0x0, 0x0, 0x0, 0x0, 0x28, 0x88, 0x88, 0x87,
    0x5f, 0xff, 0xff, 0xff,

    /* U+003E ">" */
    0x0, 0x0, 0x0, 0x0, 0x6, 0x91, 0x0, 0x0,
    0x0, 0x5f, 0xf9, 0x10, 0x0, 0x0, 0x2a, 0xff,
    0x91, 0x0, 0x0, 0x1, 0x8f, 0xf9, 0x0, 0x0,
    0x0, 0x6f, 0xf1, 0x0, 0x6, 0xdf, 0xc4, 0x1,
    0x7e, 0xfc, 0x40, 0x0, 0x7f, 0xc4, 0x0, 0x0,
    0x4, 0x30, 0x0, 0x0, 0x0,

    /* U+003F "?" */
    0x1, 0xae, 0xfc, 0x30, 0xd, 0xf9, 0x8e, 0xf2,
    0x4f, 0x80, 0x4, 0xf8, 0x13, 0x10, 0x3, 0xf9,
    0x0, 0x0, 0xc, 0xf4, 0x0, 0x1, 0xdf, 0x80,
    0x0, 0xa, 0xf5, 0x0, 0x0, 0xf, 0xc0, 0x0,
    0x0, 0x7, 0x40, 0x0, 0x0, 0x3, 0x10, 0x0,
    0x0, 0x2f, 0xe0, 0x0, 0x0, 0x1e, 0xb0, 0x0,

    /* U+0040 "@" */
    0x0, 0x0, 0x39, 0xdf, 0xfd, 0x92, 0x0, 0x0,
    0x0, 0x8f, 0xd8, 0x66, 0x8e, 0xf6, 0x0, 0x0,
    0x9f, 0x70, 0x0, 0x0, 0x9, 0xf5, 0x0, 0x3f,
    0x80, 0x2, 0x53, 0x13, 0xa, 0xe0, 0xa, 0xe0,
    0x8, 0xff, 0xfd, 0xf1, 0x2f, 0x50, 0xf9, 0x4,
    0xf9, 0x24, 0xef, 0x10, 0xd9, 0x1f, 0x70, 0xad,
    0x0, 0x7, 0xf1, 0xb, 0xb2, 0xf5, 0xc, 0xa0,
    0x0, 0x5f, 0x10, 0xbb, 0x1f, 0x60, 0xbb, 0x0,
    0x6, 0xf1, 0xc, 0xa0, 0xf9, 0x8, 0xf1, 0x0,
    0xaf, 0x10, 0xe6, 0xb, 0xd0, 0x2f, 0xc5, 0x8e,
    0xf9, 0x9f, 0x20, 0x4f, 0x60, 0x5d, 0xfc, 0x2a,
    0xfe, 0x50, 0x0, 0xaf, 0x60, 0x0, 0x0, 0x0,
    0x0, 0x0, 0x0, 0xaf, 0xd9, 0x66, 0x7a, 0x50,
    0x0, 0x0, 0x0, 0x4a, 0xdf, 0xfe, 0xb4, 0x0,
    0x0,

    /* U+0041 "A" */
    0x0, 0x0, 0x9f, 0xc0, 0x0, 0x0, 0x0, 0xe,
    0xff, 0x20, 0x0, 0x0, 0x4, 0xfc, 0xf7, 0x0,
    0x0, 0x0, 0xaf, 0x2e, 0xd0, 0x0, 0x0, 0xf,
    0xd0, 0x9f, 0x20, 0x0, 0x5, 0xf7, 0x4, 0xf8,
    0x0, 0x0, 0xbf, 0x20, 0xf, 0xd0, 0x0, 0x1f,
    0xf8, 0x88, 0xdf, 0x30, 0x6, 0xff, 0xff, 0xff,
    0xf9, 0x0, 0xbf, 0x20, 0x0, 0xe, 0xe0, 0x1f,
    0xc0, 0x0, 0x0, 0x9f, 0x46, 0xf7, 0x0, 0x0,
    0x3, 0xf9,

    /* U+0042 "B" */
    0xbf, 0xff, 0xfe, 0x91, 0xb, 0xf8, 0x88, 0xbf,
    0xc0, 0xbf, 0x0, 0x0, 0xbf, 0x2b, 0xf0, 0x0,
    0x9, 0xf1, 0xbf, 0x11, 0x16, 0xfa, 0xb, 0xff,
    0xff, 0xfb, 0x10, 0xbf, 0x44, 0x47, 0xfd, 0x1b,
    0xf0, 0x0, 0x6, 0xf7, 0xbf, 0x0, 0x0, 0x1f,
    0xab, 0xf0, 0x0, 0x5, 0xf8, 0xbf, 0x88, 0x8a,
    0xff, 0x2b, 0xff, 0xff, 0xeb, 0x30,

    /* U+0043 "C" */
    0x0, 0x4, 0xbe, 0xfc, 0x60, 0x0, 0x7, 0xff,
    0xba, 0xef, 0xb0, 0x3, 0xfd, 0x20, 0x0, 0xaf,
    0x70, 0xaf, 0x30, 0x0, 0x0, 0xec, 0xf, 0xd0,
    0x0, 0x0, 0x0, 0x0, 0xfa, 0x0, 0x0, 0x0,
    0x0, 0xf, 0xa0, 0x0, 0x0, 0x0, 0x0, 0xfd,
    0x0, 0x0, 0x0, 0x0, 0xa, 0xf2, 0x0, 0x0,
    0xe, 0xb0, 0x3f, 0xd1, 0x0, 0xa, 0xf7, 0x0,
    0x7f, 0xfb, 0xae, 0xfb, 0x0, 0x0, 0x4b, 0xef,
    0xd7, 0x0,

    /* U+0044 "D" */
    0xbf, 0xff, 0xfd, 0x81, 0x0, 0xbf, 0x99, 0x9c,
    0xfd, 0x20, 0xbf, 0x0, 0x0, 0x5f, 0xc0, 0xbf,
    0x0, 0x0, 0xa, 0xf3, 0xbf, 0x0, 0x0, 0x4,
    0xf7, 0xbf, 0x0, 0x0, 0x2, 0xf9, 0xbf, 0x0,
    0x0, 0x2, 0xf9, 0xbf, 0x0, 0x0, 0x4, 0xf7,
    0xbf, 0x0, 0x0, 0xa, 0xf3, 0xbf, 0x0, 0x0,
    0x5f, 0xc0, 0xbf, 0x99, 0x9d, 0xfd, 0x20, 0xbf,
    0xff, 0xfd, 0x81, 0x0,

    /* U+0045 "E" */
    0xbf, 0xff, 0xff, 0xf9, 0xbf, 0x88, 0x88, 0x85,
    0xbf, 0x0, 0x0, 0x0, 0xbf, 0x0, 0x0, 0x0,
    0xbf, 0x0, 0x0, 0x0, 0xbf, 0x88, 0x88, 0x81,
    0xbf, 0xff, 0xff, 0xf3, 0xbf, 0x0, 0x0, 0x0,
    0xbf, 0x0, 0x0, 0x0, 0xbf, 0x0, 0x0, 0x0,
    0xbf, 0x88, 0x88, 0x85, 0xbf, 0xff, 0xff, 0xfa,

    /* U+0046 "F" */
    0xbf, 0xff, 0xff, 0xf8, 0xbf, 0x88, 0x88, 0x84,
    0xbf, 0x0, 0x0, 0x0, 0xbf, 0x0, 0x0, 0x0,
    0xbf, 0x0, 0x0, 0x0, 0xbf, 0x88, 0x88, 0x80,
    0xbf, 0xff, 0xff, 0xf0, 0xbf, 0x0, 0x0, 0x0,
    0xbf, 0x0, 0x0, 0x0, 0xbf, 0x0, 0x0, 0x0,
    0xbf, 0x0, 0x0, 0x0, 0xbf, 0x0, 0x0, 0x0,

    /* U+0047 "G" */
    0x0, 0x4, 0xbe, 0xfc, 0x60, 0x0, 0x0, 0x7f,
    0xfb, 0xae, 0xfb, 0x0, 0x3, 0xfd, 0x10, 0x0,
    0xaf, 0x70, 0xa, 0xf3, 0x0, 0x0, 0x1d, 0xb0,
    0xf, 0xd0, 0x0, 0x0, 0x0, 0x0, 0xf, 0xa0,
    0x0, 0x12, 0x22, 0x20, 0xf, 0xa0, 0x0, 0x8f,
    0xff, 0xf0, 0xf, 0xd0, 0x0, 0x25, 0x5d, 0xf0,
    0xa, 0xf3, 0x0, 0x0, 0xe, 0xd0, 0x3, 0xfd,
    0x10, 0x0, 0x9f, 0x70, 0x0, 0x7f, 0xfb, 0xae,
    0xfc, 0x0, 0x0, 0x4, 0xbe, 0xfd, 0x70, 0x0,

    /* U+0048 "H" */
    0xbf, 0x0, 0x0, 0x2, 0xf9, 0xbf, 0x0, 0x0,
    0x2, 0xf9, 0xbf, 0x0, 0x0, 0x2, 0xf9, 0xbf,
    0x0, 0x0, 0x2, 0xf9, 0xbf, 0x0, 0x0, 0x2,
    0xf9, 0xbf, 0x88, 0x88, 0x89, 0xf9, 0xbf, 0xff,
    0xff, 0xff, 0xf9, 0xbf, 0x0, 0x0, 0x2, 0xf9,
    0xbf, 0x0, 0x0, 0x2, 0xf9, 0xbf, 0x0, 0x0,
    0x2, 0xf9, 0xbf, 0x0, 0x0, 0x2, 0xf9, 0xbf,
    0x0, 0x0, 0x2, 0xf9,

    /* U+0049 "I" */
    0xbf, 0xb, 0xf0, 0xbf, 0xb, 0xf0, 0xbf, 0xb,
    0xf0, 0xbf, 0xb, 0xf0, 0xbf, 0xb, 0xf0, 0xbf,
    0xb, 0xf0,

    /* U+004A "J" */
    0x0, 0x0, 0x3, 0xf8, 0x0, 0x0, 0x3, 0xf8,
    0x0, 0x0, 0x3, 0xf8, 0x0, 0x0, 0x3, 0xf8,
    0x0, 0x0, 0x3, 0xf8, 0x0, 0x0, 0x3, 0xf8,
    0x0, 0x0, 0x3, 0xf8, 0x0, 0x0, 0x3, 0xf8,
    0x1, 0x0, 0x3, 0xf8, 0x5f, 0x70, 0x7, 0xf5,
    0x1e, 0xfa, 0x9f, 0xe0, 0x2, 0xbf, 0xeb, 0x20,

    /* U+004B "K" */
    0xbf, 0x0, 0x0, 0x5f, 0xc0, 0xbf, 0x0, 0x3,
    0xfd, 0x10, 0xbf, 0x0, 0x2e, 0xe2, 0x0, 0xbf,
    0x1, 0xdf, 0x40, 0x0, 0xbf, 0xc, 0xf5, 0x0,
    0x0, 0xbf, 0xaf, 0xc0, 0x0, 0x0, 0xbf, 0xfe,
    0xf5, 0x0, 0x0, 0xbf, 0xa1, 0xef, 0x20, 0x0,
    0xbf, 0x0, 0x4f, 0xc0, 0x0, 0xbf, 0x0, 0x9,
    0xf7, 0x0, 0xbf, 0x0, 0x0, 0xdf, 0x30, 0xbf,
    0x0, 0x0, 0x3f, 0xd0,

    /* U+004C "L" */
    0xbf, 0x0, 0x0, 0x0, 0xbf, 0x0, 0x0, 0x0,
    0xbf, 0x0, 0x0, 0x0, 0xbf, 0x0, 0x0, 0x0,
    0xbf, 0x0, 0x0, 0x0, 0xbf, 0x0, 0x0, 0x0,
    0xbf, 0x0, 0x0, 0x0, 0xbf, 0x0, 0x0, 0x0,
    0xbf, 0x0, 0x0, 0x0, 0xbf, 0x0, 0x0, 0x0,
    0xbf, 0x88, 0x88, 0x82, 0xbf, 0xff, 0xff, 0xf5,

    /* U+004D "M" */
    0xbf, 0x90, 0x0, 0x0, 0x3, 0xff, 0x1b, 0xff,
    0x0, 0x0, 0x0, 0xaf, 0xf1, 0xbf, 0xf6, 0x0,
    0x0, 0x1f, 0xff, 0x1b, 0xfd, 0xc0, 0x0, 0x7,
    0xfd, 0xf1, 0xbf, 0x7f, 0x30, 0x0, 0xdd, 0x9f,
    0x1b, 0xf1, 0xf9, 0x0, 0x3f, 0x79, 0xf1, 0xbf,
    0xa, 0xf0, 0xa, 0xf1, 0x9f, 0x1b, 0xf0, 0x4f,
    0x61, 0xfa, 0x9, 0xf1, 0xbf, 0x0, 0xec, 0x6f,
    0x40, 0x9f, 0x1b, 0xf0, 0x8, 0xfe, 0xd0, 0x9,
    0xf1, 0xbf, 0x0, 0x1f, 0xf7, 0x0, 0x9f, 0x1b,
    0xf0, 0x0, 0xbf, 0x10, 0x9, 0xf1,

    /* U+004E "N" */
    0xbf, 0x30, 0x0, 0x1, 0xfa, 0xbf, 0xd0, 0x0,
    0x1, 0xfa, 0xbf, 0xf9, 0x0, 0x1, 0xfa, 0xbf,
    0xbf, 0x40, 0x1, 0xfa, 0xbf, 0x1e, 0xe0, 0x1,
    0xfa, 0xbf, 0x5, 0xf9, 0x1, 0xfa, 0xbf, 0x0,
    0xaf, 0x41, 0xfa, 0xbf, 0x0, 0x1e, 0xe1, 0xfa,
    0xbf, 0x0, 0x4, 0xfb, 0xfa, 0xbf, 0x0, 0x0,
    0x9f, 0xfa, 0xbf, 0x0, 0x0, 0xe, 0xfa, 0xbf,
    0x0, 0x0, 0x4, 0xfa,

    /* U+004F "O" */
    0x0, 0x4, 0xbe, 0xfc, 0x60, 0x0, 0x0, 0x7f,
    0xfb, 0xae, 0xfb, 0x0, 0x3, 0xfd, 0x10, 0x0,
    0xaf, 0x70, 0xa, 0xf3, 0x0, 0x0, 0xe, 0xe0,
    0xf, 0xd0, 0x0, 0x0, 0x8, 0xf3, 0xf, 0xa0,
    0x0, 0x0, 0x6, 0xf5, 0xf, 0xa0, 0x0, 0x0,
    0x6, 0xf5, 0xf, 0xd0, 0x0, 0x0, 0x8, 0xf3,
    0xa, 0xf3, 0x0, 0x0, 0xd, 0xe0, 0x3, 0xfd,
    0x10, 0x0, 0xaf, 0x80, 0x0, 0x7f, 0xfb, 0xae,
    0xfb, 0x0, 0x0, 0x4, 0xbe, 0xfc, 0x60, 0x0,

    /* U+0050 "P" */
    0xbf, 0xff, 0xfd, 0x80, 0xb, 0xf8, 0x89, 0xdf,
    0xa0, 0xbf, 0x0, 0x0, 0xcf, 0x3b, 0xf0, 0x0,
    0x6, 0xf6, 0xbf, 0x0, 0x0, 0x6f, 0x6b, 0xf0,
    0x0, 0xb, 0xf2, 0xbf, 0x88, 0x8c, 0xfa, 0xb,
    0xff, 0xff, 0xd8, 0x0, 0xbf, 0x0, 0x0, 0x0,
    0xb, 0xf0, 0x0, 0x0, 0x0, 0xbf, 0x0, 0x0,
    0x0, 0xb, 0xf0, 0x0, 0x0, 0x0,

    /* U+0051 "Q" */
    0x0, 0x4, 0xbe, 0xfc, 0x60, 0x0, 0x0, 0x7f,
    0xfb, 0xae, 0xfb, 0x0, 0x3, 0xfd, 0x10, 0x0,
    0xaf, 0x80, 0xa, 0xf3, 0x0, 0x0, 0xe, 0xe0,
    0xf, 0xd0, 0x0, 0x0, 0x8, 0xf3, 0xf, 0xa0,
    0x0, 0x0, 0x6, 0xf5, 0xf, 0xa0, 0x0, 0x0,
    0x6, 0xf5, 0xf, 0xd0, 0x0, 0x0, 0x8, 0xf3,
    0xa, 0xf3, 0x2, 0xe9, 0xd, 0xf0, 0x3, 0xfd,
    0x10, 0x5f, 0xcf, 0x70, 0x0, 0x7f, 0xfb, 0xaf,
    0xfb, 0x0, 0x0, 0x4, 0xbe, 0xfc, 0xdd, 0x0,
    0x0, 0x0, 0x0, 0x0, 0x2f, 0xa0,

    /* U+0052 "R" */
    0xbf, 0xff, 0xfe, 0x80, 0xb, 0xf8, 0x89, 0xcf,
    0xc0, 0xbf, 0x0, 0x0, 0xaf, 0x3b, 0xf0, 0x0,
    0x5, 0xf6, 0xbf, 0x0, 0x0, 0x7f, 0x5b, 0xf0,
    0x0, 0x4e, 0xf1, 0xbf, 0xff, 0xff, 0xf6, 0xb,
    0xf8, 0x8b, 0xf8, 0x0, 0xbf, 0x0, 0xe, 0xe1,
    0xb, 0xf0, 0x0, 0x6f, 0x80, 0xbf, 0x0, 0x0,
    0xef, 0x1b, 0xf0, 0x0, 0x6, 0xf9,

    /* U+0053 "S" */
    0x0, 0x3a, 0xef, 0xd7, 0x0, 0x3, 0xff, 0xa9,
    0xdf, 0xa0, 0xb, 0xf2, 0x0, 0xb, 0xf2, 0xd,
    0xe0, 0x0, 0x1, 0x31, 0x9, 0xfa, 0x20, 0x0,
    0x0, 0x0, 0xaf, 0xfd, 0x82, 0x0, 0x0, 0x2,
    0x7c, 0xff, 0x70, 0x0, 0x0, 0x0, 0x2c, 0xf4,
    0x16, 0x40, 0x0, 0x5, 0xf7, 0xf, 0xe1, 0x0,
    0xa, 0xf5, 0x7, 0xff, 0xa9, 0xdf, 0xc0, 0x0,
    0x4b, 0xef, 0xd8, 0x0,

    /* U+0054 "T" */
    0x4f, 0xff, 0xff, 0xff, 0xfb, 0x28, 0x88, 0xdf,
    0x98, 0x86, 0x0, 0x0, 0xaf, 0x10, 0x0, 0x0,
    0x0, 0xaf, 0x10, 0x0, 0x0, 0x0, 0xaf, 0x10,
    0x0, 0x0, 0x0, 0xaf, 0x10, 0x0, 0x0, 0x0,
    0xaf, 0x10, 0x0, 0x0, 0x0, 0xaf, 0x10, 0x0,
    0x0, 0x0, 0xaf, 0x10, 0x0, 0x0, 0x0, 0xaf,
    0x10, 0x0, 0x0, 0x0, 0xaf, 0x10, 0x0, 0x0,
    0x0, 0xaf, 0x10, 0x0,

    /* U+0055 "U" */
    0xbf, 0x0, 0x0, 0x3, 0xf8, 0xbf, 0x0, 0x0,
    0x3, 0xf8, 0xbf, 0x0, 0x0, 0x3, 0xf8, 0xbf,
    0x0, 0x0, 0x3, 0xf8, 0xbf, 0x0, 0x0, 0x3,
    0xf8, 0xbf, 0x0, 0x0, 0x3, 0xf8, 0xbf, 0x0,
    0x0, 0x3, 0xf8, 0xbf, 0x0, 0x0, 0x3, 0xf8,
    0xaf, 0x30, 0x0, 0x6, 0xf6, 0x5f, 0xc1, 0x0,
    0x2e, 0xf2, 0xb, 0xfe, 0xbb, 0xff, 0x70, 0x0,
    0x6c, 0xff, 0xc5, 0x0,

    /* U+0056 "V" */
    0x7f, 0x70, 0x0, 0x0, 0x4f, 0x91, 0xfc, 0x0,
    0x0, 0x9, 0xf4, 0xb, 0xf2, 0x0, 0x0, 0xee,
    0x0, 0x6f, 0x70, 0x0, 0x4f, 0x90, 0x1, 0xfc,
    0x0, 0x9, 0xf3, 0x0, 0xb, 0xf1, 0x0, 0xed,
    0x0, 0x0, 0x5f, 0x70, 0x3f, 0x80, 0x0, 0x0,
    0xfc, 0x9, 0xf2, 0x0, 0x0, 0xa, 0xf1, 0xed,
    0x0, 0x0, 0x0, 0x4f, 0xbf, 0x70, 0x0, 0x0,
    0x0, 0xef, 0xf2, 0x0, 0x0, 0x0, 0x9, 0xfc,
    0x0, 0x0,

    /* U+0057 "W" */
    0x8f, 0x40, 0x0, 0x3f, 0xd0, 0x0, 0xa, 0xf2,
    0x4f, 0x80, 0x0, 0x7f, 0xf1, 0x0, 0xe, 0xe0,
    0xf, 0xc0, 0x0, 0xbf, 0xf5, 0x0, 0x2f, 0xa0,
    0xb, 0xf0, 0x0, 0xfa, 0xf9, 0x0, 0x6f, 0x50,
    0x7, 0xf4, 0x3, 0xf6, 0xbd, 0x0, 0xaf, 0x10,
    0x3, 0xf8, 0x7, 0xf1, 0x7f, 0x20, 0xdd, 0x0,
    0x0, 0xec, 0xb, 0xd0, 0x2f, 0x61, 0xf8, 0x0,
    0x0, 0xaf, 0xf, 0x80, 0xe, 0xa5, 0xf4, 0x0,
    0x0, 0x6f, 0x7f, 0x40, 0xa, 0xe9, 0xf0, 0x0,
    0x0, 0x1f, 0xff, 0x0, 0x5, 0xff, 0xb0, 0x0,
    0x0, 0xd, 0xfb, 0x0, 0x1, 0xff, 0x70, 0x0,
    0x0, 0x9, 0xf7, 0x0, 0x0, 0xdf, 0x30, 0x0,

    /* U+0058 "X" */
    0x3f, 0xc0, 0x0, 0x2, 0xfd, 0x0, 0x9f, 0x60,
    0x0, 0xbf, 0x40, 0x1, 0xee, 0x10, 0x5f, 0xa0,
    0x0, 0x6, 0xf9, 0xe, 0xf1, 0x0, 0x0, 0xc,
    0xfa, 0xf7, 0x0, 0x0, 0x0, 0x2f, 0xfd, 0x0,
    0x0, 0x0, 0x2, 0xff, 0xd0, 0x0, 0x0, 0x0,
    0xcf, 0xbf, 0x70, 0x0, 0x0, 0x6f, 0x90, 0xef,
    0x10, 0x0, 0x1e, 0xe1, 0x5, 0xfb, 0x0, 0xa,
    0xf6, 0x0, 0xb, 0xf4, 0x4, 0xfc, 0x0, 0x0,
    0x2f, 0xd0,

    /* U+0059 "Y" */
    0x5f, 0xa0, 0x0, 0x0, 0xbf, 0x40, 0xcf, 0x30,
    0x0, 0x4f, 0xb0, 0x2, 0xfc, 0x0, 0xc, 0xf2,
    0x0, 0x9, 0xf5, 0x5, 0xf8, 0x0, 0x0, 0x1e,
    0xd0, 0xee, 0x0, 0x0, 0x0, 0x6f, 0xdf, 0x60,
    0x0, 0x0, 0x0, 0xdf, 0xc0, 0x0, 0x0, 0x0,
    0x6, 0xf6, 0x0, 0x0, 0x0, 0x0, 0x6f, 0x50,
    0x0, 0x0, 0x0, 0x6, 0xf5, 0x0, 0x0, 0x0,
    0x0, 0x6f, 0x50, 0x0, 0x0, 0x0, 0x6, 0xf5,
    0x0, 0x0,

    /* U+005A "Z" */
    0x1f, 0xff, 0xff, 0xff, 0xf4, 0x8, 0x88, 0x88,
    0x9f, 0xf1, 0x0, 0x0, 0x0, 0x8f, 0x60, 0x0,
    0x0, 0x3, 0xfb, 0x0, 0x0, 0x0, 0xd, 0xf1,
    0x0, 0x0, 0x0, 0x8f, 0x60, 0x0, 0x0, 0x3,
    0xfb, 0x0, 0x0, 0x0, 0xc, 0xf2, 0x0, 0x0,
    0x0, 0x7f, 0x60, 0x0, 0x0, 0x2, 0xfc, 0x0,
    0x0, 0x0, 0xc, 0xfa, 0x88, 0x88, 0x82, 0xf,
    0xff, 0xff, 0xff, 0xf4,

    /* U+005B "[" */
    0x1, 0x11, 0x2, 0xff, 0xf9, 0x2f, 0x94, 0x22,
    0xf7, 0x0, 0x2f, 0x70, 0x2, 0xf7, 0x0, 0x2f,
    0x70, 0x2, 0xf7, 0x0, 0x2f, 0x70, 0x2, 0xf7,
    0x0, 0x2f, 0x70, 0x2, 0xf7, 0x0, 0x2f, 0x70,
    0x2, 0xf8, 0x10, 0x2f, 0xff, 0x90, 0x44, 0x42,

    /* U+005C "\\" */
    0x8f, 0x0, 0x0, 0x4f, 0x30, 0x0, 0xf, 0x70,
    0x0, 0xc, 0xc0, 0x0, 0x7, 0xf0, 0x0, 0x3,
    0xf4, 0x0, 0x0, 0xe9, 0x0, 0x0, 0xad, 0x0,
    0x0, 0x6f, 0x10, 0x0, 0x2f, 0x50, 0x0, 0xe,
    0xa0, 0x0, 0x9, 0xe0, 0x0, 0x5, 0xf2, 0x0,
    0x1, 0xf7,

    /* U+005D "]" */
    0x1, 0x11, 0x8, 0xff, 0xf3, 0x24, 0x9f, 0x30,
    0x6, 0xf3, 0x0, 0x6f, 0x30, 0x6, 0xf3, 0x0,
    0x6f, 0x30, 0x6, 0xf3, 0x0, 0x6f, 0x30, 0x6,
    0xf3, 0x0, 0x6f, 0x30, 0x6, 0xf3, 0x0, 0x6f,
    0x30, 0x17, 0xf3, 0x8f, 0xff, 0x32, 0x44, 0x40,

    /* U+005E "^" */
    0x0, 0x4f, 0xd0, 0x0, 0xc, 0xcf, 0x50, 0x3,
    0xf4, 0xad, 0x0, 0xbc, 0x2, 0xf4, 0x2f, 0x50,
    0xb, 0xc0,

    /* U+005F "_" */
    0x2, 0x22, 0x22, 0x22, 0x0, 0xff, 0xff, 0xff,
    0xf6, 0x5, 0x55, 0x55, 0x55, 0x10,

    /* U+0060 "`" */
    0x38, 0x20, 0xd, 0xb0, 0x3, 0xf4,

    /* U+0061 "a" */
    0x0, 0x7d, 0xfe, 0x80, 0x9, 0xfb, 0x7a, 0xf9,
    0x5, 0x70, 0x0, 0xde, 0x0, 0x1, 0x46, 0xef,
    0x5, 0xdf, 0xfc, 0xef, 0x1f, 0xc3, 0x0, 0xbf,
    0x3f, 0x70, 0x1, 0xef, 0xf, 0xe7, 0x7d, 0xef,
    0x3, 0xcf, 0xe6, 0xaf,

    /* U+0062 "b" */
    0xbf, 0x0, 0x0, 0x0, 0xb, 0xf0, 0x0, 0x0,
    0x0, 0xbf, 0x0, 0x0, 0x0, 0xb, 0xf2, 0xcf,
    0xd6, 0x0, 0xbf, 0xda, 0x8d, 0xf6, 0xb, 0xf7,
    0x0, 0x1e, 0xe0, 0xbf, 0x10, 0x0, 0x9f, 0x2b,
    0xf0, 0x0, 0x7, 0xf3, 0xbf, 0x10, 0x0, 0x9f,
    0x2b, 0xf7, 0x0, 0x1e, 0xe0, 0xbf, 0xda, 0x8d,
    0xf6, 0xb, 0xf2, 0xcf, 0xd6, 0x0,

    /* U+0063 "c" */
    0x0, 0x4c, 0xfe, 0x91, 0x0, 0x4f, 0xe8, 0x9f,
    0xd0, 0xd, 0xe1, 0x0, 0x7f, 0x42, 0xf9, 0x0,
    0x0, 0x0, 0x3f, 0x70, 0x0, 0x0, 0x2, 0xf9,
    0x0, 0x0, 0x0, 0xd, 0xf1, 0x0, 0x6f, 0x40,
    0x5f, 0xe8, 0x9f, 0xd0, 0x0, 0x4c, 0xfe, 0xa1,
    0x0,

    /* U+0064 "d" */
    0x0, 0x0, 0x0, 0xf, 0xb0, 0x0, 0x0, 0x0,
    0xfb, 0x0, 0x0, 0x0, 0xf, 0xb0, 0x6, 0xdf,
    0xc2, 0xfb, 0x6, 0xfd, 0x8a, 0xdf, 0xb0, 0xee,
    0x10, 0x7, 0xfb, 0x2f, 0xa0, 0x0, 0x1f, 0xb3,
    0xf8, 0x0, 0x0, 0xfb, 0x2f, 0xa0, 0x0, 0x1f,
    0xb0, 0xee, 0x10, 0x7, 0xfb, 0x6, 0xfd, 0x8a,
    0xdf, 0xb0, 0x6, 0xdf, 0xc2, 0xeb,

    /* U+0065 "e" */
    0x0, 0x4c, 0xfe, 0x90, 0x0, 0x4f, 0xd7, 0x9f,
    0xc0, 0xd, 0xe1, 0x0, 0x7f, 0x42, 0xf8, 0x0,
    0x2, 0xf8, 0x3f, 0xff, 0xff, 0xff, 0x92, 0xfa,
    0x33, 0x33, 0x32, 0xe, 0xd0, 0x0, 0x17, 0x20,
    0x5f, 0xd7, 0x8e, 0xf2, 0x0, 0x4c, 0xfe, 0xb3,
    0x0,

    /* U+0066 "f" */
    0x0, 0x6d, 0xf8, 0x2, 0xfd, 0x83, 0x4, 0xf7,
    0x0, 0xaf, 0xff, 0xf4, 0x38, 0xfa, 0x61, 0x4,
    0xf6, 0x0, 0x4, 0xf6, 0x0, 0x4, 0xf6, 0x0,
    0x4, 0xf6, 0x0, 0x4, 0xf6, 0x0, 0x4, 0xf6,
    0x0, 0x4, 0xf6, 0x0,

    /* U+0067 "g" */
    0x0, 0x6d, 0xfc, 0x2e, 0xb0, 0x5f, 0xd8, 0xad,
    0xfb, 0xe, 0xe1, 0x0, 0x7f, 0xb2, 0xfa, 0x0,
    0x1, 0xfb, 0x3f, 0x80, 0x0, 0xf, 0xb2, 0xf9,
    0x0, 0x0, 0xfb, 0xe, 0xe0, 0x0, 0x6f, 0xb0,
    0x6f, 0xd7, 0x9e, 0xfb, 0x0, 0x6d, 0xfc, 0x2f,
    0xb0, 0x2, 0x0, 0x1, 0xfa, 0x9, 0xfa, 0x67,
    0xdf, 0x30, 0x7, 0xdf, 0xfb, 0x40,

    /* U+0068 "h" */
    0xdd, 0x0, 0x0, 0x0, 0xdd, 0x0, 0x0, 0x0,
    0xdd, 0x0, 0x0, 0x0, 0xdd, 0x4d, 0xfc, 0x40,
    0xde, 0xe9, 0x9f, 0xf1, 0xdf, 0x20, 0x7, 0xf6,
    0xde, 0x0, 0x3, 0xf7, 0xdd, 0x0, 0x3, 0xf8,
    0xdd, 0x0, 0x3, 0xf8, 0xdd, 0x0, 0x3, 0xf8,
    0xdd, 0x0, 0x3, 0xf8, 0xdd, 0x0, 0x3, 0xf8,

    /* U+0069 "i" */
    0xc, 0xc0, 0xd, 0xd0, 0x0, 0x0, 0xd, 0xd0,
    0xd, 0xd0, 0xd, 0xd0, 0xd, 0xd0, 0xd, 0xd0,
    0xd, 0xd0, 0xd, 0xd0, 0xd, 0xd0, 0xd, 0xd0,

    /* U+006A "j" */
    0x0, 0xdc, 0x0, 0xd, 0xd0, 0x0, 0x0, 0x0,
    0xd, 0xd0, 0x0, 0xdd, 0x0, 0xd, 0xd0, 0x0,
    0xdd, 0x0, 0xd, 0xd0, 0x0, 0xdd, 0x0, 0xd,
    0xd0, 0x0, 0xdd, 0x0, 0xd, 0xd0, 0x0, 0xec,
    0x2, 0xaf, 0x90, 0x4f, 0xa1, 0x0,

    /* U+006B "k" */
    0xdd, 0x0, 0x0, 0x0, 0xdd, 0x0, 0x0, 0x0,
    0xdd, 0x0, 0x0, 0x0, 0xdd, 0x0, 0x1e, 0xe2,
    0xdd, 0x1, 0xdf, 0x20, 0xdd, 0xc, 0xf3, 0x0,
    0xdd, 0xbf, 0x50, 0x0, 0xdf, 0xff, 0x60, 0x0,
    0xdf, 0x4d, 0xf3, 0x0, 0xdd, 0x3, 0xfd, 0x0,
    0xdd, 0x0, 0x7f, 0xa0, 0xdd, 0x0, 0xb, 0xf5,

    /* U+006C "l" */
    0xdd, 0xdd, 0xdd, 0xdd, 0xdd, 0xdd, 0xdd, 0xdd,
    0xdd, 0xdd, 0xdd, 0xdd,

    /* U+006D "m" */
    0xdc, 0x5e, 0xfb, 0x16, 0xef, 0xb1, 0xde, 0xc6,
    0xaf, 0xdc, 0x69, 0xfa, 0xdf, 0x10, 0xd, 0xf1,
    0x0, 0xce, 0xdd, 0x0, 0xc, 0xe0, 0x0, 0xbf,
    0xdd, 0x0, 0xc, 0xe0, 0x0, 0xbf, 0xdd, 0x0,
    0xc, 0xe0, 0x0, 0xbf, 0xdd, 0x0, 0xc, 0xe0,
    0x0, 0xbf, 0xdd, 0x0, 0xc, 0xe0, 0x0, 0xbf,
    0xdd, 0x0, 0xc, 0xe0, 0x0, 0xbf,

    /* U+006E "n" */
    0xdc, 0x5d, 0xfc, 0x30, 0xde, 0xd7, 0x8f, 0xe1,
    0xdf, 0x20, 0x7, 0xf4, 0xdd, 0x0, 0x4, 0xf6,
    0xdd, 0x0, 0x4, 0xf6, 0xdd, 0x0, 0x4, 0xf6,
    0xdd, 0x0, 0x4, 0xf6, 0xdd, 0x0, 0x4, 0xf6,
    0xdd, 0x0, 0x4, 0xf6,

    /* U+006F "o" */
    0x0, 0x4c, 0xfe, 0xa1, 0x0, 0x4f, 0xd8, 0x9f,
    0xd0, 0xd, 0xe1, 0x0, 0x5f, 0x72, 0xfa, 0x0,
    0x0, 0xfc, 0x3f, 0x80, 0x0, 0xd, 0xd2, 0xfa,
    0x0, 0x0, 0xfc, 0xd, 0xe1, 0x0, 0x5f, 0x80,
    0x5f, 0xd7, 0x9f, 0xd0, 0x0, 0x4c, 0xfe, 0xa1,
    0x0,

    /* U+0070 "p" */
    0xdc, 0x4d, 0xfc, 0x40, 0xd, 0xee, 0x76, 0xdf,
    0x40, 0xdf, 0x40, 0x1, 0xfc, 0xd, 0xe0, 0x0,
    0xb, 0xf0, 0xdd, 0x0, 0x0, 0xaf, 0x1d, 0xf0,
    0x0, 0xb, 0xf0, 0xdf, 0x50, 0x2, 0xfc, 0xd,
    0xee, 0x98, 0xef, 0x40, 0xdd, 0x3d, 0xfd, 0x40,
    0xd, 0xd0, 0x0, 0x0, 0x0, 0xdd, 0x0, 0x0,
    0x0, 0xd, 0xd0, 0x0, 0x0, 0x0,

    /* U+0071 "q" */
    0x0, 0x6d, 0xfc, 0x2e, 0xb0, 0x6f, 0xd8, 0xad,
    0xfb, 0xe, 0xe1, 0x0, 0x7f, 0xb2, 0xfa, 0x0,
    0x1, 0xfb, 0x3f, 0x80, 0x0, 0xf, 0xb2, 0xfa,
    0x0, 0x1, 0xfb, 0xe, 0xe1, 0x0, 0x7f, 0xb0,
    0x6f, 0xd8, 0xad, 0xfb, 0x0, 0x6d, 0xfc, 0x2f,
    0xb0, 0x0, 0x0, 0x0, 0xfb, 0x0, 0x0, 0x0,
    0xf, 0xb0, 0x0, 0x0, 0x0, 0xfb,

    /* U+0072 "r" */
    0xdc, 0x6e, 0xcd, 0xee, 0x86, 0xdf, 0x20, 0xd,
    0xd0, 0x0, 0xdd, 0x0, 0xd, 0xd0, 0x0, 0xdd,
    0x0, 0xd, 0xd0, 0x0, 0xdd, 0x0, 0x0,

    /* U+0073 "s" */
    0x0, 0x9e, 0xfd, 0x60, 0xb, 0xf9, 0x6b, 0xf5,
    0xf, 0xc0, 0x0, 0x73, 0xc, 0xf8, 0x30, 0x0,
    0x1, 0xaf, 0xff, 0xa1, 0x0, 0x0, 0x39, 0xfa,
    0x18, 0x50, 0x0, 0xfd, 0xd, 0xf8, 0x6b, 0xf7,
    0x1, 0xae, 0xfd, 0x70,

    /* U+0074 "t" */
    0x4, 0xf6, 0x0, 0x4, 0xf6, 0x0, 0x8f, 0xff,
    0xf3, 0x38, 0xfa, 0x61, 0x4, 0xf6, 0x0, 0x4,
    0xf6, 0x0, 0x4, 0xf6, 0x0, 0x4, 0xf6, 0x0,
    0x4, 0xf7, 0x0, 0x1, 0xfe, 0x91, 0x0, 0x6d,
    0xf4,

    /* U+0075 "u" */
    0xdd, 0x0, 0x5, 0xf6, 0xdd, 0x0, 0x5, 0xf6,
    0xdd, 0x0, 0x5, 0xf6, 0xdd, 0x0, 0x5, 0xf6,
    0xdd, 0x0, 0x5, 0xf6, 0xdd, 0x0, 0x5, 0xf6,
    0xbf, 0x10, 0xa, 0xf6, 0x6f, 0xd8, 0xbd, 0xf6,
    0x8, 0xef, 0x95, 0xf6,

    /* U+0076 "v" */
    0x5f, 0x70, 0x0, 0x6f, 0x60, 0xfc, 0x0, 0xb,
    0xf1, 0xa, 0xf1, 0x0, 0xfb, 0x0, 0x5f, 0x60,
    0x5f, 0x60, 0x0, 0xeb, 0xa, 0xf0, 0x0, 0x9,
    0xf1, 0xfa, 0x0, 0x0, 0x4f, 0xaf, 0x50, 0x0,
    0x0, 0xef, 0xe0, 0x0, 0x0, 0x8, 0xf9, 0x0,
    0x0,

    /* U+0077 "w" */
    0x6f, 0x50, 0x6, 0xf9, 0x0, 0x2f, 0x91, 0xf9,
    0x0, 0xaf, 0xd0, 0x6, 0xf4, 0xd, 0xd0, 0xe,
    0xdf, 0x20, 0xaf, 0x0, 0x8f, 0x22, 0xf5, 0xf6,
    0xe, 0xb0, 0x4, 0xf6, 0x7f, 0xc, 0xa2, 0xf7,
    0x0, 0xf, 0xab, 0xb0, 0x8e, 0x7f, 0x20, 0x0,
    0xae, 0xf7, 0x3, 0xfd, 0xe0, 0x0, 0x6, 0xff,
    0x20, 0xf, 0xf9, 0x0, 0x0, 0x1f, 0xe0, 0x0,
    0xbf, 0x50, 0x0,

    /* U+0078 "x" */
    0x1f, 0xc0, 0x0, 0xed, 0x0, 0x7f, 0x40, 0x7f,
    0x40, 0x0, 0xdd, 0x1f, 0xb0, 0x0, 0x4, 0xfd,
    0xf2, 0x0, 0x0, 0xd, 0xfa, 0x0, 0x0, 0x4,
    0xfe, 0xf2, 0x0, 0x0, 0xdd, 0x2f, 0xb0, 0x0,
    0x8f, 0x50, 0x8f, 0x50, 0x2f, 0xb0, 0x0, 0xee,
    0x0,

    /* U+0079 "y" */
    0x5f, 0x60, 0x0, 0x6f, 0x60, 0xfc, 0x0, 0xb,
    0xf1, 0xa, 0xf1, 0x0, 0xfb, 0x0, 0x4f, 0x60,
    0x5f, 0x50, 0x0, 0xeb, 0xa, 0xf0, 0x0, 0x9,
    0xf2, 0xf9, 0x0, 0x0, 0x3f, 0xbf, 0x30, 0x0,
    0x0, 0xdf, 0xe0, 0x0, 0x0, 0x7, 0xf8, 0x0,
    0x0, 0x0, 0x9f, 0x20, 0x0, 0x5, 0x8f, 0xb0,
    0x0, 0x0, 0xcf, 0xb1, 0x0, 0x0,

    /* U+007A "z" */
    0xe, 0xff, 0xff, 0xfd, 0x7, 0x88, 0x8c, 0xf9,
    0x0, 0x0, 0x1e, 0xd0, 0x0, 0x0, 0xcf, 0x30,
    0x0, 0x8, 0xf6, 0x0, 0x0, 0x4f, 0xb0, 0x0,
    0x2, 0xee, 0x10, 0x0, 0xc, 0xfb, 0x88, 0x88,
    0xf, 0xff, 0xff, 0xff,

    /* U+007B "{" */
    0x0, 0x8, 0xe8, 0x0, 0x7f, 0xa3, 0x0, 0xaf,
    0x0, 0x0, 0xbe, 0x0, 0x0, 0xbe, 0x0, 0x0,
    0xed, 0x0, 0x4d, 0xe5, 0x0, 0x7f, 0xa2, 0x0,
    0x3, 0xfb, 0x0, 0x0, 0xbd, 0x0, 0x0, 0xbe,
    0x0, 0x0, 0xbe, 0x0, 0x0, 0x8f, 0x61, 0x0,
    0x1d, 0xf9, 0x0, 0x0, 0x22,

    /* U+007C "|" */
    0x8, 0x40, 0xf8, 0xf, 0x80, 0xf8, 0xf, 0x80,
    0xf8, 0xf, 0x80, 0xf8, 0xf, 0x80, 0xf8, 0xf,
    0x80, 0xf8, 0xf, 0x80, 0xf8, 0xf, 0x80, 0xf8,
    0xf, 0x80, 0xf8, 0xf, 0x80, 0xf8,

    /* U+007D "}" */
    0x8e, 0x90, 0x0, 0x3a, 0xf8, 0x0, 0x0, 0xeb,
    0x0, 0x0, 0xdc, 0x0, 0x0, 0xdc, 0x0, 0x0,
    0xce, 0x0, 0x0, 0x4e, 0xd5, 0x0, 0x1a, 0xf7,
    0x0, 0xbf, 0x30, 0x0, 0xdc, 0x0, 0x0, 0xdc,
    0x0, 0x0, 0xdb, 0x0, 0x15, 0xf9, 0x0, 0x8f,
    0xd2, 0x0, 0x22, 0x0, 0x0,

    /* U+007E "~" */
    0x1b, 0xfc, 0x40, 0x1b, 0x38, 0xf9, 0xcf, 0xab,
    0xf2, 0x78, 0x0, 0x7e, 0xe7, 0x0,

    /* U+F000 "" */
    0xb, 0xff, 0xff, 0xff, 0xff, 0xff, 0xff, 0xff,
    0xb0, 0xd, 0xff, 0xff, 0xff, 0xff, 0xff, 0xff,
    0xff, 0xd0, 0x2, 0xef, 0xff, 0xff, 0xff, 0xff,
    0xff, 0xfe, 0x10, 0x0, 0x2e, 0xff, 0xff, 0xff,
    0xff, 0xff, 0xe1, 0x0, 0x0, 0x2, 0xef, 0xff,
    0xff, 0xff, 0xfe, 0x10, 0x0, 0x0, 0x0, 0x2e,
    0xff, 0xff, 0xff, 0xe1, 0x0, 0x0, 0x0, 0x0,
    0x2, 0xef, 0xff, 0xfe, 0x10, 0x0, 0x0, 0x0,
    0x0, 0x0, 0x2e, 0xff, 0xe1, 0x0, 0x0, 0x0,
    0x0, 0x0, 0x0, 0x2, 0xff, 0x10, 0x0, 0x0,
    0x0, 0x0, 0x0, 0x0, 0x0, 0xff, 0x0, 0x0,
    0x0, 0x0, 0x0, 0x0, 0x0, 0x0, 0xff, 0x0,
    0x0, 0x0, 0x0, 0x0, 0x0, 0x0, 0x0, 0xff,
    0x0, 0x0, 0x0, 0x0, 0x0, 0x0, 0x0, 0x0,
    0xff, 0x0, 0x0, 0x0, 0x0, 0x0, 0x0, 0x0,
    0x0, 0xff, 0x0, 0x0, 0x0, 0x0, 0x0, 0x0,
    0x3, 0x78, 0xff, 0x87, 0x30, 0x0, 0x0, 0x0,
    0x0, 0xe, 0xff, 0xff, 0xff, 0xe0, 0x0, 0x0,

    /* U+F001 "" */
    0x0, 0x0, 0x0, 0x0, 0x0, 0x0, 0x0, 0x0,
    0x0, 0x0, 0x0, 0x0, 0x0, 0x0, 0x49, 0xdc,
    0x0, 0x0, 0x0, 0x0, 0x16, 0xbf, 0xff, 0xff,
    0x0, 0x0, 0x3, 0x8d, 0xff, 0xff, 0xff, 0xff,
    0x0, 0x0, 0xcf, 0xff, 0xff, 0xff, 0xff, 0xff,
    0x0, 0x0, 0xff, 0xff, 0xff, 0xff, 0xc7, 0xff,
    0x0, 0x0, 0xff, 0xff, 0xfa, 0x51, 0x0, 0xff,
    0x0, 0x0, 0xff, 0x84, 0x0, 0x0, 0x0, 0xff,
    0x0, 0x0, 0xff, 0x0, 0x0, 0x0, 0x0, 0xff,
    0x0, 0x0, 0xff, 0x0, 0x0, 0x0, 0x0, 0xff,
    0x0, 0x0, 0xff, 0x0, 0x0, 0x0, 0x0, 0xff,
    0x0, 0x0, 0xff, 0x0, 0x0, 0x2b, 0xee, 0xff,
    0x0, 0x0, 0xff, 0x0, 0x0, 0xdf, 0xff, 0xff,
    0x2b, 0xee, 0xff, 0x0, 0x0, 0xdf, 0xff, 0xfd,
    0xdf, 0xff, 0xff, 0x0, 0x0, 0x2b, 0xff, 0xb2,
    0xdf, 0xff, 0xfd, 0x0, 0x0, 0x0, 0x0, 0x0,
    0x2b, 0xff, 0xb2, 0x0, 0x0, 0x0, 0x0, 0x0,

    /* U+F002 "" */
    0x0, 0x3, 0xae, 0xfe, 0xa3, 0x0, 0x0, 0x0,
    0x0, 0x9f, 0xff, 0xff, 0xff, 0x90, 0x0, 0x0,
    0x9, 0xff, 0xfa, 0x8a, 0xff, 0xf9, 0x0, 0x0,
    0x3f, 0xfc, 0x10, 0x0, 0x1c, 0xff, 0x30, 0x0,
    0xaf, 0xf1, 0x0, 0x0, 0x1, 0xff, 0xa0, 0x0,
    0xef, 0xa0, 0x0, 0x0, 0x0, 0xaf, 0xe0, 0x0,
    0xff, 0x80, 0x0, 0x0, 0x0, 0x8f, 0xf0, 0x0,
    0xef, 0xa0, 0x0, 0x0, 0x0, 0xaf, 0xe0, 0x0,
    0xaf, 0xf1, 0x0, 0x0, 0x1, 0xff, 0xa0, 0x0,
    0x4f, 0xfc, 0x10, 0x0, 0x1c, 0xff, 0x40, 0x0,
    0x9, 0xff, 0xfa, 0x8a, 0xff, 0xfe, 0x40, 0x0,
    0x0, 0x9f, 0xff, 0xff, 0xff, 0xef, 0xf6, 0x0,
    0x0, 0x4, 0xae, 0xfe, 0xa4, 0x4f, 0xff, 0x60,
    0x0, 0x0, 0x0, 0x0, 0x0, 0x7, 0xff, 0xf6,
    0x0, 0x0, 0x0, 0x0, 0x0, 0x0, 0x7f, 0xfe,
    0x0, 0x0, 0x0, 0x0, 0x0, 0x0, 0x6, 0xe3,

    /* U+F004 "" */
    0x0, 0x0, 0x0, 0x0, 0x0, 0x0, 0x0, 0x0,
    0x0, 0x0, 0x19, 0xef, 0xc4, 0x0, 0x4c, 0xfe,
    0x91, 0x0, 0x1, 0xdf, 0xff, 0xff, 0x77, 0xff,
    0xff, 0xfd, 0x10, 0x9, 0xff, 0xff, 0xff, 0xff,
    0xff, 0xff, 0xff, 0x90, 0xe, 0xff, 0xff, 0xff,
    0xff, 0xff, 0xff, 0xff, 0xe0, 0xf, 0xff, 0xff,
    0xff, 0xff, 0xff, 0xff, 0xff, 0xf0, 0xd, 0xff,
    0xff, 0xff, 0xff, 0xff, 0xff, 0xff, 0xd0, 0x7,
    0xff, 0xff, 0xff, 0xff, 0xff, 0xff, 0xff, 0x70,
    0x0, 0xaf, 0xff, 0xff, 0xff, 0xff, 0xff, 0xfa,
    0x0, 0x0, 0xb, 0xff, 0xff, 0xff, 0xff, 0xff,
    0xb0, 0x0, 0x0, 0x0, 0xbf, 0xff, 0xff, 0xff,
    0xfb, 0x0, 0x0, 0x0, 0x0, 0xc, 0xff, 0xff,
    0xff, 0xc0, 0x0, 0x0, 0x0, 0x0, 0x0, 0xcf,
    0xff, 0xfc, 0x0, 0x0, 0x0, 0x0, 0x0, 0x0,
    0x1c, 0xff, 0xc0, 0x0, 0x0, 0x0, 0x0, 0x0,
    0x0, 0x1, 0xcc, 0x10, 0x0, 0x0, 0x0,

    /* U+F005 "" */
    0x0, 0x0, 0x0, 0x0, 0xcc, 0x0, 0x0, 0x0,
    0x0, 0x0, 0x0, 0x0, 0x5, 0xff, 0x50, 0x0,
    0x0, 0x0, 0x0, 0x0, 0x0, 0xd, 0xff, 0xd0,
    0x0, 0x0, 0x0, 0x0, 0x0, 0x0, 0x5f, 0xff,
    0xf5, 0x0, 0x0, 0x0, 0x0, 0x0, 0x13, 0xdf,
    0xff, 0xfd, 0x31, 0x0, 0x0, 0x19, 0xce, 0xff,
    0xff, 0xff, 0xff, 0xff, 0xec, 0x91, 0x4f, 0xff,
    0xff, 0xff, 0xff, 0xff, 0xff, 0xff, 0xf4, 0x9,
    0xff, 0xff, 0xff, 0xff, 0xff, 0xff, 0xff, 0x90,
    0x0, 0x9f, 0xff, 0xff, 0xff, 0xff, 0xff, 0xf9,
    0x0, 0x0, 0x8, 0xff, 0xff, 0xff, 0xff, 0xff,
    0x80, 0x0, 0x0, 0x0, 0xdf, 0xff, 0xff, 0xff,
    0xfd, 0x0, 0x0, 0x0, 0x0, 0xff, 0xff, 0xff,
    0xff, 0xff, 0x0, 0x0, 0x0, 0x2, 0xff, 0xff,
    0xff, 0xff, 0xff, 0x20, 0x0, 0x0, 0x4, 0xff,
    0xff, 0xff, 0xff, 0xff, 0x40, 0x0, 0x0, 0x7,
    0xff, 0xf8, 0x11, 0x8f, 0xff, 0x70, 0x0, 0x0,
    0x5, 0xe9, 0x10, 0x0, 0x1, 0x9e, 0x50, 0x0,
    0x0, 0x0, 0x0, 0x0, 0x0, 0x0, 0x0, 0x0,
    0x0,

    /* U+F007 "" */
    0x0, 0x0, 0x2b, 0xff, 0xb2, 0x0, 0x0, 0x0,
    0x2, 0xef, 0xff, 0xfe, 0x20, 0x0, 0x0, 0xb,
    0xff, 0xff, 0xff, 0xb0, 0x0, 0x0, 0xf, 0xff,
    0xff, 0xff, 0xf0, 0x0, 0x0, 0xf, 0xff, 0xff,
    0xff, 0xf0, 0x0, 0x0, 0xb, 0xff, 0xff, 0xff,
    0xb0, 0x0, 0x0, 0x2, 0xef, 0xff, 0xfe, 0x20,
    0x0, 0x0, 0x0, 0x2b, 0xff, 0xb2, 0x0, 0x0,
    0x0, 0x0, 0x0, 0x0, 0x0, 0x0, 0x0, 0x1,
    0x9e, 0xfb, 0x88, 0xbf, 0xe9, 0x10, 0x1e, 0xff,
    0xff, 0xff, 0xff, 0xff, 0xe1, 0x9f, 0xff, 0xff,
    0xff, 0xff, 0xff, 0xf9, 0xef, 0xff, 0xff, 0xff,
    0xff, 0xff, 0xfe, 0xff, 0xff, 0xff, 0xff, 0xff,
    0xff, 0xff, 0xff, 0xff, 0xff, 0xff, 0xff, 0xff,
    0xff, 0x8f, 0xff, 0xff, 0xff, 0xff, 0xff, 0xf8,

    /* U+F008 "" */
    0xd0, 0xf, 0xff, 0xff, 0xff, 0xff, 0xf0, 0xd,
    0xff, 0xff, 0xc8, 0x88, 0x88, 0x8c, 0xff, 0xff,
    0xf0, 0xf, 0x80, 0x0, 0x0, 0x8, 0xf0, 0xf,
    0xf0, 0xf, 0x80, 0x0, 0x0, 0x8, 0xf0, 0xf,
    0xff, 0xff, 0x80, 0x0, 0x0, 0x8, 0xff, 0xff,
    0xf0, 0xf, 0xec, 0xcc, 0xcc, 0xce, 0xf0, 0xf,
    0xf0, 0xf, 0xec, 0xcc, 0xcc, 0xce, 0xf0, 0xf,
    0xff, 0xff, 0x80, 0x0, 0x0, 0x8, 0xff, 0xff,
    0xf0, 0xf, 0x80, 0x0, 0x0, 0x8, 0xf0, 0xf,
    0xf0, 0xf, 0x80, 0x0, 0x0, 0x8, 0xf0, 0xf,
    0xff, 0xff, 0xc8, 0x88, 0x88, 0x8c, 0xff, 0xff,
    0xd0, 0xf, 0xff, 0xff, 0xff, 0xff, 0xf0, 0xd,

    /* U+F009 "" */
    0xdf, 0xff, 0xff, 0xf5, 0x5f, 0xff, 0xff, 0xfd,
    0xff, 0xff, 0xff, 0xf8, 0x8f, 0xff, 0xff, 0xff,
    0xff, 0xff, 0xff, 0xf8, 0x8f, 0xff, 0xff, 0xff,
    0xff, 0xff, 0xff, 0xf8, 0x8f, 0xff, 0xff, 0xff,
    0xff, 0xff, 0xff, 0xf8, 0x8f, 0xff, 0xff, 0xff,
    0xff, 0xff, 0xff, 0xf7, 0x7f, 0xff, 0xff, 0xff,
    0x58, 0x88, 0x88, 0x71, 0x17, 0x88, 0x88, 0x85,
    0x58, 0x88, 0x88, 0x71, 0x17, 0x88, 0x88, 0x85,
    0xff, 0xff, 0xff, 0xf7, 0x7f, 0xff, 0xff, 0xff,
    0xff, 0xff, 0xff, 0xf8, 0x8f, 0xff, 0xff, 0xff,
    0xff, 0xff, 0xff, 0xf8, 0x8f, 0xff, 0xff, 0xff,
    0xff, 0xff, 0xff, 0xf8, 0x8f, 0xff, 0xff, 0xff,
    0xff, 0xff, 0xff, 0xf8, 0x8f, 0xff, 0xff, 0xff,
    0xdf, 0xff, 0xff, 0xf5, 0x5f, 0xff, 0xff, 0xfd,

    /* U+F00A "" */
    0xdf, 0xff, 0x70, 0xef, 0xff, 0x62, 0xff, 0xff,
    0x4f, 0xff, 0xfa, 0x2f, 0xff, 0xf9, 0x4f, 0xff,
    0xf6, 0xff, 0xff, 0xa2, 0xff, 0xff, 0x94, 0xff,
    0xff, 0x6d, 0xff, 0xf7, 0xe, 0xff, 0xf6, 0x2f,
    0xff, 0xf4, 0x0, 0x0, 0x0, 0x0, 0x0, 0x0,
    0x0, 0x0, 0xd, 0xff, 0xf7, 0xe, 0xff, 0xf6,
    0x2f, 0xff, 0xf4, 0xff, 0xff, 0xa2, 0xff, 0xff,
    0x94, 0xff, 0xff, 0x6f, 0xff, 0xfa, 0x2f, 0xff,
    0xf9, 0x4f, 0xff, 0xf6, 0xdf, 0xff, 0x70, 0xef,
    0xff, 0x62, 0xff, 0xff, 0x40, 0x0, 0x0, 0x0,
    0x0, 0x0, 0x0, 0x0, 0x0, 0xdf, 0xff, 0x70,
    0xef, 0xff, 0x62, 0xff, 0xff, 0x4f, 0xff, 0xfa,
    0x2f, 0xff, 0xf9, 0x4f, 0xff, 0xf6, 0xff, 0xff,
    0xa2, 0xff, 0xff, 0x94, 0xff, 0xff, 0x6d, 0xff,
    0xf7, 0xe, 0xff, 0xf6, 0x2f, 0xff, 0xf4,

    /* U+F00B "" */
    0xdf, 0xff, 0x73, 0xff, 0xff, 0xff, 0xff, 0xfd,
    0xff, 0xff, 0xa5, 0xff, 0xff, 0xff, 0xff, 0xff,
    0xff, 0xff, 0xa5, 0xff, 0xff, 0xff, 0xff, 0xff,
    0xdf, 0xff, 0x73, 0xff, 0xff, 0xff, 0xff, 0xfd,
    0x0, 0x0, 0x0, 0x0, 0x0, 0x0, 0x0, 0x0,
    0xdf, 0xff, 0x73, 0xff, 0xff, 0xff, 0xff, 0xfd,
    0xff, 0xff, 0xa5, 0xff, 0xff, 0xff, 0xff, 0xff,
    0xff, 0xff, 0xa5, 0xff, 0xff, 0xff, 0xff, 0xff,
    0xdf, 0xff, 0x73, 0xff, 0xff, 0xff, 0xff, 0xfd,
    0x0, 0x0, 0x0, 0x0, 0x0, 0x0, 0x0, 0x0,
    0xdf, 0xff, 0x73, 0xff, 0xff, 0xff, 0xff, 0xfd,
    0xff, 0xff, 0xa5, 0xff, 0xff, 0xff, 0xff, 0xff,
    0xff, 0xff, 0xa5, 0xff, 0xff, 0xff, 0xff, 0xff,
    0xdf, 0xff, 0x73, 0xff, 0xff, 0xff, 0xff, 0xfd,

    /* U+F00C "" */
    0x0, 0x0, 0x0, 0x0, 0x0, 0x0, 0xa, 0xb1,
    0x0, 0x0, 0x0, 0x0, 0x0, 0x0, 0xbf, 0xfc,
    0x0, 0x0, 0x0, 0x0, 0x0, 0xb, 0xff, 0xfb,
    0x0, 0x0, 0x0, 0x0, 0x0, 0xbf, 0xff, 0xc0,
    0x1b, 0xa0, 0x0, 0x0, 0xb, 0xff, 0xfc, 0x0,
    0xcf, 0xfb, 0x0, 0x0, 0xbf, 0xff, 0xc0, 0x0,
    0xbf, 0xff, 0xb0, 0xb, 0xff, 0xfc, 0x0, 0x0,
    0xc, 0xff, 0xfb, 0xbf, 0xff, 0xc0, 0x0, 0x0,
    0x0, 0xcf, 0xff, 0xff, 0xfb, 0x0, 0x0, 0x0,
    0x0, 0xc, 0xff, 0xff, 0xb0, 0x0, 0x0, 0x0,
    0x0, 0x0, 0xbf, 0xfb, 0x0, 0x0, 0x0, 0x0,
    0x0, 0x0, 0xb, 0xb0, 0x0, 0x0, 0x0, 0x0,

    /* U+F00D "" */
    0x3, 0x0, 0x0, 0x0, 0x3, 0x8, 0xfc, 0x10,
    0x0, 0x1c, 0xf8, 0xff, 0xfc, 0x10, 0x1c, 0xff,
    0xf5, 0xff, 0xfc, 0x2c, 0xff, 0xf5, 0x5, 0xff,
    0xff, 0xff, 0xf5, 0x0, 0x5, 0xff, 0xff, 0xf5,
    0x0, 0x0, 0x1d, 0xff, 0xfd, 0x10, 0x0, 0x1c,
    0xff, 0xff, 0xfc, 0x10, 0x1c, 0xff, 0xf9, 0xff,
    0xfc, 0x1c, 0xff, 0xf5, 0x5, 0xff, 0xfc, 0xdf,
    0xf5, 0x0, 0x5, 0xff, 0xd1, 0xa4, 0x0, 0x0,
    0x4, 0xa1,

    /* U+F00E "" */
    0x0, 0x3, 0xae, 0xfe, 0xa3, 0x0, 0x0, 0x0,
    0x0, 0x9f, 0xff, 0xff, 0xff, 0x90, 0x0, 0x0,
    0x9, 0xff, 0xc6, 0x46, 0xcf, 0xf9, 0x0, 0x0,
    0x3f, 0xf8, 0x2, 0x40, 0x8, 0xff, 0x30, 0x0,
    0xaf, 0xc0, 0x9, 0xf2, 0x0, 0xcf, 0xa0, 0x0,
    0xef, 0x61, 0x2a, 0xf4, 0x20, 0x6f, 0xe0, 0x0,
    0xff, 0x4b, 0xff, 0xff, 0xf4, 0x4f, 0xf0, 0x0,
    0xef, 0x66, 0x9d, 0xfa, 0x92, 0x6f, 0xe0, 0x0,
    0xaf, 0xc0, 0x9, 0xf2, 0x0, 0xcf, 0xa0, 0x0,
    0x4f, 0xf8, 0x6, 0xb1, 0x8, 0xff, 0x40, 0x0,
    0x9, 0xff, 0xc6, 0x46, 0xcf, 0xfe, 0x40, 0x0,
    0x0, 0x9f, 0xff, 0xff, 0xff, 0xef, 0xf6, 0x0,
    0x0, 0x4, 0xae, 0xfe, 0xa3, 0x5f, 0xff, 0x60,
    0x0, 0x0, 0x0, 0x0, 0x0, 0x7, 0xff, 0xf6,
    0x0, 0x0, 0x0, 0x0, 0x0, 0x0, 0x7f, 0xfe,
    0x0, 0x0, 0x0, 0x0, 0x0, 0x0, 0x7, 0xe3,

    /* U+F010 "" */
    0x0, 0x3, 0xae, 0xfe, 0xa3, 0x0, 0x0, 0x0,
    0x0, 0x9f, 0xff, 0xff, 0xff, 0x90, 0x0, 0x0,
    0x9, 0xff, 0xc6, 0x46, 0xcf, 0xf9, 0x0, 0x0,
    0x3f, 0xf8, 0x0, 0x0, 0x8, 0xff, 0x30, 0x0,
    0xaf, 0xc0, 0x0, 0x0, 0x0, 0xcf, 0xa0, 0x0,
    0xef, 0x66, 0x99, 0x99, 0x92, 0x6f, 0xe0, 0x0,
    0xff, 0x4b, 0xff, 0xff, 0xf4, 0x4f, 0xf0, 0x0,
    0xef, 0x61, 0x22, 0x22, 0x20, 0x6f, 0xe0, 0x0,
    0xaf, 0xc0, 0x0, 0x0, 0x0, 0xcf, 0xa0, 0x0,
    0x4f, 0xf8, 0x0, 0x0, 0x8, 0xff, 0x30, 0x0,
    0x9, 0xff, 0xc6, 0x46, 0xcf, 0xfe, 0x50, 0x0,
    0x0, 0x9f, 0xff, 0xff, 0xff, 0xef, 0xf7, 0x0,
    0x0, 0x4, 0xae, 0xfe, 0xa3, 0x5f, 0xff, 0x70,
    0x0, 0x0, 0x0, 0x0, 0x0, 0x7, 0xff, 0xf6,
    0x0, 0x0, 0x0, 0x0, 0x0, 0x0, 0x7f, 0xfe,
    0x0, 0x0, 0x0, 0x0, 0x0, 0x0, 0x7, 0xe3,

    /* U+F011 "" */
    0x0, 0x0, 0x0, 0x4f, 0xe0, 0x0, 0x0, 0x0,
    0x0, 0x2, 0x10, 0x6f, 0xf1, 0x3, 0x10, 0x0,
    0x0, 0x5f, 0xd0, 0x6f, 0xf1, 0x3f, 0xd1, 0x0,
    0x3, 0xff, 0xf1, 0x6f, 0xf1, 0x5f, 0xfd, 0x0,
    0xd, 0xff, 0x40, 0x6f, 0xf1, 0x9, 0xff, 0x70,
    0x4f, 0xf7, 0x0, 0x6f, 0xf1, 0x0, 0xcf, 0xe0,
    0x9f, 0xf0, 0x0, 0x6f, 0xf1, 0x0, 0x5f, 0xf3,
    0xbf, 0xc0, 0x0, 0x6f, 0xf1, 0x0, 0x2f, 0xf5,
    0xbf, 0xc0, 0x0, 0x4f, 0xe0, 0x0, 0x1f, 0xf6,
    0xaf, 0xe0, 0x0, 0x0, 0x0, 0x0, 0x4f, 0xf4,
    0x6f, 0xf4, 0x0, 0x0, 0x0, 0x0, 0xaf, 0xf0,
    0xf, 0xfe, 0x10, 0x0, 0x0, 0x5, 0xff, 0xa0,
    0x6, 0xff, 0xd3, 0x0, 0x0, 0x7f, 0xff, 0x20,
    0x0, 0x9f, 0xff, 0xda, 0xbe, 0xff, 0xf4, 0x0,
    0x0, 0x6, 0xff, 0xff, 0xff, 0xfd, 0x30, 0x0,
    0x0, 0x0, 0x17, 0xbd, 0xca, 0x50, 0x0, 0x0,

    /* U+F012 "" */
    0x0, 0x0, 0x0, 0x0, 0x0, 0x0, 0x0, 0x0,
    0xf, 0xf5, 0x0, 0x0, 0x0, 0x0, 0x0, 0x0,
    0x0, 0x0, 0x1f, 0xf6, 0x0, 0x0, 0x0, 0x0,
    0x0, 0x0, 0x0, 0x0, 0x1f, 0xf6, 0x0, 0x0,
    0x0, 0x0, 0x0, 0x0, 0xf, 0xf5, 0x1f, 0xf6,
    0x0, 0x0, 0x0, 0x0, 0x0, 0x0, 0x1f, 0xf6,
    0x1f, 0xf6, 0x0, 0x0, 0x0, 0x0, 0x0, 0x0,
    0x1f, 0xf6, 0x1f, 0xf6, 0x0, 0x0, 0x0, 0x0,
    0xf, 0xf5, 0x1f, 0xf6, 0x1f, 0xf6, 0x0, 0x0,
    0x0, 0x0, 0x1f, 0xf6, 0x1f, 0xf6, 0x1f, 0xf6,
    0x0, 0x0, 0x0, 0x0, 0x1f, 0xf6, 0x1f, 0xf6,
    0x1f, 0xf6, 0x0, 0x0, 0xf, 0xf5, 0x1f, 0xf6,
    0x1f, 0xf6, 0x1f, 0xf6, 0x0, 0x0, 0x1f, 0xf6,
    0x1f, 0xf6, 0x1f, 0xf6, 0x1f, 0xf6, 0x0, 0x0,
    0x1f, 0xf6, 0x1f, 0xf6, 0x1f, 0xf6, 0x1f, 0xf6,
    0xf, 0xf5, 0x1f, 0xf6, 0x1f, 0xf6, 0x1f, 0xf6,
    0x1f, 0xf6, 0x1f, 0xf6, 0x1f, 0xf6, 0x1f, 0xf6,
    0x1f, 0xf6, 0x1f, 0xf6, 0x1f, 0xf6, 0x1f, 0xf6,
    0x1f, 0xf6, 0x1f, 0xf6, 0x1f, 0xf6, 0xf, 0xf5,
    0xf, 0xf5, 0xf, 0xf5, 0xf, 0xf5, 0xf, 0xf5,

    /* U+F013 "" */
    0x0, 0x0, 0x0, 0x8b, 0xb8, 0x0, 0x0, 0x0,
    0x0, 0x0, 0x0, 0xff, 0xff, 0x0, 0x0, 0x0,
    0x0, 0x30, 0x6, 0xff, 0xff, 0x60, 0x3, 0x0,
    0x4, 0xfd, 0xdf, 0xff, 0xff, 0xfd, 0xef, 0x40,
    0xd, 0xff, 0xff, 0xff, 0xff, 0xff, 0xff, 0xd0,
    0x4f, 0xff, 0xff, 0xf9, 0x9f, 0xff, 0xff, 0xf4,
    0x8, 0xff, 0xff, 0x20, 0x2, 0xff, 0xff, 0x80,
    0x0, 0xff, 0xf9, 0x0, 0x0, 0x9f, 0xff, 0x0,
    0x0, 0xff, 0xf9, 0x0, 0x0, 0x9f, 0xff, 0x0,
    0x8, 0xff, 0xff, 0x20, 0x2, 0xff, 0xff, 0x80,
    0x4f, 0xff, 0xff, 0xf9, 0x9f, 0xff, 0xff, 0xf4,
    0xd, 0xff, 0xff, 0xff, 0xff, 0xff, 0xff, 0xd0,
    0x4, 0xfe, 0xdf, 0xff, 0xff, 0xfd, 0xdf, 0x40,
    0x0, 0x30, 0x6, 0xff, 0xff, 0x60, 0x3, 0x0,
    0x0, 0x0, 0x0, 0xff, 0xff, 0x0, 0x0, 0x0,
    0x0, 0x0, 0x0, 0x8b, 0xb8, 0x0, 0x0, 0x0,

    /* U+F015 "" */
    0x0, 0x0, 0x0, 0x3, 0xdd, 0x30, 0x3f, 0xf3,
    0x0, 0x0, 0x0, 0x0, 0x6f, 0xff, 0xf5, 0x4f,
    0xf4, 0x0, 0x0, 0x0, 0x9, 0xff, 0x99, 0xff,
    0xbf, 0xf4, 0x0, 0x0, 0x1, 0xbf, 0xf6, 0x22,
    0x6f, 0xff, 0xf4, 0x0, 0x0, 0x2d, 0xfe, 0x35,
    0xff, 0x53, 0xef, 0xf4, 0x0, 0x4, 0xff, 0xc1,
    0x8f, 0xff, 0xf8, 0x1c, 0xfe, 0x40, 0x7f, 0xfa,
    0x1a, 0xff, 0xff, 0xff, 0xa1, 0xaf, 0xf7, 0xcf,
    0x82, 0xdf, 0xff, 0xff, 0xff, 0xfd, 0x28, 0xfc,
    0x14, 0xe, 0xff, 0xff, 0xff, 0xff, 0xff, 0xe0,
    0x41, 0x0, 0xf, 0xff, 0xff, 0xff, 0xff, 0xff,
    0xf0, 0x0, 0x0, 0xf, 0xff, 0xf9, 0x0, 0x8f,
    0xff, 0xf0, 0x0, 0x0, 0xf, 0xff, 0xf8, 0x0,
    0x8f, 0xff, 0xf0, 0x0, 0x0, 0xf, 0xff, 0xf8,
    0x0, 0x8f, 0xff, 0xf0, 0x0, 0x0, 0xe, 0xff,
    0xf6, 0x0, 0x6f, 0xff, 0xe0, 0x0,

    /* U+F017 "" */
    0x0, 0x0, 0x18, 0xce, 0xec, 0x81, 0x0, 0x0,
    0x0, 0x7, 0xff, 0xff, 0xff, 0xff, 0x70, 0x0,
    0x0, 0x9f, 0xff, 0xff, 0xff, 0xff, 0xf9, 0x0,
    0x6, 0xff, 0xff, 0xf0, 0xf, 0xff, 0xff, 0x60,
    0xe, 0xff, 0xff, 0xe0, 0xe, 0xff, 0xff, 0xe0,
    0x5f, 0xff, 0xff, 0xe0, 0xe, 0xff, 0xff, 0xf5,
    0x9f, 0xff, 0xff, 0xe0, 0xe, 0xff, 0xff, 0xf9,
    0xaf, 0xff, 0xff, 0xe0, 0xd, 0xff, 0xff, 0xfa,
    0xaf, 0xff, 0xff, 0xf0, 0x1, 0xbf, 0xff, 0xfa,
    0x8f, 0xff, 0xff, 0xfb, 0x10, 0xe, 0xff, 0xf8,
    0x3f, 0xff, 0xff, 0xff, 0xe3, 0x6f, 0xff, 0xf3,
    0xc, 0xff, 0xff, 0xff, 0xff, 0xff, 0xff, 0xc0,
    0x2, 0xff, 0xff, 0xff, 0xff, 0xff, 0xff, 0x20,
    0x0, 0x3e, 0xff, 0xff, 0xff, 0xff, 0xe3, 0x0,
    0x0, 0x2, 0xbf, 0xff, 0xff, 0xfb, 0x20, 0x0,
    0x0, 0x0, 0x1, 0x68, 0x86, 0x10, 0x0, 0x0,

    /* U+F018 "" */
    0x0, 0x0, 0x6, 0xff, 0xf5, 0x5f, 0xff, 0x60,
    0x0, 0x0, 0x0, 0x0, 0xe, 0xff, 0xff, 0xff,
    0xff, 0xe0, 0x0, 0x0, 0x0, 0x0, 0x5f, 0xff,
    0xf1, 0x2f, 0xff, 0xf5, 0x0, 0x0, 0x0, 0x0,
    0xcf, 0xff, 0xf0, 0xf, 0xff, 0xfc, 0x0, 0x0,
    0x0, 0x3, 0xff, 0xff, 0xff, 0xff, 0xff, 0xff,
    0x30, 0x0, 0x0, 0xa, 0xff, 0xff, 0xd0, 0xd,
    0xff, 0xff, 0xa0, 0x0, 0x0, 0x2f, 0xff, 0xff,
    0xb0, 0xb, 0xff, 0xff, 0xf2, 0x0, 0x0, 0x8f,
    0xff, 0xff, 0xc4, 0x4c, 0xff, 0xff, 0xf8, 0x0,
    0x0, 0xff, 0xff, 0xff, 0xeb, 0xbe, 0xff, 0xff,
    0xff, 0x0, 0x6, 0xff, 0xff, 0xff, 0x60, 0x6,
    0xff, 0xff, 0xff, 0x60, 0xd, 0xff, 0xff, 0xff,
    0x40, 0x4, 0xff, 0xff, 0xff, 0xd0, 0xc, 0xff,
    0xff, 0xff, 0x20, 0x2, 0xff, 0xff, 0xff, 0xc0,

    /* U+F019 "" */
    0x0, 0x0, 0x0, 0xdf, 0xfd, 0x0, 0x0, 0x0,
    0x0, 0x0, 0x0, 0xff, 0xff, 0x0, 0x0, 0x0,
    0x0, 0x0, 0x0, 0xff, 0xff, 0x0, 0x0, 0x0,
    0x0, 0x0, 0x0, 0xff, 0xff, 0x0, 0x0, 0x0,
    0x0, 0x0, 0x0, 0xff, 0xff, 0x0, 0x0, 0x0,
    0x0, 0x0, 0x0, 0xff, 0xff, 0x0, 0x0, 0x0,
    0x0, 0x4f, 0xff, 0xff, 0xff, 0xff, 0xf4, 0x0,
    0x0, 0xb, 0xff, 0xff, 0xff, 0xff, 0xb0, 0x0,
    0x0, 0x0, 0xbf, 0xff, 0xff, 0xfb, 0x0, 0x0,
    0x0, 0x0, 0xb, 0xff, 0xff, 0xb0, 0x0, 0x0,
    0x0, 0x0, 0x0, 0xbf, 0xfb, 0x0, 0x0, 0x0,
    0xdf, 0xff, 0xfc, 0x1b, 0xb1, 0xcf, 0xff, 0xfd,
    0xff, 0xff, 0xff, 0xc2, 0x2c, 0xff, 0xff, 0xff,
    0xff, 0xff, 0xff, 0xff, 0xff, 0xff, 0xff, 0xff,
    0xff, 0xff, 0xff, 0xff, 0xff, 0xf0, 0xe0, 0xff,
    0xdf, 0xff, 0xff, 0xff, 0xff, 0xff, 0xff, 0xfd,

    /* U+F01C "" */
    0x0, 0x4, 0xef, 0xff, 0xff, 0xff, 0xfe, 0x40,
    0x0, 0x0, 0x1e, 0xff, 0xff, 0xff, 0xff, 0xff,
    0xe1, 0x0, 0x0, 0xaf, 0xb0, 0x0, 0x0, 0x0,
    0xb, 0xfa, 0x0, 0x5, 0xff, 0x10, 0x0, 0x0,
    0x0, 0x1, 0xff, 0x50, 0x1e, 0xf6, 0x0, 0x0,
    0x0, 0x0, 0x0, 0x6f, 0xe1, 0xaf, 0xb0, 0x0,
    0x0, 0x0, 0x0, 0x0, 0xb, 0xfa, 0xff, 0xff,
    0xff, 0x70, 0x0, 0x8, 0xff, 0xff, 0xff, 0xff,
    0xff, 0xff, 0xe0, 0x0, 0xf, 0xff, 0xff, 0xff,
    0xff, 0xff, 0xff, 0xff, 0xff, 0xff, 0xff, 0xff,
    0xff, 0xff, 0xff, 0xff, 0xff, 0xff, 0xff, 0xff,
    0xff, 0xff, 0xff, 0xff, 0xff, 0xff, 0xff, 0xff,
    0xff, 0xff, 0xff, 0x8f, 0xff, 0xff, 0xff, 0xff,
    0xff, 0xff, 0xff, 0xf8,

    /* U+F01E "" */
    0x0, 0x0, 0x16, 0xbd, 0xca, 0x50, 0x3, 0xff,
    0x0, 0x5, 0xef, 0xff, 0xff, 0xfd, 0x42, 0xff,
    0x0, 0x7f, 0xfe, 0x97, 0x7b, 0xff, 0xf9, 0xff,
    0x5, 0xff, 0xa1, 0x0, 0x0, 0x2c, 0xff, 0xff,
    0xe, 0xfb, 0x0, 0x0, 0x2, 0x22, 0xdf, 0xff,
    0x5f, 0xf1, 0x0, 0x0, 0xf, 0xff, 0xff, 0xff,
    0x9f, 0xb0, 0x0, 0x0, 0xf, 0xff, 0xff, 0xff,
    0xbf, 0x80, 0x0, 0x0, 0x0, 0x0, 0x0, 0x0,
    0xbf, 0x80, 0x0, 0x0, 0x0, 0x0, 0x0, 0x0,
    0x9f, 0xb0, 0x0, 0x0, 0x0, 0x0, 0x0, 0x0,
    0x5f, 0xf1, 0x0, 0x0, 0x0, 0x0, 0x0, 0x0,
    0xe, 0xfb, 0x0, 0x0, 0x0, 0x0, 0x0, 0x0,
    0x5, 0xff, 0xa1, 0x0, 0x0, 0x1a, 0x60, 0x0,
    0x0, 0x8f, 0xfe, 0x96, 0x7a, 0xff, 0xf2, 0x0,
    0x0, 0x5, 0xff, 0xff, 0xff, 0xfe, 0x50, 0x0,
    0x0, 0x0, 0x17, 0xbd, 0xca, 0x50, 0x0, 0x0,

    /* U+F021 "" */
    0x0, 0x0, 0x6, 0xbd, 0xda, 0x50, 0x2, 0xff,
    0x0, 0x5, 0xef, 0xff, 0xff, 0xfe, 0x42, 0xff,
    0x0, 0x7f, 0xff, 0xa7, 0x7b, 0xff, 0xf9, 0xff,
    0x5, 0xff, 0xc1, 0x0, 0x0, 0x2c, 0xff, 0xff,
    0xe, 0xfc, 0x0, 0x0, 0x2, 0x22, 0xdf, 0xff,
    0x5f, 0xf2, 0x0, 0x0, 0xf, 0xff, 0xff, 0xff,
    0x8f, 0xb0, 0x0, 0x0, 0xf, 0xff, 0xff, 0xff,
    0x0, 0x0, 0x0, 0x0, 0x0, 0x0, 0x0, 0x0,
    0x0, 0x0, 0x0, 0x0, 0x0, 0x0, 0x0, 0x0,
    0xff, 0xff, 0xff, 0xf0, 0x0, 0x0, 0xb, 0xf8,
    0xff, 0xff, 0xff, 0xf0, 0x0, 0x0, 0x2f, 0xf4,
    0xff, 0xfd, 0x22, 0x20, 0x0, 0x0, 0xcf, 0xe0,
    0xff, 0xff, 0xc2, 0x0, 0x0, 0x2c, 0xff, 0x40,
    0xff, 0x9f, 0xff, 0xb7, 0x6a, 0xff, 0xf7, 0x0,
    0xff, 0x24, 0xdf, 0xff, 0xff, 0xfe, 0x50, 0x0,
    0xff, 0x20, 0x5, 0xac, 0xdb, 0x60, 0x0, 0x0,

    /* U+F022 "" */
    0x8f, 0xff, 0xff, 0xff, 0xff, 0xff, 0xff, 0xf8,
    0xff, 0xff, 0xff, 0xff, 0xff, 0xff, 0xff, 0xff,
    0xff, 0xfe, 0xef, 0xff, 0xff, 0xff, 0xff, 0xff,
    0xff, 0xe0, 0xe, 0x22, 0x22, 0x22, 0x2f, 0xff,
    0xff, 0xe0, 0xe, 0x22, 0x22, 0x22, 0x2f, 0xff,
    0xff, 0xfc, 0xcf, 0xff, 0xff, 0xff, 0xff, 0xff,
    0xff, 0xe0, 0xe, 0x22, 0x22, 0x22, 0x2f, 0xff,
    0xff, 0xe0, 0xe, 0x22, 0x22, 0x22, 0x2f, 0xff,
    0xff, 0xfc, 0xcf, 0xff, 0xff, 0xff, 0xff, 0xff,
    0xff, 0xe0, 0xe, 0x22, 0x22, 0x22, 0x2f, 0xff,
    0xff, 0xe0, 0xe, 0x22, 0x22, 0x22, 0x2f, 0xff,
    0xff, 0xfe, 0xef, 0xff, 0xff, 0xff, 0xff, 0xff,
    0xff, 0xff, 0xff, 0xff, 0xff, 0xff, 0xff, 0xff,
    0x8f, 0xff, 0xff, 0xff, 0xff, 0xff, 0xff, 0xf8,

    /* U+F023 "" */
    0x0, 0x0, 0x4b, 0xff, 0xb4, 0x0, 0x0, 0x0,
    0x6, 0xff, 0xff, 0xff, 0x60, 0x0, 0x0, 0x2f,
    0xff, 0x99, 0xff, 0xf2, 0x0, 0x0, 0x9f, 0xf3,
    0x0, 0x3f, 0xf9, 0x0, 0x0, 0xbf, 0xc0, 0x0,
    0xc, 0xfb, 0x0, 0x0, 0xcf, 0xc0, 0x0, 0xc,
    0xfc, 0x0, 0x0, 0xcf, 0xc0, 0x0, 0xc, 0xfc,
    0x0, 0x8f, 0xff, 0xff, 0xff, 0xff, 0xff, 0xf8,
    0xff, 0xff, 0xff, 0xff, 0xff, 0xff, 0xff, 0xff,
    0xff, 0xff, 0xff, 0xff, 0xff, 0xff, 0xff, 0xff,
    0xff, 0xff, 0xff, 0xff, 0xff, 0xff, 0xff, 0xff,
    0xff, 0xff, 0xff, 0xff, 0xff, 0xff, 0xff, 0xff,
    0xff, 0xff, 0xff, 0xff, 0xff, 0xff, 0xff, 0xff,
    0xff, 0xff, 0xff, 0xff, 0xff, 0xff, 0xff, 0xff,
    0xff, 0x8f, 0xff, 0xff, 0xff, 0xff, 0xff, 0xf8,

    /* U+F024 "" */
    0x0, 0x0, 0x0, 0x0, 0x0, 0x0, 0x0, 0x0,
    0x3e, 0xe3, 0x0, 0x0, 0x0, 0x0, 0x0, 0x0,
    0xbf, 0xfb, 0x0, 0x0, 0x0, 0x0, 0x0, 0x0,
    0x8f, 0xfe, 0xdf, 0xeb, 0x72, 0x0, 0x27, 0xdc,
    0xf, 0xff, 0xff, 0xff, 0xff, 0xff, 0xff, 0xff,
    0xf, 0xff, 0xff, 0xff, 0xff, 0xff, 0xff, 0xff,
    0xf, 0xff, 0xff, 0xff, 0xff, 0xff, 0xff, 0xff,
    0xf, 0xff, 0xff, 0xff, 0xff, 0xff, 0xff, 0xff,
    0xf, 0xff, 0xff, 0xff, 0xff, 0xff, 0xff, 0xff,
    0xf, 0xff, 0xff, 0xff, 0xff, 0xff, 0xff, 0xff,
    0xf, 0xff, 0xff, 0xff, 0xff, 0xff, 0xff, 0xff,
    0xf, 0xff, 0xff, 0xff, 0xff, 0xff, 0xff, 0xff,
    0xf, 0xff, 0xdb, 0x9b, 0xff, 0xff, 0xff, 0xf6,
    0xf, 0xf2, 0x0, 0x0, 0x4, 0x8a, 0x96, 0x10,
    0xf, 0xf0, 0x0, 0x0, 0x0, 0x0, 0x0, 0x0,
    0xf, 0xf0, 0x0, 0x0, 0x0, 0x0, 0x0, 0x0,
    0xd, 0xd0, 0x0, 0x0, 0x0, 0x0, 0x0, 0x0,

    /* U+F025 "" */
    0x0, 0x0, 0x39, 0xdf, 0xfd, 0x93, 0x0, 0x0,
    0x0, 0x9, 0xff, 0xff, 0xff, 0xff, 0x90, 0x0,
    0x0, 0xbf, 0xf9, 0x30, 0x3, 0x9f, 0xfb, 0x0,
    0x9, 0xfe, 0x30, 0x0, 0x0, 0x3, 0xef, 0x90,
    0x3f, 0xf3, 0x0, 0x0, 0x0, 0x0, 0x3f, 0xf3,
    0x9f, 0x90, 0x0, 0x0, 0x0, 0x0, 0x9, 0xf9,
    0xdf, 0x30, 0x0, 0x0, 0x0, 0x0, 0x3, 0xfd,
    0xff, 0x6d, 0xfd, 0x0, 0x0, 0xdf, 0xd6, 0xff,
    0xff, 0xff, 0xff, 0x0, 0x0, 0xff, 0xff, 0xff,
    0xff, 0xff, 0xff, 0x0, 0x0, 0xff, 0xff, 0xff,
    0x4f, 0xff, 0xff, 0x0, 0x0, 0xff, 0xff, 0xf4,
    0xc, 0xff, 0xff, 0x0, 0x0, 0xff, 0xff, 0xc0,
    0x4, 0xff, 0xff, 0x0, 0x0, 0xff, 0xff, 0x40,
    0x0, 0x4c, 0xfd, 0x0, 0x0, 0xdf, 0xc4, 0x0,

    /* U+F026 "" */
    0x0, 0x0, 0x0, 0x0, 0x0, 0x0, 0x0, 0x8d,
    0x0, 0x0, 0x8, 0xff, 0x0, 0x0, 0x8f, 0xff,
    0xdf, 0xff, 0xff, 0xff, 0xff, 0xff, 0xff, 0xff,
    0xff, 0xff, 0xff, 0xff, 0xff, 0xff, 0xff, 0xff,
    0xff, 0xff, 0xff, 0xff, 0xdf, 0xff, 0xff, 0xff,
    0x0, 0x0, 0x9f, 0xff, 0x0, 0x0, 0x9, 0xff,
    0x0, 0x0, 0x0, 0x8d, 0x0, 0x0, 0x0, 0x0,

    /* U+F027 "" */
    0x0, 0x0, 0x0, 0x0, 0x0, 0x0, 0x0, 0x0,
    0x0, 0x8d, 0x0, 0x0, 0x0, 0x0, 0x8, 0xff,
    0x0, 0x0, 0x0, 0x0, 0x8f, 0xff, 0x0, 0x0,
    0xcf, 0xff, 0xff, 0xff, 0x1, 0x50, 0xff, 0xff,
    0xff, 0xff, 0x6, 0xf7, 0xff, 0xff, 0xff, 0xff,
    0x0, 0xbe, 0xff, 0xff, 0xff, 0xff, 0x0, 0xae,
    0xff, 0xff, 0xff, 0xff, 0x5, 0xf8, 0xdf, 0xff,
    0xff, 0xff, 0x2, 0x60, 0x0, 0x0, 0x9f, 0xff,
    0x0, 0x0, 0x0, 0x0, 0x9, 0xff, 0x0, 0x0,
    0x0, 0x0, 0x0, 0x9e, 0x0, 0x0, 0x0, 0x0,
    0x0, 0x0, 0x0, 0x0,

    /* U+F028 "" */
    0x0, 0x0, 0x0, 0x0, 0x0, 0x0, 0x6, 0x10,
    0x0, 0x0, 0x0, 0x0, 0x0, 0x0, 0x0, 0x1f,
    0xd2, 0x0, 0x0, 0x0, 0x0, 0x8d, 0x0, 0x0,
    0x3, 0xee, 0x10, 0x0, 0x0, 0x8, 0xff, 0x0,
    0xa, 0xb1, 0x2f, 0xb0, 0x0, 0x0, 0x8f, 0xff,
    0x0, 0x5, 0xfc, 0x7, 0xf4, 0xdf, 0xff, 0xff,
    0xff, 0x2, 0x50, 0x5f, 0x60, 0xf9, 0xff, 0xff,
    0xff, 0xff, 0x6, 0xf7, 0xd, 0xc0, 0xbd, 0xff,
    0xff, 0xff, 0xff, 0x0, 0xae, 0x9, 0xf0, 0x9f,
    0xff, 0xff, 0xff, 0xff, 0x0, 0xae, 0x9, 0xe0,
    0x8f, 0xff, 0xff, 0xff, 0xff, 0x6, 0xf7, 0xd,
    0xc0, 0xad, 0xdf, 0xff, 0xff, 0xff, 0x2, 0x50,
    0x5f, 0x60, 0xe9, 0x0, 0x0, 0x9f, 0xff, 0x0,
    0x5, 0xfc, 0x6, 0xf4, 0x0, 0x0, 0x9, 0xff,
    0x0, 0xa, 0xb1, 0x2f, 0xb0, 0x0, 0x0, 0x0,
    0x8d, 0x0, 0x0, 0x2, 0xee, 0x10, 0x0, 0x0,
    0x0, 0x0, 0x0, 0x0, 0x1f, 0xd2, 0x0, 0x0,
    0x0, 0x0, 0x0, 0x0, 0x0, 0x6, 0x10, 0x0,

    /* U+F029 "" */
    0xff, 0xff, 0xff, 0x0, 0xff, 0xff, 0xff, 0xff,
    0xff, 0xff, 0x0, 0xff, 0xff, 0xff, 0xff, 0x0,
    0xff, 0x0, 0xff, 0x0, 0xff, 0xff, 0x0, 0xff,
    0x0, 0xff, 0x0, 0xff, 0xff, 0xff, 0xff, 0x0,
    0xff, 0xff, 0xff, 0xff, 0xff, 0xff, 0x0, 0xff,
    0xff, 0xff, 0x0, 0x0, 0x0, 0x0, 0x0, 0x0,
    0x0, 0x0, 0x0, 0x0, 0x0, 0x0, 0x0, 0x0,
    0xff, 0xff, 0xff, 0x0, 0xff, 0xf0, 0xf, 0xff,
    0xff, 0xff, 0x0, 0xff, 0xff, 0xff, 0xff, 0x0,
    0xff, 0x0, 0xff, 0xff, 0xff, 0xff, 0x0, 0xff,
    0x0, 0xff, 0xf, 0xff, 0xff, 0xff, 0xff, 0x0,
    0xff, 0x0, 0x0, 0xff, 0xff, 0xff, 0x0, 0xff,
    0xf, 0xf,

    /* U+F02A "" */
    0xb6, 0x4, 0x94, 0x82, 0x98, 0x98, 0xa3, 0xbb,
    0x2b, 0x60, 0x49, 0x48, 0x29, 0x89, 0x8a, 0x3b,
    0xb2, 0xb6, 0x4, 0x94, 0x82, 0x98, 0x98, 0xa3,
    0xbb, 0x2b, 0x60, 0x49, 0x48, 0x29, 0x89, 0x8a,
    0x3b, 0xb2, 0xb6, 0x4, 0x94, 0x82, 0x98, 0x98,
    0xa3, 0xbb, 0x2b, 0x60, 0x49, 0x48, 0x29, 0x89,
    0x8a, 0x3b, 0xb2, 0xb6, 0x4, 0x94, 0x82, 0x98,
    0x98, 0xa3, 0xbb, 0x2b, 0x60, 0x49, 0x48, 0x29,
    0x89, 0x8a, 0x3b, 0xb2, 0xb6, 0x4, 0x94, 0x82,
    0x98, 0x98, 0xa3, 0xbb, 0x2b, 0x60, 0x49, 0x48,
    0x29, 0x89, 0x8a, 0x3b, 0xb2, 0xb6, 0x4, 0x94,
    0x82, 0x98, 0x98, 0xa3, 0xbb, 0x2b, 0x60, 0x49,
    0x48, 0x29, 0x89, 0x8a, 0x3b, 0xb2,

    /* U+F02B "" */
    0x8f, 0xff, 0xff, 0xff, 0xc1, 0x0, 0x0, 0x0,
    0xff, 0xff, 0xff, 0xff, 0xfd, 0x10, 0x0, 0x0,
    0xff, 0x70, 0x7f, 0xff, 0xff, 0xd1, 0x0, 0x0,
    0xff, 0x0, 0xf, 0xff, 0xff, 0xfd, 0x10, 0x0,
    0xff, 0x70, 0x7f, 0xff, 0xff, 0xff, 0xd1, 0x0,
    0xff, 0xff, 0xff, 0xff, 0xff, 0xff, 0xfd, 0x10,
    0xff, 0xff, 0xff, 0xff, 0xff, 0xff, 0xff, 0xd1,
    0xff, 0xff, 0xff, 0xff, 0xff, 0xff, 0xff, 0xfc,
    0xcf, 0xff, 0xff, 0xff, 0xff, 0xff, 0xff, 0xfe,
    0x2e, 0xff, 0xff, 0xff, 0xff, 0xff, 0xff, 0xf4,
    0x2, 0xef, 0xff, 0xff, 0xff, 0xff, 0xff, 0x40,
    0x0, 0x2e, 0xff, 0xff, 0xff, 0xff, 0xf4, 0x0,
    0x0, 0x2, 0xef, 0xff, 0xff, 0xff, 0x40, 0x0,
    0x0, 0x0, 0x2e, 0xff, 0xff, 0xf4, 0x0, 0x0,
    0x0, 0x0, 0x2, 0xef, 0xff, 0x40, 0x0, 0x0,
    0x0, 0x0, 0x0, 0x2c, 0xe4, 0x0, 0x0, 0x0,

    /* U+F02C "" */
    0x8f, 0xff, 0xff, 0xff, 0xc1, 0x3f, 0xc1, 0x0,
    0x0, 0x0, 0xff, 0xff, 0xff, 0xff, 0xfd, 0x13,
    0xfd, 0x10, 0x0, 0x0, 0xff, 0x70, 0x7f, 0xff,
    0xff, 0xd1, 0x3e, 0xd1, 0x0, 0x0, 0xff, 0x0,
    0xf, 0xff, 0xff, 0xfd, 0x13, 0xed, 0x10, 0x0,
    0xff, 0x70, 0x7f, 0xff, 0xff, 0xff, 0xd1, 0x3e,
    0xd1, 0x0, 0xff, 0xff, 0xff, 0xff, 0xff, 0xff,
    0xfd, 0x13, 0xed, 0x10, 0xff, 0xff, 0xff, 0xff,
    0xff, 0xff, 0xff, 0xd1, 0x4f, 0xd1, 0xff, 0xff,
    0xff, 0xff, 0xff, 0xff, 0xff, 0xfc, 0xc, 0xfc,
    0xcf, 0xff, 0xff, 0xff, 0xff, 0xff, 0xff, 0xfe,
    0xc, 0xfe, 0x2e, 0xff, 0xff, 0xff, 0xff, 0xff,
    0xff, 0xf4, 0x2f, 0xf4, 0x2, 0xef, 0xff, 0xff,
    0xff, 0xff, 0xff, 0x41, 0xcf, 0x40, 0x0, 0x2e,
    0xff, 0xff, 0xff, 0xff, 0xf4, 0x1c, 0xf4, 0x0,
    0x0, 0x2, 0xef, 0xff, 0xff, 0xff, 0x41, 0xcf,
    0x40, 0x0, 0x0, 0x0, 0x2e, 0xff, 0xff, 0xf4,
    0x1c, 0xf4, 0x0, 0x0, 0x0, 0x0, 0x2, 0xef,
    0xff, 0x41, 0xcf, 0x40, 0x0, 0x0, 0x0, 0x0,
    0x0, 0x2c, 0xe4, 0x9, 0xe4, 0x0, 0x0, 0x0,

    /* U+F02D "" */
    0x8, 0xef, 0xff, 0xff, 0xff, 0xff, 0xfd, 0x8f,
    0xff, 0xff, 0xff, 0xff, 0xff, 0xff, 0xef, 0xff,
    0xff, 0xff, 0xff, 0xff, 0xff, 0xff, 0xff, 0xff,
    0xff, 0xff, 0xff, 0xff, 0xff, 0xff, 0x0, 0x0,
    0x0, 0xf, 0xff, 0xff, 0xff, 0xff, 0xff, 0xff,
    0xff, 0xff, 0xff, 0xff, 0x0, 0x0, 0x0, 0xf,
    0xff, 0xff, 0xff, 0xff, 0xff, 0xff, 0xff, 0xff,
    0xff, 0xff, 0xff, 0xff, 0xff, 0xff, 0xff, 0xff,
    0xff, 0xff, 0xff, 0xff, 0xff, 0xff, 0xff, 0xff,
    0xff, 0xff, 0xff, 0xff, 0xff, 0xff, 0xff, 0xff,
    0xff, 0xff, 0xff, 0xfe, 0xff, 0x30, 0x0, 0x0,
    0x0, 0x1, 0xfa, 0xef, 0x30, 0x0, 0x0, 0x0,
    0x1, 0xfa, 0x8f, 0xff, 0xff, 0xff, 0xff, 0xff,
    0xfe, 0x8, 0xef, 0xff, 0xff, 0xff, 0xff, 0xfd,

    /* U+F02E "" */
    0x8f, 0xff, 0xff, 0xff, 0xff, 0xf8, 0xff, 0xff,
    0xff, 0xff, 0xff, 0xff, 0xff, 0xff, 0xff, 0xff,
    0xff, 0xff, 0xff, 0xff, 0xff, 0xff, 0xff, 0xff,
    0xff, 0xff, 0xff, 0xff, 0xff, 0xff, 0xff, 0xff,
    0xff, 0xff, 0xff, 0xff, 0xff, 0xff, 0xff, 0xff,
    0xff, 0xff, 0xff, 0xff, 0xff, 0xff, 0xff, 0xff,
    0xff, 0xff, 0xff, 0xff, 0xff, 0xff, 0xff, 0xff,
    0xff, 0xff, 0xff, 0xff, 0xff, 0xff, 0xff, 0xff,
    0xff, 0xff, 0xff, 0xff, 0xff, 0xff, 0xff, 0xff,
    0xff, 0xff, 0xfc, 0xcf, 0xff, 0xff, 0xff, 0xfe,
    0x60, 0x6, 0xef, 0xff, 0xff, 0x80, 0x0, 0x0,
    0x8, 0xff, 0xb2, 0x0, 0x0, 0x0, 0x0, 0x2b,

    /* U+F02F "" */
    0x0, 0xcf, 0xff, 0xff, 0xff, 0xff, 0x70, 0x0,
    0x0, 0xff, 0xff, 0xff, 0xff, 0xff, 0xf7, 0x0,
    0x0, 0xff, 0x0, 0x0, 0x0, 0xff, 0xff, 0x0,
    0x0, 0xff, 0x0, 0x0, 0x0, 0xef, 0xff, 0x0,
    0x0, 0xff, 0x0, 0x0, 0x0, 0x0, 0xff, 0x0,
    0x0, 0xff, 0x0, 0x0, 0x0, 0x0, 0xff, 0x0,
    0x4e, 0xff, 0x0, 0x0, 0x0, 0x0, 0xff, 0xe4,
    0xef, 0xff, 0xff, 0xff, 0xff, 0xff, 0xfd, 0xfe,
    0xff, 0xff, 0xff, 0xff, 0xff, 0xff, 0xd0, 0xdf,
    0xff, 0xff, 0xff, 0xff, 0xff, 0xff, 0xfd, 0xff,
    0xff, 0xff, 0xff, 0xff, 0xff, 0xff, 0xff, 0xff,
    0xef, 0xff, 0x0, 0x0, 0x0, 0x0, 0xff, 0xfe,
    0x0, 0xff, 0x0, 0x0, 0x0, 0x0, 0xff, 0x0,
    0x0, 0xff, 0x0, 0x0, 0x0, 0x0, 0xff, 0x0,
    0x0, 0xff, 0xff, 0xff, 0xff, 0xff, 0xff, 0x0,
    0x0, 0xcf, 0xff, 0xff, 0xff, 0xff, 0xfc, 0x0,

    /* U+F030 "" */
    0x0, 0x0, 0x1d, 0xff, 0xff, 0xd1, 0x0, 0x0,
    0x0, 0x0, 0x9f, 0xff, 0xff, 0xf9, 0x0, 0x0,
    0x8f, 0xff, 0xff, 0xff, 0xff, 0xff, 0xff, 0xf8,
    0xff, 0xff, 0xff, 0xff, 0xff, 0xff, 0xff, 0xff,
    0xff, 0xff, 0xff, 0x94, 0x49, 0xff, 0xff, 0xff,
    0xff, 0xff, 0xf4, 0x28, 0x82, 0x4f, 0xff, 0xff,
    0xff, 0xff, 0x93, 0xff, 0xff, 0x29, 0xff, 0xff,
    0xff, 0xff, 0x4a, 0xff, 0xff, 0x94, 0xff, 0xff,
    0xff, 0xff, 0x4b, 0xff, 0xff, 0xa4, 0xff, 0xff,
    0xff, 0xff, 0x95, 0xff, 0xff, 0x49, 0xff, 0xff,
    0xff, 0xff, 0xf4, 0x5c, 0xc5, 0x4f, 0xff, 0xff,
    0xff, 0xff, 0xff, 0x94, 0x49, 0xff, 0xff, 0xff,
    0xff, 0xff, 0xff, 0xff, 0xff, 0xff, 0xff, 0xff,
    0x8f, 0xff, 0xff, 0xff, 0xff, 0xff, 0xff, 0xf8,

    /* U+F031 "" */
    0x0, 0x0, 0x7, 0xff, 0x70, 0x0, 0x0, 0x0,
    0x0, 0xf, 0xff, 0xf0, 0x0, 0x0, 0x0, 0x0,
    0x5f, 0xff, 0xf5, 0x0, 0x0, 0x0, 0x0, 0xbf,
    0xff, 0xfb, 0x0, 0x0, 0x0, 0x1, 0xff, 0x9a,
    0xff, 0x10, 0x0, 0x0, 0x6, 0xff, 0x44, 0xff,
    0x60, 0x0, 0x0, 0xc, 0xfe, 0x0, 0xef, 0xc0,
    0x0, 0x0, 0x2f, 0xfc, 0x88, 0xcf, 0xf2, 0x0,
    0x0, 0x8f, 0xff, 0xff, 0xff, 0xf8, 0x0, 0x0,
    0xdf, 0xff, 0xff, 0xff, 0xfd, 0x0, 0x3, 0xff,
    0x60, 0x0, 0x7, 0xff, 0x30, 0x9, 0xff, 0x10,
    0x0, 0x1, 0xff, 0x90, 0xef, 0xff, 0xe0, 0x0,
    0xe, 0xff, 0xfe, 0xef, 0xff, 0xe0, 0x0, 0xe,
    0xff, 0xfe,

    /* U+F032 "" */
    0x5f, 0xff, 0xff, 0xff, 0xc4, 0x0, 0x7, 0xff,
    0xff, 0xff, 0xff, 0xf5, 0x0, 0x27, 0xff, 0xc8,
    0x88, 0xff, 0xe0, 0x0, 0xf, 0xf9, 0x0, 0x5,
    0xff, 0x30, 0x0, 0xff, 0x90, 0x0, 0x5f, 0xf3,
    0x0, 0xf, 0xfc, 0x88, 0x8e, 0xfe, 0x0, 0x0,
    0xff, 0xff, 0xff, 0xff, 0x90, 0x0, 0xf, 0xff,
    0xff, 0xff, 0xff, 0x50, 0x0, 0xff, 0x90, 0x0,
    0x9f, 0xfc, 0x0, 0xf, 0xf9, 0x0, 0x0, 0xff,
    0xf0, 0x0, 0xff, 0x90, 0x0, 0x3f, 0xfe, 0x2,
    0x7f, 0xfc, 0x88, 0x8e, 0xff, 0x90, 0x7f, 0xff,
    0xff, 0xff, 0xff, 0xd1, 0x5, 0xff, 0xff, 0xff,
    0xfe, 0x91, 0x0,

    /* U+F033 "" */
    0x0, 0xe, 0xff, 0xff, 0xfe, 0x0, 0xe, 0xff,
    0xff, 0xfe, 0x0, 0x0, 0x2f, 0xf6, 0x0, 0x0,
    0x0, 0x6f, 0xf2, 0x0, 0x0, 0x0, 0xaf, 0xe0,
    0x0, 0x0, 0x0, 0xef, 0xa0, 0x0, 0x0, 0x2,
    0xff, 0x60, 0x0, 0x0, 0x6, 0xff, 0x20, 0x0,
    0x0, 0xa, 0xfe, 0x0, 0x0, 0x0, 0xe, 0xfa,
    0x0, 0x0, 0x0, 0x2f, 0xf6, 0x0, 0x0, 0x0,
    0x6f, 0xf2, 0x0, 0x0, 0xef, 0xff, 0xff, 0xe0,
    0x0, 0xef, 0xff, 0xff, 0xe0, 0x0,

    /* U+F034 "" */
    0xef, 0xff, 0xff, 0xff, 0xfe, 0x0, 0x0, 0xaa,
    0x0, 0xf, 0xff, 0xff, 0xff, 0xff, 0xf0, 0x0,
    0xaf, 0xfa, 0x0, 0xff, 0x88, 0xff, 0xb8, 0xff,
    0x0, 0xaf, 0xff, 0xfa, 0xe, 0xe0, 0x1f, 0xf6,
    0xe, 0xe0, 0x7, 0x8f, 0xf8, 0x70, 0x0, 0x1,
    0xff, 0x60, 0x0, 0x0, 0x0, 0xff, 0x0, 0x0,
    0x0, 0x1f, 0xf6, 0x0, 0x0, 0x0, 0xf, 0xf0,
    0x0, 0x0, 0x1, 0xff, 0x60, 0x0, 0x0, 0x0,
    0xff, 0x0, 0x0, 0x0, 0x1f, 0xf6, 0x0, 0x0,
    0x0, 0xf, 0xf0, 0x0, 0x0, 0x1, 0xff, 0x60,
    0x0, 0x0, 0x0, 0xff, 0x0, 0x0, 0x0, 0x1f,
    0xf6, 0x0, 0x0, 0x0, 0xf, 0xf0, 0x0, 0x0,
    0x1, 0xff, 0x60, 0x0, 0x0, 0x78, 0xff, 0x87,
    0x0, 0x0, 0x1f, 0xf6, 0x0, 0x0, 0xa, 0xff,
    0xff, 0xa0, 0x0, 0xcf, 0xff, 0xff, 0x10, 0x0,
    0xa, 0xff, 0xa0, 0x0, 0xc, 0xff, 0xff, 0xf1,
    0x0, 0x0, 0xa, 0xa0, 0x0,

    /* U+F035 "" */
    0xef, 0xff, 0xff, 0xff, 0xff, 0xff, 0xfe, 0xff,
    0xff, 0xff, 0xff, 0xff, 0xff, 0xff, 0xff, 0x88,
    0x8b, 0xff, 0x88, 0x88, 0xff, 0x66, 0x0, 0x7,
    0xff, 0x0, 0x0, 0x66, 0x0, 0x0, 0x7, 0xff,
    0x0, 0x0, 0x0, 0x0, 0x0, 0x7, 0xff, 0x0,
    0x0, 0x0, 0x0, 0x0, 0xaf, 0xff, 0xf3, 0x0,
    0x0, 0x0, 0x0, 0xaf, 0xff, 0xf3, 0x0, 0x0,
    0x0, 0xb5, 0x0, 0x0, 0x0, 0x99, 0x0, 0xb,
    0xf6, 0x0, 0x0, 0x0, 0xaf, 0xa0, 0xaf, 0xff,
    0xff, 0xff, 0xff, 0xff, 0xfa, 0xaf, 0xff, 0xff,
    0xff, 0xff, 0xff, 0xfa, 0xb, 0xf6, 0x0, 0x0,
    0x0, 0xaf, 0xa0, 0x0, 0xb5, 0x0, 0x0, 0x0,
    0x99, 0x0, 0x0, 0x0, 0x0, 0x0, 0x0, 0x0,
    0x0,

    /* U+F036 "" */
    0xff, 0xff, 0xff, 0xff, 0xf0, 0x0, 0x0, 0xff,
    0xff, 0xff, 0xff, 0xf0, 0x0, 0x0, 0x0, 0x0,
    0x0, 0x0, 0x0, 0x0, 0x0, 0x0, 0x0, 0x0,
    0x0, 0x0, 0x0, 0x0, 0xef, 0xff, 0xff, 0xff,
    0xff, 0xff, 0xfe, 0xef, 0xff, 0xff, 0xff, 0xff,
    0xff, 0xfe, 0x0, 0x0, 0x0, 0x0, 0x0, 0x0,
    0x0, 0x0, 0x0, 0x0, 0x0, 0x0, 0x0, 0x0,
    0xff, 0xff, 0xff, 0xff, 0xf0, 0x0, 0x0, 0xff,
    0xff, 0xff, 0xff, 0xf0, 0x0, 0x0, 0x0, 0x0,
    0x0, 0x0, 0x0, 0x0, 0x0, 0x0, 0x0, 0x0,
    0x0, 0x0, 0x0, 0x0, 0xef, 0xff, 0xff, 0xff,
    0xff, 0xff, 0xfe, 0xef, 0xff, 0xff, 0xff, 0xff,
    0xff, 0xfe,

    /* U+F037 "" */
    0x0, 0xf, 0xff, 0xff, 0xff, 0xf0, 0x0, 0x0,
    0xf, 0xff, 0xff, 0xff, 0xf0, 0x0, 0x0, 0x0,
    0x0, 0x0, 0x0, 0x0, 0x0, 0x0, 0x0, 0x0,
    0x0, 0x0, 0x0, 0x0, 0xef, 0xff, 0xff, 0xff,
    0xff, 0xff, 0xfe, 0xef, 0xff, 0xff, 0xff, 0xff,
    0xff, 0xfe, 0x0, 0x0, 0x0, 0x0, 0x0, 0x0,
    0x0, 0x0, 0x0, 0x0, 0x0, 0x0, 0x0, 0x0,
    0x0, 0xf, 0xff, 0xff, 0xff, 0xf0, 0x0, 0x0,
    0xf, 0xff, 0xff, 0xff, 0xf0, 0x0, 0x0, 0x0,
    0x0, 0x0, 0x0, 0x0, 0x0, 0x0, 0x0, 0x0,
    0x0, 0x0, 0x0, 0x0, 0xef, 0xff, 0xff, 0xff,
    0xff, 0xff, 0xfe, 0xef, 0xff, 0xff, 0xff, 0xff,
    0xff, 0xfe,

    /* U+F038 "" */
    0x0, 0x0, 0xf, 0xff, 0xff, 0xff, 0xff, 0x0,
    0x0, 0xf, 0xff, 0xff, 0xff, 0xff, 0x0, 0x0,
    0x0, 0x0, 0x0, 0x0, 0x0, 0x0, 0x0, 0x0,
    0x0, 0x0, 0x0, 0x0, 0xef, 0xff, 0xff, 0xff,
    0xff, 0xff, 0xfe, 0xef, 0xff, 0xff, 0xff, 0xff,
    0xff, 0xfe, 0x0, 0x0, 0x0, 0x0, 0x0, 0x0,
    0x0, 0x0, 0x0, 0x0, 0x0, 0x0, 0x0, 0x0,
    0x0, 0x0, 0xf, 0xff, 0xff, 0xff, 0xff, 0x0,
    0x0, 0xf, 0xff, 0xff, 0xff, 0xff, 0x0, 0x0,
    0x0, 0x0, 0x0, 0x0, 0x0, 0x0, 0x0, 0x0,
    0x0, 0x0, 0x0, 0x0, 0xef, 0xff, 0xff, 0xff,
    0xff, 0xff, 0xfe, 0xef, 0xff, 0xff, 0xff, 0xff,
    0xff, 0xfe,

    /* U+F039 "" */
    0xef, 0xff, 0xff, 0xff, 0xff, 0xff, 0xfe, 0xef,
    0xff, 0xff, 0xff, 0xff, 0xff, 0xfe, 0x0, 0x0,
    0x0, 0x0, 0x0, 0x0, 0x0, 0x0, 0x0, 0x0,
    0x0, 0x0, 0x0, 0x0, 0xef, 0xff, 0xff, 0xff,
    0xff, 0xff, 0xfe, 0xef, 0xff, 0xff, 0xff, 0xff,
    0xff, 0xfe, 0x0, 0x0, 0x0, 0x0, 0x0, 0x0,
    0x0, 0x0, 0x0, 0x0, 0x0, 0x0, 0x0, 0x0,
    0xef, 0xff, 0xff, 0xff, 0xff, 0xff, 0xfe, 0xef,
    0xff, 0xff, 0xff, 0xff, 0xff, 0xfe, 0x0, 0x0,
    0x0, 0x0, 0x0, 0x0, 0x0, 0x0, 0x0, 0x0,
    0x0, 0x0, 0x0, 0x0, 0xef, 0xff, 0xff, 0xff,
    0xff, 0xff, 0xfe, 0xef, 0xff, 0xff, 0xff, 0xff,
    0xff, 0xfe,

    /* U+F03A "" */
    0x68, 0x60, 0x0, 0x0, 0x0, 0x0, 0x0, 0x0,
    0xff, 0xf0, 0xe, 0xff, 0xff, 0xff, 0xff, 0xfe,
    0xff, 0xf0, 0xe, 0xff, 0xff, 0xff, 0xff, 0xfe,
    0x68, 0x60, 0x0, 0x0, 0x0, 0x0, 0x0, 0x0,
    0x0, 0x0, 0x0, 0x0, 0x0, 0x0, 0x0, 0x0,
    0x68, 0x60, 0x0, 0x0, 0x0, 0x0, 0x0, 0x0,
    0xff, 0xf0, 0xe, 0xff, 0xff, 0xff, 0xff, 0xfe,
    0xff, 0xf0, 0xe, 0xff, 0xff, 0xff, 0xff, 0xfe,
    0x68, 0x60, 0x0, 0x0, 0x0, 0x0, 0x0, 0x0,
    0x0, 0x0, 0x0, 0x0, 0x0, 0x0, 0x0, 0x0,
    0x68, 0x60, 0x0, 0x0, 0x0, 0x0, 0x0, 0x0,
    0xff, 0xf0, 0xe, 0xff, 0xff, 0xff, 0xff, 0xfe,
    0xff, 0xf0, 0xe, 0xff, 0xff, 0xff, 0xff, 0xfe,
    0x68, 0x60, 0x0, 0x0, 0x0, 0x0, 0x0, 0x0,

    /* U+F03B "" */
    0xef, 0xff, 0xff, 0xff, 0xff, 0xff, 0xfe, 0xef,
    0xff, 0xff, 0xff, 0xff, 0xff, 0xfe, 0x0, 0x0,
    0x0, 0x0, 0x0, 0x0, 0x0, 0x0, 0x6, 0x0,
    0x0, 0x0, 0x0, 0x0, 0x0, 0xaf, 0x0, 0xff,
    0xff, 0xff, 0xff, 0xa, 0xff, 0x0, 0xff, 0xff,
    0xff, 0xff, 0xaf, 0xff, 0x0, 0x0, 0x0, 0x0,
    0x0, 0xaf, 0xff, 0x0, 0x0, 0x0, 0x0, 0x0,
    0xa, 0xff, 0x0, 0xff, 0xff, 0xff, 0xff, 0x0,
    0xaf, 0x0, 0xff, 0xff, 0xff, 0xff, 0x0, 0x6,
    0x0, 0x0, 0x0, 0x0, 0x0, 0x0, 0x0, 0x0,
    0x0, 0x0, 0x0, 0x0, 0xef, 0xff, 0xff, 0xff,
    0xff, 0xff, 0xfe, 0xef, 0xff, 0xff, 0xff, 0xff,
    0xff, 0xfe,

    /* U+F03C "" */
    0xef, 0xff, 0xff, 0xff, 0xff, 0xff, 0xfe, 0xef,
    0xff, 0xff, 0xff, 0xff, 0xff, 0xfe, 0x0, 0x0,
    0x0, 0x0, 0x0, 0x0, 0x0, 0x60, 0x0, 0x0,
    0x0, 0x0, 0x0, 0x0, 0xfa, 0x0, 0x0, 0xff,
    0xff, 0xff, 0xff, 0xff, 0xa0, 0x0, 0xff, 0xff,
    0xff, 0xff, 0xff, 0xfa, 0x0, 0x0, 0x0, 0x0,
    0x0, 0xff, 0xfa, 0x0, 0x0, 0x0, 0x0, 0x0,
    0xff, 0xa0, 0x0, 0xff, 0xff, 0xff, 0xff, 0xfa,
    0x0, 0x0, 0xff, 0xff, 0xff, 0xff, 0x60, 0x0,
    0x0, 0x0, 0x0, 0x0, 0x0, 0x0, 0x0, 0x0,
    0x0, 0x0, 0x0, 0x0, 0xef, 0xff, 0xff, 0xff,
    0xff, 0xff, 0xfe, 0xef, 0xff, 0xff, 0xff, 0xff,
    0xff, 0xfe,

    /* U+F03D "" */
    0x8f, 0xff, 0xff, 0xff, 0xff, 0xf8, 0x0, 0x0,
    0x0, 0xff, 0xff, 0xff, 0xff, 0xff, 0xff, 0x0,
    0x3, 0xcc, 0xff, 0xff, 0xff, 0xff, 0xff, 0xff,
    0x0, 0x7f, 0xff, 0xff, 0xff, 0xff, 0xff, 0xff,
    0xff, 0xc, 0xff, 0xff, 0xff, 0xff, 0xff, 0xff,
    0xff, 0xff, 0xf, 0xff, 0xff, 0xff, 0xff, 0xff,
    0xff, 0xff, 0xff, 0xf, 0xff, 0xff, 0xff, 0xff,
    0xff, 0xff, 0xff, 0xff, 0xf, 0xff, 0xff, 0xff,
    0xff, 0xff, 0xff, 0xff, 0xff, 0xf, 0xff, 0xff,
    0xff, 0xff, 0xff, 0xff, 0xff, 0xff, 0xc, 0xff,
    0xff, 0xff, 0xff, 0xff, 0xff, 0xff, 0xff, 0x0,
    0x7f, 0xff, 0xff, 0xff, 0xff, 0xff, 0xff, 0xff,
    0x0, 0x3, 0xcc, 0x8f, 0xff, 0xff, 0xff, 0xff,
    0xf8, 0x0, 0x0, 0x0,

    /* U+F03E "" */
    0x8f, 0xff, 0xff, 0xff, 0xff, 0xff, 0xff, 0xf8,
    0xff, 0xfc, 0xff, 0xff, 0xff, 0xff, 0xff, 0xff,
    0xff, 0x20, 0x2f, 0xff, 0xff, 0xff, 0xff, 0xff,
    0xfc, 0x0, 0xc, 0xff, 0xff, 0xee, 0xff, 0xff,
    0xff, 0x20, 0x2f, 0xff, 0xfe, 0x12, 0xef, 0xff,
    0xff, 0xfc, 0xff, 0xff, 0xe1, 0x0, 0x2e, 0xff,
    0xff, 0xfe, 0x4e, 0xfe, 0x10, 0x0, 0x2, 0xff,
    0xff, 0xe1, 0x2, 0xc1, 0x0, 0x0, 0x0, 0xff,
    0xff, 0x10, 0x0, 0x0, 0x0, 0x0, 0x0, 0xff,
    0xff, 0x0, 0x0, 0x0, 0x0, 0x0, 0x0, 0xff,
    0xff, 0xff, 0xff, 0xff, 0xff, 0xff, 0xff, 0xff,
    0x8f, 0xff, 0xff, 0xff, 0xff, 0xff, 0xff, 0xf8,

    /* U+F041 "" */
    0x0, 0x7, 0xcf, 0xfc, 0x70, 0x0, 0x1, 0xdf,
    0xff, 0xff, 0xfd, 0x10, 0xd, 0xff, 0xff, 0xff,
    0xff, 0xd0, 0x7f, 0xff, 0xff, 0xff, 0xff, 0xf7,
    0xcf, 0xff, 0xff, 0xff, 0xff, 0xfc, 0xff, 0xff,
    0xff, 0xff, 0xff, 0xff, 0xff, 0xff, 0xff, 0xff,
    0xff, 0xff, 0xcf, 0xff, 0xff, 0xff, 0xff, 0xfc,
    0x6f, 0xff, 0xff, 0xff, 0xff, 0xf6, 0xd, 0xff,
    0xff, 0xff, 0xff, 0xd0, 0x3, 0xff, 0xff, 0xff,
    0xff, 0x30, 0x0, 0x8f, 0xff, 0xff, 0xf8, 0x0,
    0x0, 0xc, 0xff, 0xff, 0xc0, 0x0, 0x0, 0x2,
    0xff, 0xff, 0x20, 0x0, 0x0, 0x0, 0x7f, 0xf7,
    0x0, 0x0, 0x0, 0x0, 0xb, 0xb0, 0x0, 0x0,

    /* U+F042 "" */
    0x0, 0x0, 0x16, 0xbc, 0xdb, 0x61, 0x0, 0x0,
    0x0, 0x6, 0xef, 0xff, 0xff, 0xfe, 0x60, 0x0,
    0x0, 0x8f, 0xff, 0xff, 0x35, 0xbf, 0xf8, 0x0,
    0x5, 0xff, 0xff, 0xff, 0x0, 0x6, 0xff, 0x50,
    0xe, 0xff, 0xff, 0xff, 0x0, 0x0, 0x6f, 0xe0,
    0x5f, 0xff, 0xff, 0xff, 0x0, 0x0, 0xc, 0xf5,
    0x9f, 0xff, 0xff, 0xff, 0x0, 0x0, 0x7, 0xf9,
    0xbf, 0xff, 0xff, 0xff, 0x0, 0x0, 0x4, 0xfb,
    0xbf, 0xff, 0xff, 0xff, 0x0, 0x0, 0x4, 0xfb,
    0x9f, 0xff, 0xff, 0xff, 0x0, 0x0, 0x7, 0xf9,
    0x5f, 0xff, 0xff, 0xff, 0x0, 0x0, 0xc, 0xf5,
    0xe, 0xff, 0xff, 0xff, 0x0, 0x0, 0x6f, 0xe0,
    0x5, 0xff, 0xff, 0xff, 0x0, 0x6, 0xff, 0x50,
    0x0, 0x8f, 0xff, 0xff, 0x25, 0xbf, 0xf8, 0x0,
    0x0, 0x6, 0xef, 0xff, 0xff, 0xfe, 0x60, 0x0,
    0x0, 0x0, 0x16, 0xbd, 0xdb, 0x61, 0x0, 0x0,

    /* U+F043 "" */
    0x0, 0x0, 0x4e, 0x40, 0x0, 0x0, 0x0, 0xb,
    0xfb, 0x0, 0x0, 0x0, 0x1, 0xff, 0xf1, 0x0,
    0x0, 0x0, 0x9f, 0xff, 0x90, 0x0, 0x0, 0x2f,
    0xff, 0xff, 0x30, 0x0, 0xc, 0xff, 0xff, 0xfc,
    0x0, 0x7, 0xff, 0xff, 0xff, 0xf8, 0x2, 0xff,
    0xff, 0xff, 0xff, 0xf2, 0x9f, 0xff, 0xff, 0xff,
    0xff, 0x9e, 0xff, 0xff, 0xff, 0xff, 0xfe, 0xff,
    0x2f, 0xff, 0xff, 0xff, 0xfe, 0xf2, 0xbf, 0xff,
    0xff, 0xfe, 0x9f, 0xa1, 0xbf, 0xff, 0xff, 0x92,
    0xff, 0xa2, 0x2f, 0xff, 0xf2, 0x4, 0xff, 0xff,
    0xff, 0xf4, 0x0, 0x2, 0x9e, 0xfe, 0x92, 0x0,

    /* U+F044 "" */
    0x0, 0x0, 0x0, 0x0, 0x0, 0x0, 0x0, 0xae,
    0x40, 0x0, 0x0, 0x0, 0x0, 0x0, 0x0, 0xa,
    0xff, 0xf4, 0x8f, 0xff, 0xff, 0xff, 0xff, 0xa0,
    0x53, 0xef, 0xfe, 0xff, 0xff, 0xff, 0xff, 0xfc,
    0x1b, 0xf8, 0x3e, 0xfb, 0xff, 0x0, 0x0, 0x0,
    0x0, 0xbf, 0xff, 0x83, 0xa0, 0xff, 0x0, 0x0,
    0x0, 0xb, 0xff, 0xff, 0xf5, 0x0, 0xff, 0x0,
    0x0, 0x0, 0xbf, 0xff, 0xff, 0xb0, 0x0, 0xff,
    0x0, 0x0, 0xb, 0xff, 0xff, 0xfb, 0x0, 0x0,
    0xff, 0x0, 0x0, 0xbf, 0xff, 0xff, 0xb0, 0x0,
    0x0, 0xff, 0x0, 0x9, 0xff, 0xff, 0xfb, 0x1a,
    0x0, 0x0, 0xff, 0x0, 0xc, 0xff, 0xff, 0xb0,
    0xcf, 0x0, 0x0, 0xff, 0x0, 0xe, 0xff, 0xfb,
    0x0, 0xff, 0x0, 0x0, 0xff, 0x0, 0xe, 0xec,
    0x90, 0x0, 0xff, 0x0, 0x0, 0xff, 0x0, 0x0,
    0x0, 0x0, 0x0, 0xff, 0x0, 0x0, 0xff, 0xff,
    0xff, 0xff, 0xff, 0xff, 0xff, 0x0, 0x0, 0x8f,
    0xff, 0xff, 0xff, 0xff, 0xff, 0xf8, 0x0, 0x0,

    /* U+F048 "" */
    0x0, 0x0, 0x0, 0x0, 0x0, 0xff, 0x30, 0x0,
    0x1, 0xcc, 0xff, 0x40, 0x0, 0x2d, 0xff, 0xff,
    0x40, 0x3, 0xef, 0xff, 0xff, 0x40, 0x3f, 0xff,
    0xff, 0xff, 0x44, 0xff, 0xff, 0xff, 0xff, 0x9f,
    0xff, 0xff, 0xff, 0xff, 0xff, 0xff, 0xff, 0xff,
    0xff, 0xff, 0xff, 0xff, 0xff, 0xff, 0xaf, 0xff,
    0xff, 0xff, 0xff, 0x45, 0xff, 0xff, 0xff, 0xff,
    0x40, 0x4f, 0xff, 0xff, 0xff, 0x40, 0x3, 0xef,
    0xff, 0xff, 0x40, 0x0, 0x2d, 0xff, 0xff, 0x30,
    0x0, 0x1, 0xcc, 0x0, 0x0, 0x0, 0x0, 0x0,

    /* U+F049 "" */
    0x0, 0x0, 0x0, 0x0, 0x0, 0x0, 0x0, 0x0,
    0xff, 0x0, 0x0, 0x1c, 0xc0, 0x0, 0x1, 0xcc,
    0xff, 0x0, 0x2, 0xef, 0xf0, 0x0, 0x2e, 0xff,
    0xff, 0x0, 0x3e, 0xff, 0xf0, 0x3, 0xef, 0xff,
    0xff, 0x4, 0xff, 0xff, 0xf0, 0x4f, 0xff, 0xff,
    0xff, 0x5f, 0xff, 0xff, 0xf5, 0xff, 0xff, 0xff,
    0xff, 0xff, 0xff, 0xff, 0xff, 0xff, 0xff, 0xff,
    0xff, 0xff, 0xff, 0xff, 0xff, 0xff, 0xff, 0xff,
    0xff, 0x5f, 0xff, 0xff, 0xf5, 0xff, 0xff, 0xff,
    0xff, 0x4, 0xff, 0xff, 0xf0, 0x4f, 0xff, 0xff,
    0xff, 0x0, 0x3e, 0xff, 0xf0, 0x3, 0xef, 0xff,
    0xff, 0x0, 0x2, 0xef, 0xf0, 0x0, 0x2e, 0xff,
    0xff, 0x0, 0x0, 0x1c, 0xc0, 0x0, 0x1, 0xcc,
    0x0, 0x0, 0x0, 0x0, 0x0, 0x0, 0x0, 0x0,

    /* U+F04A "" */
    0x0, 0x0, 0x0, 0x0, 0x0, 0x0, 0x0, 0x0,
    0x0, 0x0, 0x2, 0xcc, 0x0, 0x0, 0x2, 0xcc,
    0x0, 0x0, 0x3e, 0xff, 0x0, 0x0, 0x3e, 0xff,
    0x0, 0x6, 0xff, 0xff, 0x0, 0x6, 0xff, 0xff,
    0x0, 0x8f, 0xff, 0xff, 0x0, 0x8f, 0xff, 0xff,
    0xb, 0xff, 0xff, 0xff, 0xb, 0xff, 0xff, 0xff,
    0xcf, 0xff, 0xff, 0xff, 0xcf, 0xff, 0xff, 0xff,
    0xcf, 0xff, 0xff, 0xff, 0xcf, 0xff, 0xff, 0xff,
    0xb, 0xff, 0xff, 0xff, 0xb, 0xff, 0xff, 0xff,
    0x0, 0x8f, 0xff, 0xff, 0x0, 0x8f, 0xff, 0xff,
    0x0, 0x6, 0xff, 0xff, 0x0, 0x6, 0xff, 0xff,
    0x0, 0x0, 0x3e, 0xff, 0x0, 0x0, 0x3e, 0xff,
    0x0, 0x0, 0x2, 0xcc, 0x0, 0x0, 0x2, 0xcc,
    0x0, 0x0, 0x0, 0x0, 0x0, 0x0, 0x0, 0x0,

    /* U+F04B "" */
    0x0, 0x0, 0x0, 0x0, 0x0, 0x0, 0x0, 0x8f,
    0x91, 0x0, 0x0, 0x0, 0x0, 0x0, 0xff, 0xff,
    0x70, 0x0, 0x0, 0x0, 0x0, 0xff, 0xff, 0xfd,
    0x40, 0x0, 0x0, 0x0, 0xff, 0xff, 0xff, 0xfa,
    0x10, 0x0, 0x0, 0xff, 0xff, 0xff, 0xff, 0xf7,
    0x0, 0x0, 0xff, 0xff, 0xff, 0xff, 0xff, 0xd5,
    0x0, 0xff, 0xff, 0xff, 0xff, 0xff, 0xff, 0xb2,
    0xff, 0xff, 0xff, 0xff, 0xff, 0xff, 0xfd, 0xff,
    0xff, 0xff, 0xff, 0xff, 0xff, 0xfd, 0xff, 0xff,
    0xff, 0xff, 0xff, 0xff, 0xb2, 0xff, 0xff, 0xff,
    0xff, 0xff, 0xd5, 0x0, 0xff, 0xff, 0xff, 0xff,
    0xf7, 0x0, 0x0, 0xff, 0xff, 0xff, 0xfa, 0x20,
    0x0, 0x0, 0xff, 0xff, 0xfd, 0x40, 0x0, 0x0,
    0x0, 0xff, 0xff, 0x70, 0x0, 0x0, 0x0, 0x0,
    0x8e, 0xa1, 0x0, 0x0, 0x0, 0x0, 0x0, 0x0,
    0x0, 0x0, 0x0, 0x0, 0x0, 0x0,

    /* U+F04C "" */
    0x0, 0x0, 0x0, 0x0, 0x0, 0x0, 0x0, 0x8f,
    0xff, 0xf8, 0x0, 0x8f, 0xff, 0xf8, 0xff, 0xff,
    0xff, 0x0, 0xff, 0xff, 0xff, 0xff, 0xff, 0xff,
    0x0, 0xff, 0xff, 0xff, 0xff, 0xff, 0xff, 0x0,
    0xff, 0xff, 0xff, 0xff, 0xff, 0xff, 0x0, 0xff,
    0xff, 0xff, 0xff, 0xff, 0xff, 0x0, 0xff, 0xff,
    0xff, 0xff, 0xff, 0xff, 0x0, 0xff, 0xff, 0xff,
    0xff, 0xff, 0xff, 0x0, 0xff, 0xff, 0xff, 0xff,
    0xff, 0xff, 0x0, 0xff, 0xff, 0xff, 0xff, 0xff,
    0xff, 0x0, 0xff, 0xff, 0xff, 0xff, 0xff, 0xff,
    0x0, 0xff, 0xff, 0xff, 0xff, 0xff, 0xff, 0x0,
    0xff, 0xff, 0xff, 0xff, 0xff, 0xff, 0x0, 0xff,
    0xff, 0xff, 0x7f, 0xff, 0xf7, 0x0, 0x7f, 0xff,
    0xf7,

    /* U+F04D "" */
    0x8f, 0xff, 0xff, 0xff, 0xff, 0xff, 0xf8, 0xff,
    0xff, 0xff, 0xff, 0xff, 0xff, 0xff, 0xff, 0xff,
    0xff, 0xff, 0xff, 0xff, 0xff, 0xff, 0xff, 0xff,
    0xff, 0xff, 0xff, 0xff, 0xff, 0xff, 0xff, 0xff,
    0xff, 0xff, 0xff, 0xff, 0xff, 0xff, 0xff, 0xff,
    0xff, 0xff, 0xff, 0xff, 0xff, 0xff, 0xff, 0xff,
    0xff, 0xff, 0xff, 0xff, 0xff, 0xff, 0xff, 0xff,
    0xff, 0xff, 0xff, 0xff, 0xff, 0xff, 0xff, 0xff,
    0xff, 0xff, 0xff, 0xff, 0xff, 0xff, 0xff, 0xff,
    0xff, 0xff, 0xff, 0xff, 0xff, 0xff, 0xff, 0xff,
    0xff, 0xff, 0xff, 0xff, 0xff, 0xff, 0xff, 0xff,
    0xff, 0xff, 0xff, 0x8f, 0xff, 0xff, 0xff, 0xff,
    0xff, 0xf8,

    /* U+F04E "" */
    0x0, 0x0, 0x0, 0x0, 0x0, 0x0, 0x0, 0x0,
    0xcc, 0x20, 0x0, 0x0, 0xcc, 0x20, 0x0, 0x0,
    0xff, 0xe3, 0x0, 0x0, 0xff, 0xe3, 0x0, 0x0,
    0xff, 0xff, 0x60, 0x0, 0xff, 0xff, 0x60, 0x0,
    0xff, 0xff, 0xf8, 0x0, 0xff, 0xff, 0xf8, 0x0,
    0xff, 0xff, 0xff, 0xb0, 0xff, 0xff, 0xff, 0xb0,
    0xff, 0xff, 0xff, 0xfc, 0xff, 0xff, 0xff, 0xfc,
    0xff, 0xff, 0xff, 0xfc, 0xff, 0xff, 0xff, 0xfc,
    0xff, 0xff, 0xff, 0xb0, 0xff, 0xff, 0xff, 0xb0,
    0xff, 0xff, 0xf8, 0x0, 0xff, 0xff, 0xf8, 0x0,
    0xff, 0xff, 0x60, 0x0, 0xff, 0xff, 0x60, 0x0,
    0xff, 0xe3, 0x0, 0x0, 0xff, 0xe3, 0x0, 0x0,
    0xcc, 0x20, 0x0, 0x0, 0xcc, 0x20, 0x0, 0x0,
    0x0, 0x0, 0x0, 0x0, 0x0, 0x0, 0x0, 0x0,

    /* U+F050 "" */
    0x0, 0x0, 0x0, 0x0, 0x0, 0x0, 0x0, 0x0,
    0xcc, 0x10, 0x0, 0xc, 0xc1, 0x0, 0x0, 0xff,
    0xff, 0xe2, 0x0, 0xf, 0xfe, 0x20, 0x0, 0xff,
    0xff, 0xfe, 0x30, 0xf, 0xff, 0xe3, 0x0, 0xff,
    0xff, 0xff, 0xf4, 0xf, 0xff, 0xff, 0x40, 0xff,
    0xff, 0xff, 0xff, 0x5f, 0xff, 0xff, 0xf5, 0xff,
    0xff, 0xff, 0xff, 0xff, 0xff, 0xff, 0xff, 0xff,
    0xff, 0xff, 0xff, 0xff, 0xff, 0xff, 0xff, 0xff,
    0xff, 0xff, 0xff, 0x5f, 0xff, 0xff, 0xf5, 0xff,
    0xff, 0xff, 0xf4, 0xf, 0xff, 0xff, 0x40, 0xff,
    0xff, 0xfe, 0x30, 0xf, 0xff, 0xe3, 0x0, 0xff,
    0xff, 0xe2, 0x0, 0xf, 0xfe, 0x20, 0x0, 0xff,
    0xcc, 0x10, 0x0, 0xc, 0xc1, 0x0, 0x0, 0xff,
    0x0, 0x0, 0x0, 0x0, 0x0, 0x0, 0x0, 0x0,

    /* U+F051 "" */
    0x0, 0x0, 0x0, 0x0, 0x0, 0xcc, 0x10, 0x0,
    0x3, 0xff, 0xff, 0xd2, 0x0, 0x4, 0xff, 0xff,
    0xfe, 0x30, 0x4, 0xff, 0xff, 0xff, 0xf4, 0x4,
    0xff, 0xff, 0xff, 0xff, 0x54, 0xff, 0xff, 0xff,
    0xff, 0xfa, 0xff, 0xff, 0xff, 0xff, 0xff, 0xff,
    0xff, 0xff, 0xff, 0xff, 0xff, 0xff, 0xff, 0xff,
    0xf9, 0xff, 0xff, 0xff, 0xff, 0x44, 0xff, 0xff,
    0xff, 0xf3, 0x4, 0xff, 0xff, 0xfe, 0x30, 0x4,
    0xff, 0xff, 0xd2, 0x0, 0x4, 0xff, 0xcc, 0x10,
    0x0, 0x3, 0xff, 0x0, 0x0, 0x0, 0x0, 0x0,

    /* U+F052 "" */
    0x0, 0x0, 0x0, 0x2d, 0xd2, 0x0, 0x0, 0x0,
    0x0, 0x0, 0x1, 0xef, 0xfe, 0x10, 0x0, 0x0,
    0x0, 0x0, 0x1d, 0xff, 0xff, 0xd1, 0x0, 0x0,
    0x0, 0x0, 0xcf, 0xff, 0xff, 0xfc, 0x0, 0x0,
    0x0, 0xb, 0xff, 0xff, 0xff, 0xff, 0xb0, 0x0,
    0x0, 0xaf, 0xff, 0xff, 0xff, 0xff, 0xfa, 0x0,
    0x9, 0xff, 0xff, 0xff, 0xff, 0xff, 0xff, 0x90,
    0xf, 0xff, 0xff, 0xff, 0xff, 0xff, 0xff, 0xf0,
    0x8, 0xff, 0xff, 0xff, 0xff, 0xff, 0xff, 0x80,
    0x0, 0x0, 0x0, 0x0, 0x0, 0x0, 0x0, 0x0,
    0xc, 0xff, 0xff, 0xff, 0xff, 0xff, 0xff, 0xc0,
    0xf, 0xff, 0xff, 0xff, 0xff, 0xff, 0xff, 0xf0,
    0xf, 0xff, 0xff, 0xff, 0xff, 0xff, 0xff, 0xf0,
    0xc, 0xff, 0xff, 0xff, 0xff, 0xff, 0xff, 0xc0,

    /* U+F053 "" */
    0x0, 0x0, 0x0, 0x1a, 0x40, 0x0, 0x0, 0x1,
    0xdf, 0xf0, 0x0, 0x0, 0x1d, 0xff, 0xa0, 0x0,
    0x1, 0xdf, 0xfa, 0x0, 0x0, 0x1d, 0xff, 0xa0,
    0x0, 0x1, 0xdf, 0xfa, 0x0, 0x0, 0xc, 0xff,
    0xa0, 0x0, 0x0, 0xd, 0xff, 0x80, 0x0, 0x0,
    0x1, 0xdf, 0xf8, 0x0, 0x0, 0x0, 0x1d, 0xff,
    0x80, 0x0, 0x0, 0x1, 0xdf, 0xf8, 0x0, 0x0,
    0x0, 0x1d, 0xff, 0x80, 0x0, 0x0, 0x1, 0xdf,
    0xf0, 0x0, 0x0, 0x0, 0x1b, 0x50,

    /* U+F054 "" */
    0x4, 0xa1, 0x0, 0x0, 0x0, 0xf, 0xfc, 0x10,
    0x0, 0x0, 0xa, 0xff, 0xc1, 0x0, 0x0, 0x0,
    0xaf, 0xfc, 0x10, 0x0, 0x0, 0xa, 0xff, 0xc1,
    0x0, 0x0, 0x0, 0xaf, 0xfc, 0x10, 0x0, 0x0,
    0xa, 0xff, 0xc0, 0x0, 0x0, 0x8, 0xff, 0xd0,
    0x0, 0x0, 0x8f, 0xfd, 0x10, 0x0, 0x8, 0xff,
    0xd1, 0x0, 0x0, 0x8f, 0xfd, 0x10, 0x0, 0x8,
    0xff, 0xd1, 0x0, 0x0, 0xf, 0xfd, 0x10, 0x0,
    0x0, 0x5, 0xb1, 0x0, 0x0, 0x0,

    /* U+F055 "" */
    0x0, 0x0, 0x39, 0xde, 0xeb, 0x60, 0x0, 0x0,
    0x0, 0x9, 0xff, 0xff, 0xff, 0xfd, 0x30, 0x0,
    0x0, 0xbf, 0xff, 0xff, 0xff, 0xff, 0xf3, 0x0,
    0x9, 0xff, 0xff, 0xb4, 0x6f, 0xff, 0xfe, 0x10,
    0x2f, 0xff, 0xff, 0x90, 0x2f, 0xff, 0xff, 0x90,
    0x8f, 0xff, 0xff, 0x90, 0x2f, 0xff, 0xff, 0xf0,
    0xcf, 0xfb, 0x88, 0x50, 0x18, 0x88, 0xff, 0xf3,
    0xef, 0xf5, 0x0, 0x0, 0x0, 0x0, 0xef, 0xf5,
    0xef, 0xf5, 0x0, 0x0, 0x0, 0x0, 0xef, 0xf5,
    0xcf, 0xfb, 0x88, 0x50, 0x18, 0x88, 0xff, 0xf3,
    0x8f, 0xff, 0xff, 0x90, 0x2f, 0xff, 0xff, 0xf0,
    0x2f, 0xff, 0xff, 0x90, 0x2f, 0xff, 0xff, 0x90,
    0x9, 0xff, 0xff, 0xb4, 0x6f, 0xff, 0xfe, 0x10,
    0x0, 0xbf, 0xff, 0xff, 0xff, 0xff, 0xf3, 0x0,
    0x0, 0x9, 0xff, 0xff, 0xff, 0xfd, 0x30, 0x0,
    0x0, 0x0, 0x39, 0xde, 0xeb, 0x60, 0x0, 0x0,

    /* U+F056 "" */
    0x0, 0x0, 0x3, 0x68, 0x75, 0x0, 0x0, 0x0,
    0x0, 0x4, 0xdf, 0xff, 0xff, 0xf8, 0x0, 0x0,
    0x0, 0x6f, 0xff, 0xff, 0xff, 0xff, 0xc1, 0x0,
    0x5, 0xff, 0xff, 0xff, 0xff, 0xff, 0xfb, 0x0,
    0xe, 0xff, 0xff, 0xff, 0xff, 0xff, 0xff, 0x60,
    0x7f, 0xff, 0xff, 0xff, 0xff, 0xff, 0xff, 0xd0,
    0xbf, 0xff, 0xff, 0xff, 0xff, 0xff, 0xff, 0xf2,
    0xdf, 0xf5, 0x0, 0x0, 0x0, 0x0, 0xef, 0xf4,
    0xef, 0xf5, 0x0, 0x0, 0x0, 0x0, 0xef, 0xf5,
    0xcf, 0xfb, 0x88, 0x88, 0x88, 0x88, 0xff, 0xf3,
    0x9f, 0xff, 0xff, 0xff, 0xff, 0xff, 0xff, 0xf0,
    0x3f, 0xff, 0xff, 0xff, 0xff, 0xff, 0xff, 0xa0,
    0xa, 0xff, 0xff, 0xff, 0xff, 0xff, 0xff, 0x10,
    0x0, 0xcf, 0xff, 0xff, 0xff, 0xff, 0xf4, 0x0,
    0x0, 0xa, 0xff, 0xff, 0xff, 0xfe, 0x30, 0x0,
    0x0, 0x0, 0x39, 0xde, 0xeb, 0x60, 0x0, 0x0,

    /* U+F057 "" */
    0x0, 0x0, 0x3, 0x79, 0x97, 0x30, 0x0, 0x0,
    0x0, 0x3, 0xcf, 0xff, 0xff, 0xfc, 0x30, 0x0,
    0x0, 0x5f, 0xff, 0xff, 0xff, 0xff, 0xf5, 0x0,
    0x3, 0xff, 0xff, 0xff, 0xff, 0xff, 0xff, 0x30,
    0xd, 0xff, 0xf5, 0xcf, 0xfc, 0x5f, 0xff, 0xd0,
    0x4f, 0xff, 0x40, 0x1c, 0xc0, 0x5, 0xff, 0xf4,
    0x9f, 0xff, 0x90, 0x1, 0x0, 0x9, 0xff, 0xf8,
    0xbf, 0xff, 0xf9, 0x0, 0x0, 0xaf, 0xff, 0xfa,
    0xbf, 0xff, 0xfc, 0x0, 0x0, 0xcf, 0xff, 0xfb,
    0xaf, 0xff, 0xc0, 0x0, 0x0, 0x1c, 0xff, 0xf9,
    0x6f, 0xff, 0x30, 0xa, 0x90, 0x3, 0xff, 0xf5,
    0xe, 0xff, 0xd2, 0x9f, 0xf9, 0x2e, 0xff, 0xe0,
    0x6, 0xff, 0xff, 0xff, 0xff, 0xff, 0xff, 0x50,
    0x0, 0x8f, 0xff, 0xff, 0xff, 0xff, 0xf8, 0x0,
    0x0, 0x6, 0xff, 0xff, 0xff, 0xfe, 0x60, 0x0,
    0x0, 0x0, 0x17, 0xbd, 0xdb, 0x61, 0x0, 0x0,

    /* U+F058 "" */
    0x0, 0x0, 0x3, 0x79, 0x97, 0x30, 0x0, 0x0,
    0x0, 0x3, 0xcf, 0xff, 0xff, 0xfc, 0x30, 0x0,
    0x0, 0x5f, 0xff, 0xff, 0xff, 0xff, 0xf5, 0x0,
    0x3, 0xff, 0xff, 0xff, 0xff, 0xff, 0xff, 0x30,
    0xd, 0xff, 0xff, 0xff, 0xff, 0xff, 0xff, 0xd0,
    0x4f, 0xff, 0xff, 0xff, 0xff, 0xd1, 0x7f, 0xf4,
    0x9f, 0xff, 0xff, 0xff, 0xfd, 0x10, 0x4f, 0xf8,
    0xbf, 0xfd, 0x9f, 0xff, 0xd1, 0x4, 0xff, 0xfa,
    0xbf, 0xf1, 0x8, 0xfd, 0x10, 0x4f, 0xff, 0xfb,
    0xaf, 0xfa, 0x0, 0x61, 0x4, 0xff, 0xff, 0xf9,
    0x6f, 0xff, 0xa0, 0x0, 0x4f, 0xff, 0xff, 0xf5,
    0xe, 0xff, 0xfa, 0x4, 0xff, 0xff, 0xff, 0xe0,
    0x6, 0xff, 0xff, 0xcf, 0xff, 0xff, 0xff, 0x50,
    0x0, 0x8f, 0xff, 0xff, 0xff, 0xff, 0xf8, 0x0,
    0x0, 0x6, 0xff, 0xff, 0xff, 0xfe, 0x60, 0x0,
    0x0, 0x0, 0x17, 0xbd, 0xdb, 0x61, 0x0, 0x0,

    /* U+F059 "" */
    0x0, 0x0, 0x4, 0x8a, 0xa8, 0x40, 0x0, 0x0,
    0x0, 0x4, 0xdf, 0xff, 0xff, 0xfd, 0x30, 0x0,
    0x0, 0x6f, 0xff, 0xff, 0xef, 0xff, 0xf5, 0x0,
    0x4, 0xff, 0xfd, 0x40, 0x2, 0xbf, 0xff, 0x30,
    0xd, 0xff, 0xd1, 0x0, 0x0, 0xb, 0xff, 0xd0,
    0x5f, 0xff, 0xb0, 0x2b, 0xb2, 0x4, 0xff, 0xf4,
    0x9f, 0xff, 0xfd, 0xef, 0xf4, 0x3, 0xff, 0xf8,
    0xbf, 0xff, 0xff, 0xfd, 0x30, 0x9, 0xff, 0xfa,
    0xbf, 0xff, 0xff, 0xf1, 0x0, 0x8f, 0xff, 0xfb,
    0x9f, 0xff, 0xff, 0xc0, 0xb, 0xff, 0xff, 0xf9,
    0x5f, 0xff, 0xff, 0xfe, 0xef, 0xff, 0xff, 0xf5,
    0xe, 0xff, 0xff, 0xc0, 0xc, 0xff, 0xff, 0xe0,
    0x6, 0xff, 0xff, 0xa0, 0xa, 0xff, 0xff, 0x50,
    0x0, 0x8f, 0xff, 0xf9, 0x9f, 0xff, 0xf8, 0x0,
    0x0, 0x6, 0xff, 0xff, 0xff, 0xfe, 0x60, 0x0,
    0x0, 0x0, 0x17, 0xbd, 0xdb, 0x61, 0x0, 0x0,

    /* U+F05A "" */
    0x0, 0x0, 0x16, 0xbd, 0xcb, 0x61, 0x0, 0x0,
    0x0, 0x6, 0xff, 0xff, 0xff, 0xfe, 0x50, 0x0,
    0x0, 0x8f, 0xff, 0xff, 0xff, 0xff, 0xf7, 0x0,
    0x5, 0xff, 0xff, 0xfb, 0xcf, 0xff, 0xff, 0x50,
    0xe, 0xff, 0xff, 0xc0, 0xd, 0xff, 0xff, 0xe0,
    0x5f, 0xff, 0xff, 0xd0, 0xd, 0xff, 0xff, 0xf5,
    0x9f, 0xff, 0xff, 0xfd, 0xdf, 0xff, 0xff, 0xf9,
    0xbf, 0xff, 0xff, 0x40, 0xf, 0xff, 0xff, 0xfb,
    0xbf, 0xff, 0xff, 0x70, 0xf, 0xff, 0xff, 0xfa,
    0x9f, 0xff, 0xff, 0xf0, 0xf, 0xff, 0xff, 0xf9,
    0x5f, 0xff, 0xff, 0xc0, 0xd, 0xff, 0xff, 0xf4,
    0xe, 0xff, 0xff, 0x40, 0x4, 0xff, 0xff, 0xd0,
    0x4, 0xff, 0xff, 0xff, 0xff, 0xff, 0xff, 0x40,
    0x0, 0x6f, 0xff, 0xff, 0xff, 0xff, 0xf6, 0x0,
    0x0, 0x4, 0xef, 0xff, 0xff, 0xfd, 0x40, 0x0,
    0x0, 0x0, 0x5, 0x9b, 0xb9, 0x50, 0x0, 0x0,

    /* U+F05B "" */
    0x0, 0x0, 0x0, 0xf, 0xf0, 0x0, 0x0, 0x0,
    0x0, 0x0, 0x4, 0x9f, 0xf9, 0x40, 0x0, 0x0,
    0x0, 0x1, 0xbf, 0xff, 0xff, 0xfb, 0x10, 0x0,
    0x0, 0x1e, 0xfe, 0x8f, 0xf8, 0xef, 0xe1, 0x0,
    0x0, 0xbf, 0xc1, 0xf, 0xf0, 0x1c, 0xfb, 0x0,
    0x4, 0xfe, 0x10, 0x0, 0x0, 0x1, 0xef, 0x40,
    0x9, 0xf8, 0x0, 0x0, 0x0, 0x0, 0x8f, 0x90,
    0xff, 0xff, 0xf0, 0xc, 0xc0, 0xf, 0xff, 0xff,
    0xff, 0xff, 0xf0, 0xc, 0xc0, 0xf, 0xff, 0xff,
    0x9, 0xf8, 0x0, 0x0, 0x0, 0x0, 0x8f, 0x80,
    0x4, 0xfe, 0x10, 0x0, 0x0, 0x1, 0xef, 0x30,
    0x0, 0xbf, 0xc1, 0xf, 0xf0, 0x1c, 0xfb, 0x0,
    0x0, 0x1e, 0xfe, 0x8f, 0xf8, 0xef, 0xe1, 0x0,
    0x0, 0x1, 0xbf, 0xff, 0xff, 0xfb, 0x10, 0x0,
    0x0, 0x0, 0x4, 0x9f, 0xf8, 0x30, 0x0, 0x0,
    0x0, 0x0, 0x0, 0xf, 0xf0, 0x0, 0x0, 0x0,

    /* U+F05E "" */
    0x0, 0x0, 0x3, 0x79, 0x97, 0x30, 0x0, 0x0,
    0x0, 0x3, 0xcf, 0xff, 0xff, 0xfc, 0x30, 0x0,
    0x0, 0x5f, 0xfe, 0x86, 0x69, 0xef, 0xf5, 0x0,
    0x3, 0xff, 0xe1, 0x0, 0x0, 0x9, 0xff, 0x30,
    0xd, 0xff, 0xfb, 0x0, 0x0, 0x0, 0x9f, 0xd0,
    0x4f, 0xd2, 0xef, 0xb0, 0x0, 0x0, 0xe, 0xf4,
    0x9f, 0x70, 0x2e, 0xfb, 0x0, 0x0, 0x8, 0xf8,
    0xbf, 0x40, 0x2, 0xef, 0xb0, 0x0, 0x5, 0xfa,
    0xbf, 0x40, 0x0, 0x2e, 0xfb, 0x0, 0x4, 0xfb,
    0xaf, 0x60, 0x0, 0x2, 0xef, 0xb0, 0x6, 0xf9,
    0x6f, 0xc0, 0x0, 0x0, 0x2e, 0xfb, 0xc, 0xf5,
    0xe, 0xf5, 0x0, 0x0, 0x2, 0xef, 0xdf, 0xe0,
    0x6, 0xff, 0x50, 0x0, 0x0, 0x2e, 0xff, 0x50,
    0x0, 0x8f, 0xfb, 0x52, 0x25, 0xbf, 0xf8, 0x0,
    0x0, 0x6, 0xff, 0xff, 0xff, 0xfe, 0x60, 0x0,
    0x0, 0x0, 0x17, 0xbd, 0xdb, 0x61, 0x0, 0x0,

    /* U+F060 "" */
    0x0, 0x0, 0x0, 0x0, 0x0, 0x0, 0x0, 0x0,
    0x0, 0x2, 0xd9, 0x0, 0x0, 0x0, 0x0, 0x0,
    0x2e, 0xff, 0x20, 0x0, 0x0, 0x0, 0x2, 0xef,
    0xf7, 0x0, 0x0, 0x0, 0x0, 0x2e, 0xff, 0x60,
    0x0, 0x0, 0x0, 0x2, 0xef, 0xf6, 0x0, 0x0,
    0x0, 0x0, 0x2e, 0xff, 0xc7, 0x77, 0x77, 0x77,
    0x74, 0xdf, 0xff, 0xff, 0xff, 0xff, 0xff, 0xff,
    0x9f, 0xff, 0xff, 0xff, 0xff, 0xff, 0xfd, 0x9,
    0xff, 0xc1, 0x0, 0x0, 0x0, 0x0, 0x0, 0x9f,
    0xfb, 0x0, 0x0, 0x0, 0x0, 0x0, 0x9, 0xff,
    0xc0, 0x0, 0x0, 0x0, 0x0, 0x0, 0x9f, 0xfc,
    0x0, 0x0, 0x0, 0x0, 0x0, 0x9, 0xff, 0x20,
    0x0, 0x0, 0x0, 0x0, 0x0, 0x73, 0x0, 0x0,
    0x0,

    /* U+F061 "" */
    0x0, 0x0, 0x0, 0x0, 0x0, 0x0, 0x0, 0x0,
    0x0, 0x0, 0x9d, 0x20, 0x0, 0x0, 0x0, 0x0,
    0x2, 0xff, 0xe2, 0x0, 0x0, 0x0, 0x0, 0x0,
    0x7f, 0xfe, 0x20, 0x0, 0x0, 0x0, 0x0, 0x6,
    0xff, 0xe2, 0x0, 0x0, 0x0, 0x0, 0x0, 0x6f,
    0xfe, 0x20, 0x47, 0x77, 0x77, 0x77, 0x7c, 0xff,
    0xe2, 0xff, 0xff, 0xff, 0xff, 0xff, 0xff, 0xfd,
    0xdf, 0xff, 0xff, 0xff, 0xff, 0xff, 0xf9, 0x0,
    0x0, 0x0, 0x0, 0x1c, 0xff, 0x90, 0x0, 0x0,
    0x0, 0x0, 0xbf, 0xf9, 0x0, 0x0, 0x0, 0x0,
    0xc, 0xff, 0x90, 0x0, 0x0, 0x0, 0x0, 0xcf,
    0xf9, 0x0, 0x0, 0x0, 0x0, 0x2, 0xff, 0x90,
    0x0, 0x0, 0x0, 0x0, 0x0, 0x37, 0x0, 0x0,
    0x0,

    /* U+F062 "" */
    0x0, 0x0, 0x0, 0x9d, 0x10, 0x0, 0x0, 0x0,
    0x0, 0xa, 0xff, 0xd1, 0x0, 0x0, 0x0, 0x0,
    0xaf, 0xff, 0xfd, 0x10, 0x0, 0x0, 0xa, 0xff,
    0xff, 0xff, 0xd1, 0x0, 0x0, 0xaf, 0xfc, 0xff,
    0xcf, 0xfd, 0x10, 0xa, 0xff, 0xb1, 0xff, 0x66,
    0xff, 0xd1, 0x7f, 0xfc, 0x1, 0xff, 0x60, 0x7f,
    0xfd, 0x4f, 0xc0, 0x1, 0xff, 0x60, 0x7, 0xf9,
    0x2, 0x0, 0x1, 0xff, 0x60, 0x0, 0x20, 0x0,
    0x0, 0x1, 0xff, 0x60, 0x0, 0x0, 0x0, 0x0,
    0x1, 0xff, 0x60, 0x0, 0x0, 0x0, 0x0, 0x1,
    0xff, 0x60, 0x0, 0x0, 0x0, 0x0, 0x1, 0xff,
    0x60, 0x0, 0x0, 0x0, 0x0, 0x0, 0xef, 0x40,
    0x0, 0x0,

    /* U+F063 "" */
    0x0, 0x0, 0x0, 0xef, 0x40, 0x0, 0x0, 0x0,
    0x0, 0x1, 0xff, 0x60, 0x0, 0x0, 0x0, 0x0,
    0x1, 0xff, 0x60, 0x0, 0x0, 0x0, 0x0, 0x1,
    0xff, 0x60, 0x0, 0x0, 0x0, 0x0, 0x1, 0xff,
    0x60, 0x0, 0x0, 0x2, 0x0, 0x1, 0xff, 0x60,
    0x0, 0x20, 0x4f, 0xc0, 0x1, 0xff, 0x60, 0x7,
    0xf9, 0x7f, 0xfc, 0x1, 0xff, 0x60, 0x7f, 0xfd,
    0xa, 0xff, 0xb1, 0xff, 0x66, 0xff, 0xd1, 0x0,
    0xaf, 0xfc, 0xff, 0xcf, 0xfd, 0x10, 0x0, 0xa,
    0xff, 0xff, 0xff, 0xd1, 0x0, 0x0, 0x0, 0xaf,
    0xff, 0xfd, 0x10, 0x0, 0x0, 0x0, 0xa, 0xff,
    0xd1, 0x0, 0x0, 0x0, 0x0, 0x0, 0x9d, 0x10,
    0x0, 0x0,

    /* U+F064 "" */
    0x0, 0x0, 0x0, 0x0, 0x0, 0x0, 0x0, 0x0,
    0x0, 0x0, 0x0, 0x0, 0xe, 0xb0, 0x0, 0x0,
    0x0, 0x0, 0x0, 0x0, 0xf, 0xfd, 0x10, 0x0,
    0x0, 0x0, 0x0, 0x0, 0xf, 0xff, 0xe3, 0x0,
    0x0, 0x1, 0x59, 0xbd, 0xdf, 0xff, 0xff, 0x40,
    0x1, 0xaf, 0xff, 0xff, 0xff, 0xff, 0xff, 0xf6,
    0xd, 0xff, 0xff, 0xff, 0xff, 0xff, 0xff, 0xfe,
    0x7f, 0xff, 0xff, 0xff, 0xff, 0xff, 0xff, 0xe2,
    0xdf, 0xff, 0xfc, 0x87, 0x6f, 0xff, 0xfd, 0x10,
    0xff, 0xfe, 0x30, 0x0, 0xf, 0xff, 0xb0, 0x0,
    0xef, 0xf4, 0x0, 0x0, 0xf, 0xf9, 0x0, 0x0,
    0xbf, 0xf1, 0x0, 0x0, 0xb, 0x70, 0x0, 0x0,
    0x4f, 0xf2, 0x0, 0x0, 0x0, 0x0, 0x0, 0x0,
    0xa, 0xf4, 0x0, 0x0, 0x0, 0x0, 0x0, 0x0,
    0x0, 0x95, 0x0, 0x0, 0x0, 0x0, 0x0, 0x0,

    /* U+F065 "" */
    0xdf, 0xff, 0xf0, 0x0, 0xf, 0xff, 0xfd, 0xff,
    0xff, 0xf0, 0x0, 0xf, 0xff, 0xff, 0xff, 0x0,
    0x0, 0x0, 0x0, 0x0, 0xff, 0xff, 0x0, 0x0,
    0x0, 0x0, 0x0, 0xff, 0xff, 0x0, 0x0, 0x0,
    0x0, 0x0, 0xff, 0x0, 0x0, 0x0, 0x0, 0x0,
    0x0, 0x0, 0x0, 0x0, 0x0, 0x0, 0x0, 0x0,
    0x0, 0x0, 0x0, 0x0, 0x0, 0x0, 0x0, 0x0,
    0x0, 0x0, 0x0, 0x0, 0x0, 0x0, 0x0, 0xff,
    0x0, 0x0, 0x0, 0x0, 0x0, 0xff, 0xff, 0x0,
    0x0, 0x0, 0x0, 0x0, 0xff, 0xff, 0x0, 0x0,
    0x0, 0x0, 0x0, 0xff, 0xff, 0xff, 0xf0, 0x0,
    0xf, 0xff, 0xff, 0xdf, 0xff, 0xf0, 0x0, 0xf,
    0xff, 0xfd,

    /* U+F066 "" */
    0x0, 0xf, 0xf0, 0x0, 0xf, 0xf0, 0x0, 0x0,
    0xf, 0xf0, 0x0, 0xf, 0xf0, 0x0, 0x0, 0xf,
    0xf0, 0x0, 0xf, 0xf0, 0x0, 0xff, 0xff, 0xf0,
    0x0, 0xf, 0xff, 0xff, 0xff, 0xff, 0xd0, 0x0,
    0xd, 0xff, 0xff, 0x0, 0x0, 0x0, 0x0, 0x0,
    0x0, 0x0, 0x0, 0x0, 0x0, 0x0, 0x0, 0x0,
    0x0, 0x0, 0x0, 0x0, 0x0, 0x0, 0x0, 0x0,
    0x0, 0x0, 0x0, 0x0, 0x0, 0x0, 0x0, 0xff,
    0xff, 0xd0, 0x0, 0xd, 0xff, 0xff, 0xff, 0xff,
    0xf0, 0x0, 0xf, 0xff, 0xff, 0x0, 0xf, 0xf0,
    0x0, 0xf, 0xf0, 0x0, 0x0, 0xf, 0xf0, 0x0,
    0xf, 0xf0, 0x0, 0x0, 0xf, 0xf0, 0x0, 0xf,
    0xf0, 0x0,

    /* U+F067 "" */
    0x0, 0x0, 0x4, 0xff, 0x40, 0x0, 0x0, 0x0,
    0x0, 0x8, 0xff, 0x80, 0x0, 0x0, 0x0, 0x0,
    0x8, 0xff, 0x80, 0x0, 0x0, 0x0, 0x0, 0x8,
    0xff, 0x80, 0x0, 0x0, 0x0, 0x0, 0x8, 0xff,
    0x80, 0x0, 0x0, 0x48, 0x88, 0x8c, 0xff, 0xc8,
    0x88, 0x84, 0xff, 0xff, 0xff, 0xff, 0xff, 0xff,
    0xff, 0xff, 0xff, 0xff, 0xff, 0xff, 0xff, 0xff,
    0x48, 0x88, 0x8c, 0xff, 0xc8, 0x88, 0x84, 0x0,
    0x0, 0x8, 0xff, 0x80, 0x0, 0x0, 0x0, 0x0,
    0x8, 0xff, 0x80, 0x0, 0x0, 0x0, 0x0, 0x8,
    0xff, 0x80, 0x0, 0x0, 0x0, 0x0, 0x8, 0xff,
    0x80, 0x0, 0x0, 0x0, 0x0, 0x4, 0xff, 0x40,
    0x0, 0x0,

    /* U+F068 "" */
    0x14, 0x44, 0x44, 0x44, 0x44, 0x44, 0x41, 0xef,
    0xff, 0xff, 0xff, 0xff, 0xff, 0xfe, 0xff, 0xff,
    0xff, 0xff, 0xff, 0xff, 0xff, 0x7b, 0xbb, 0xbb,
    0xbb, 0xbb, 0xbb, 0xb7,

    /* U+F069 "" */
    0x0, 0x0, 0x0, 0x6f, 0xe0, 0x0, 0x0, 0x0,
    0x0, 0x0, 0x0, 0x8f, 0xf2, 0x0, 0x0, 0x0,
    0x0, 0x0, 0x0, 0x8f, 0xf1, 0x0, 0x0, 0x0,
    0xb, 0x91, 0x0, 0x7f, 0xf1, 0x0, 0x3c, 0x50,
    0x5f, 0xfe, 0x60, 0x7f, 0xf1, 0x1a, 0xff, 0xe0,
    0x3e, 0xff, 0xfc, 0xaf, 0xf7, 0xff, 0xff, 0xa0,
    0x0, 0x7f, 0xff, 0xff, 0xff, 0xff, 0xc3, 0x0,
    0x0, 0x1, 0x9f, 0xff, 0xff, 0xd5, 0x0, 0x0,
    0x0, 0x1, 0x8f, 0xff, 0xff, 0xd5, 0x0, 0x0,
    0x0, 0x7f, 0xff, 0xff, 0xff, 0xff, 0xc3, 0x0,
    0x3e, 0xff, 0xfc, 0xaf, 0xf7, 0xff, 0xff, 0xa0,
    0x5f, 0xfe, 0x60, 0x7f, 0xf1, 0x1a, 0xff, 0xe0,
    0xb, 0x91, 0x0, 0x7f, 0xf1, 0x0, 0x3c, 0x50,
    0x0, 0x0, 0x0, 0x8f, 0xf1, 0x0, 0x0, 0x0,
    0x0, 0x0, 0x0, 0x8f, 0xf2, 0x0, 0x0, 0x0,
    0x0, 0x0, 0x0, 0x6f, 0xe0, 0x0, 0x0, 0x0,

    /* U+F06A "" */
    0x0, 0x0, 0x5, 0x9b, 0xa8, 0x40, 0x0, 0x0,
    0x0, 0x6, 0xef, 0xff, 0xff, 0xfc, 0x20, 0x0,
    0x0, 0x9f, 0xff, 0xff, 0xff, 0xff, 0xf4, 0x0,
    0x7, 0xff, 0xff, 0xff, 0xff, 0xff, 0xff, 0x20,
    0x1f, 0xff, 0xff, 0x80, 0xd, 0xff, 0xff, 0xb0,
    0x7f, 0xff, 0xff, 0x80, 0xd, 0xff, 0xff, 0xf2,
    0xcf, 0xff, 0xff, 0x90, 0xe, 0xff, 0xff, 0xf6,
    0xdf, 0xff, 0xff, 0xa0, 0xf, 0xff, 0xff, 0xf8,
    0xef, 0xff, 0xff, 0xb0, 0x1f, 0xff, 0xff, 0xf8,
    0xcf, 0xff, 0xff, 0xfa, 0xcf, 0xff, 0xff, 0xf6,
    0x8f, 0xff, 0xff, 0x80, 0xd, 0xff, 0xff, 0xf2,
    0x2f, 0xff, 0xff, 0x80, 0xd, 0xff, 0xff, 0xc0,
    0x8, 0xff, 0xff, 0xf8, 0xbf, 0xff, 0xff, 0x30,
    0x0, 0xaf, 0xff, 0xff, 0xff, 0xff, 0xf5, 0x0,
    0x0, 0x8, 0xff, 0xff, 0xff, 0xfe, 0x40, 0x0,
    0x0, 0x0, 0x17, 0xbd, 0xca, 0x60, 0x0, 0x0,

    /* U+F06B "" */
    0x0, 0x9, 0xee, 0x60, 0x6, 0xdf, 0xa0, 0x0,
    0x0, 0x9f, 0x9b, 0xf8, 0x7f, 0xb9, 0xfa, 0x0,
    0x0, 0xea, 0x0, 0x9f, 0xfa, 0x0, 0x9f, 0x0,
    0x0, 0xcd, 0x10, 0xd, 0xd0, 0x1, 0xcd, 0x0,
    0xcf, 0xff, 0xff, 0xff, 0xff, 0xff, 0xff, 0xfc,
    0xff, 0xff, 0xff, 0xff, 0xff, 0xff, 0xff, 0xff,
    0xff, 0xff, 0xff, 0xff, 0xff, 0xff, 0xff, 0xff,
    0xef, 0xff, 0xff, 0xff, 0xff, 0xff, 0xff, 0xfe,
    0x0, 0x0, 0x0, 0x0, 0x0, 0x0, 0x0, 0x0,
    0xf, 0xff, 0xff, 0xf0, 0xf, 0xff, 0xff, 0xf0,
    0xf, 0xff, 0xff, 0xf0, 0xf, 0xff, 0xff, 0xf0,
    0xf, 0xff, 0xff, 0xf0, 0xf, 0xff, 0xff, 0xf0,
    0xf, 0xff, 0xff, 0xf0, 0xf, 0xff, 0xff, 0xf0,
    0xc, 0xff, 0xff, 0xf0, 0xf, 0xff, 0xff, 0xc0,

    /* U+F06C "" */
    0x0, 0x0, 0x0, 0x0, 0x0, 0x0, 0x0, 0x0,
    0x1d, 0x10, 0x0, 0x0, 0x0, 0x0, 0x0, 0x0,
    0x0, 0x1c, 0xf7, 0x0, 0x0, 0x0, 0x0, 0x0,
    0x0, 0x2, 0x6e, 0xff, 0xb0, 0x0, 0x0, 0x0,
    0x7c, 0xff, 0xff, 0xff, 0xff, 0xfd, 0x0, 0x0,
    0x1, 0xdf, 0xff, 0xff, 0xff, 0xff, 0xff, 0xf0,
    0x0, 0x0, 0xdf, 0xff, 0xff, 0xff, 0xff, 0xff,
    0xff, 0x0, 0x0, 0x7f, 0xff, 0xff, 0xff, 0xff,
    0xff, 0xff, 0xd0, 0x0, 0xc, 0xff, 0xe9, 0x52,
    0x10, 0xaf, 0xff, 0xfa, 0x0, 0x0, 0xfc, 0x41,
    0x59, 0xce, 0xff, 0xff, 0xff, 0x60, 0x0, 0x5,
    0x29, 0xff, 0xff, 0xff, 0xff, 0xff, 0xf1, 0x0,
    0x0, 0x6f, 0xff, 0xff, 0xff, 0xff, 0xff, 0xf8,
    0x0, 0x0, 0x9f, 0xff, 0xff, 0xff, 0xff, 0xff,
    0xfc, 0x0, 0x0, 0x8f, 0xfd, 0xff, 0xff, 0xff,
    0xff, 0xfd, 0x10, 0x0, 0x4f, 0xf3, 0x1c, 0xff,
    0xff, 0xff, 0xfa, 0x10, 0x0, 0xd, 0xf6, 0x0,
    0x6, 0xcf, 0xfd, 0x93, 0x0, 0x0, 0x0, 0xbc,
    0x0, 0x0, 0x0, 0x0, 0x0, 0x0, 0x0, 0x0,
    0x0, 0x0, 0x0, 0x0, 0x0, 0x0, 0x0, 0x0,
    0x0, 0x0,

    /* U+F06D "" */
    0x0, 0x0, 0x0, 0x0, 0x0, 0x0, 0x0, 0x0,
    0xa, 0x90, 0x0, 0x0, 0x0, 0x0, 0x5f, 0xe0,
    0x0, 0x0, 0x0, 0x0, 0xcf, 0xf6, 0x0, 0x0,
    0x0, 0x0, 0xff, 0xff, 0x40, 0x0, 0x0, 0x0,
    0xdf, 0xff, 0xf4, 0x0, 0x1, 0x50, 0x6f, 0xff,
    0xff, 0x40, 0xd, 0xf0, 0x9, 0xff, 0xff, 0xe1,
    0x7f, 0xf0, 0x0, 0xaf, 0xff, 0xf7, 0xcf, 0xf0,
    0x0, 0x1f, 0xff, 0xfd, 0xff, 0xf1, 0x0, 0x1f,
    0xff, 0xff, 0xff, 0xfb, 0x11, 0xbf, 0xff, 0xff,
    0xcf, 0xff, 0xff, 0xff, 0xff, 0xfc, 0x6f, 0xff,
    0xff, 0xff, 0xff, 0xf6, 0xc, 0xff, 0xff, 0xff,
    0xff, 0xc0, 0x1, 0xcf, 0xff, 0xff, 0xfc, 0x10,
    0x0, 0x6, 0xcf, 0xfc, 0x60, 0x0,

    /* U+F06E "" */
    0x0, 0x0, 0x5, 0xad, 0xff, 0xda, 0x50, 0x0,
    0x0, 0x0, 0x4, 0xdf, 0xfc, 0x88, 0xcf, 0xfd,
    0x40, 0x0, 0x0, 0x7f, 0xfe, 0x40, 0x0, 0x4,
    0xef, 0xf7, 0x0, 0x7, 0xff, 0xf4, 0x0, 0x9e,
    0x80, 0x4f, 0xff, 0x70, 0x4f, 0xff, 0xc0, 0x0,
    0xaf, 0xf8, 0xc, 0xff, 0xf4, 0xdf, 0xff, 0x80,
    0x9a, 0xff, 0xfe, 0x8, 0xff, 0xfd, 0xdf, 0xff,
    0x80, 0xef, 0xff, 0xfe, 0x8, 0xff, 0xfd, 0x4f,
    0xff, 0xc0, 0x8f, 0xff, 0xf8, 0xc, 0xff, 0xf4,
    0x7, 0xff, 0xf4, 0x8, 0xee, 0x80, 0x4f, 0xff,
    0x70, 0x0, 0x7f, 0xfe, 0x40, 0x0, 0x4, 0xef,
    0xf8, 0x0, 0x0, 0x4, 0xdf, 0xfc, 0x88, 0xcf,
    0xfd, 0x40, 0x0, 0x0, 0x0, 0x5, 0xad, 0xff,
    0xda, 0x50, 0x0, 0x0,

    /* U+F070 "" */
    0x8c, 0x20, 0x0, 0x0, 0x0, 0x0, 0x0, 0x0,
    0x0, 0x0, 0xdf, 0xe4, 0x0, 0x0, 0x0, 0x0,
    0x0, 0x0, 0x0, 0x0, 0x1b, 0xff, 0x80, 0x49,
    0xdf, 0xfd, 0xa5, 0x0, 0x0, 0x0, 0x0, 0x7f,
    0xff, 0xff, 0xd8, 0x8c, 0xff, 0xd4, 0x0, 0x0,
    0x0, 0x4, 0xef, 0xf8, 0x0, 0x0, 0x4e, 0xff,
    0x70, 0x0, 0x0, 0x0, 0x1c, 0xff, 0x69, 0xe8,
    0x4, 0xff, 0xf7, 0x0, 0x4, 0xe3, 0x0, 0x9f,
    0xfe, 0xff, 0x80, 0xcf, 0xff, 0x40, 0xd, 0xff,
    0x70, 0x5, 0xff, 0xff, 0xe0, 0x8f, 0xff, 0xd0,
    0xd, 0xff, 0xf7, 0x0, 0x2d, 0xff, 0xe0, 0x8f,
    0xff, 0xd0, 0x4, 0xff, 0xfc, 0x0, 0x0, 0xaf,
    0xf8, 0xcf, 0xff, 0x30, 0x0, 0x7f, 0xff, 0x40,
    0x0, 0x6, 0xff, 0xff, 0xf7, 0x0, 0x0, 0x8,
    0xff, 0xf4, 0x0, 0x0, 0x3e, 0xff, 0xa0, 0x0,
    0x0, 0x0, 0x4d, 0xff, 0xc8, 0x82, 0x1, 0xbf,
    0xf7, 0x0, 0x0, 0x0, 0x0, 0x5a, 0xdf, 0xfc,
    0x10, 0x8, 0xff, 0xb0, 0x0, 0x0, 0x0, 0x0,
    0x0, 0x0, 0x0, 0x0, 0x4e, 0xfd, 0x0, 0x0,
    0x0, 0x0, 0x0, 0x0, 0x0, 0x0, 0x2, 0xc8,

    /* U+F071 "" */
    0x0, 0x0, 0x0, 0x0, 0x2d, 0xd2, 0x0, 0x0,
    0x0, 0x0, 0x0, 0x0, 0x0, 0x0, 0xbf, 0xfb,
    0x0, 0x0, 0x0, 0x0, 0x0, 0x0, 0x0, 0x5,
    0xff, 0xff, 0x50, 0x0, 0x0, 0x0, 0x0, 0x0,
    0x0, 0xd, 0xff, 0xff, 0xd0, 0x0, 0x0, 0x0,
    0x0, 0x0, 0x0, 0x7f, 0xff, 0xff, 0xf7, 0x0,
    0x0, 0x0, 0x0, 0x0, 0x1, 0xff, 0xd8, 0x8d,
    0xff, 0x10, 0x0, 0x0, 0x0, 0x0, 0xa, 0xff,
    0xa0, 0xa, 0xff, 0xa0, 0x0, 0x0, 0x0, 0x0,
    0x3f, 0xff, 0xb0, 0xb, 0xff, 0xf3, 0x0, 0x0,
    0x0, 0x0, 0xcf, 0xff, 0xc0, 0xc, 0xff, 0xfc,
    0x0, 0x0, 0x0, 0x5, 0xff, 0xff, 0xd0, 0xd,
    0xff, 0xff, 0x50, 0x0, 0x0, 0xe, 0xff, 0xff,
    0xf9, 0x9f, 0xff, 0xff, 0xe0, 0x0, 0x0, 0x8f,
    0xff, 0xff, 0xe2, 0x2e, 0xff, 0xff, 0xf8, 0x0,
    0x2, 0xff, 0xff, 0xff, 0x90, 0x9, 0xff, 0xff,
    0xff, 0x10, 0xa, 0xff, 0xff, 0xff, 0xe3, 0x3e,
    0xff, 0xff, 0xff, 0xa0, 0xf, 0xff, 0xff, 0xff,
    0xff, 0xff, 0xff, 0xff, 0xff, 0xf0, 0x8, 0xff,
    0xff, 0xff, 0xff, 0xff, 0xff, 0xff, 0xff, 0x80,

    /* U+F072 "" */
    0x0, 0x0, 0x0, 0xbf, 0xf4, 0x0, 0x0, 0x0,
    0x0, 0x0, 0x0, 0x0, 0x9, 0xff, 0xd0, 0x0,
    0x0, 0x0, 0x0, 0x0, 0x0, 0x0, 0x4f, 0xff,
    0x70, 0x0, 0x0, 0x0, 0x0, 0x0, 0x0, 0x0,
    0xff, 0xfe, 0x10, 0x0, 0x0, 0x0, 0xe, 0xf6,
    0x0, 0xb, 0xff, 0xf9, 0x0, 0x0, 0x0, 0x0,
    0xbf, 0xf2, 0x0, 0x6f, 0xff, 0xf2, 0x0, 0x0,
    0x0, 0x7, 0xff, 0xff, 0xff, 0xff, 0xff, 0xff,
    0xff, 0xe9, 0x10, 0x2f, 0xff, 0xff, 0xff, 0xff,
    0xff, 0xff, 0xff, 0xfd, 0x2, 0xff, 0xff, 0xff,
    0xff, 0xff, 0xff, 0xff, 0xff, 0xd0, 0x7f, 0xff,
    0xff, 0xff, 0xff, 0xff, 0xff, 0xfe, 0x91, 0xb,
    0xff, 0x20, 0x6, 0xff, 0xff, 0x20, 0x0, 0x0,
    0x0, 0xef, 0x60, 0x0, 0xbf, 0xff, 0x90, 0x0,
    0x0, 0x0, 0x0, 0x0, 0x0, 0xf, 0xff, 0xe1,
    0x0, 0x0, 0x0, 0x0, 0x0, 0x0, 0x4, 0xff,
    0xf7, 0x0, 0x0, 0x0, 0x0, 0x0, 0x0, 0x0,
    0x9f, 0xfd, 0x0, 0x0, 0x0, 0x0, 0x0, 0x0,
    0x0, 0xb, 0xff, 0x40, 0x0, 0x0, 0x0, 0x0,

    /* U+F073 "" */
    0x0, 0xe, 0xe0, 0x0, 0xe, 0xe0, 0x0, 0x0,
    0xf, 0xf0, 0x0, 0xf, 0xf0, 0x0, 0x8f, 0xff,
    0xff, 0xff, 0xff, 0xff, 0xf8, 0xff, 0xff, 0xff,
    0xff, 0xff, 0xff, 0xff, 0xff, 0xff, 0xff, 0xff,
    0xff, 0xff, 0xff, 0x0, 0x0, 0x0, 0x0, 0x0,
    0x0, 0x0, 0xff, 0xff, 0xff, 0xff, 0xff, 0xff,
    0xff, 0xff, 0xff, 0xff, 0xff, 0xff, 0xff, 0xff,
    0xff, 0x0, 0xff, 0x0, 0xff, 0x0, 0xff, 0xff,
    0x0, 0xff, 0x0, 0xff, 0x0, 0xff, 0xff, 0xff,
    0xff, 0xff, 0xff, 0xff, 0xff, 0xff, 0xff, 0xff,
    0xff, 0xff, 0xff, 0xff, 0xff, 0x0, 0xff, 0x0,
    0xff, 0x0, 0xff, 0xff, 0x0, 0xff, 0x0, 0xff,
    0x0, 0xff, 0xff, 0xff, 0xff, 0xff, 0xff, 0xff,
    0xff, 0x8f, 0xff, 0xff, 0xff, 0xff, 0xff, 0xf8,

    /* U+F074 "" */
    0x0, 0x0, 0x0, 0x0, 0x0, 0x0, 0x0, 0x0,
    0x0, 0x0, 0x0, 0x0, 0x0, 0x0, 0xd8, 0x0,
    0x0, 0x0, 0x0, 0x0, 0x0, 0x0, 0xff, 0x80,
    0xff, 0xff, 0x70, 0x0, 0x7, 0xff, 0xff, 0xf8,
    0xff, 0xff, 0xf6, 0x0, 0x6f, 0xff, 0xff, 0xfd,
    0x78, 0x8e, 0xff, 0x15, 0xff, 0xe8, 0xff, 0xe2,
    0x0, 0x2, 0xe5, 0x4f, 0xfe, 0x20, 0xfe, 0x20,
    0x0, 0x0, 0x13, 0xff, 0xf3, 0x0, 0x52, 0x0,
    0x0, 0x0, 0x3f, 0xff, 0x31, 0x0, 0x52, 0x0,
    0x0, 0x2, 0xef, 0xf4, 0x5e, 0x20, 0xfe, 0x20,
    0x78, 0x8e, 0xff, 0x51, 0xff, 0xe8, 0xff, 0xe2,
    0xff, 0xff, 0xf6, 0x0, 0x6f, 0xff, 0xff, 0xfd,
    0xff, 0xff, 0x70, 0x0, 0x7, 0xff, 0xff, 0xf8,
    0x0, 0x0, 0x0, 0x0, 0x0, 0x0, 0xff, 0x80,
    0x0, 0x0, 0x0, 0x0, 0x0, 0x0, 0xd8, 0x0,
    0x0, 0x0, 0x0, 0x0, 0x0, 0x0, 0x0, 0x0,

    /* U+F075 "" */
    0x0, 0x0, 0x5, 0xad, 0xff, 0xda, 0x50, 0x0,
    0x0, 0x0, 0x3d, 0xff, 0xff, 0xff, 0xff, 0xd3,
    0x0, 0x0, 0x4f, 0xff, 0xff, 0xff, 0xff, 0xff,
    0xf4, 0x0, 0x2f, 0xff, 0xff, 0xff, 0xff, 0xff,
    0xff, 0xf1, 0x9, 0xff, 0xff, 0xff, 0xff, 0xff,
    0xff, 0xff, 0x90, 0xef, 0xff, 0xff, 0xff, 0xff,
    0xff, 0xff, 0xfe, 0xf, 0xff, 0xff, 0xff, 0xff,
    0xff, 0xff, 0xff, 0xf0, 0xef, 0xff, 0xff, 0xff,
    0xff, 0xff, 0xff, 0xfe, 0x9, 0xff, 0xff, 0xff,
    0xff, 0xff, 0xff, 0xff, 0x90, 0x2f, 0xff, 0xff,
    0xff, 0xff, 0xff, 0xff, 0xf2, 0x0, 0x6f, 0xff,
    0xff, 0xff, 0xff, 0xff, 0xf4, 0x0, 0x9, 0xff,
    0xff, 0xff, 0xff, 0xff, 0xd3, 0x0, 0x2, 0xff,
    0xf9, 0xad, 0xff, 0xea, 0x50, 0x0, 0x0, 0xcd,
    0x92, 0x0, 0x0, 0x0, 0x0, 0x0, 0x0,

    /* U+F076 "" */
    0x2, 0x22, 0x10, 0x0, 0x0, 0x1, 0x22, 0x20,
    0xdf, 0xff, 0xf5, 0x0, 0x0, 0x5f, 0xff, 0xfd,
    0xff, 0xff, 0xf8, 0x0, 0x0, 0x8f, 0xff, 0xff,
    0xff, 0xff, 0xf8, 0x0, 0x0, 0x8f, 0xff, 0xff,
    0xcd, 0xdd, 0xd6, 0x0, 0x0, 0x6d, 0xdd, 0xdc,
    0x22, 0x22, 0x20, 0x0, 0x0, 0x2, 0x22, 0x22,
    0xff, 0xff, 0xf7, 0x0, 0x0, 0x7f, 0xff, 0xff,
    0xff, 0xff, 0xf8, 0x0, 0x0, 0x8f, 0xff, 0xff,
    0xff, 0xff, 0xf9, 0x0, 0x0, 0x9f, 0xff, 0xff,
    0xdf, 0xff, 0xfe, 0x0, 0x0, 0xef, 0xff, 0xfc,
    0x8f, 0xff, 0xff, 0xc4, 0x4c, 0xff, 0xff, 0xf8,
    0x1e, 0xff, 0xff, 0xff, 0xff, 0xff, 0xff, 0xf1,
    0x4, 0xff, 0xff, 0xff, 0xff, 0xff, 0xff, 0x40,
    0x0, 0x5f, 0xff, 0xff, 0xff, 0xff, 0xf6, 0x0,
    0x0, 0x2, 0xbf, 0xff, 0xff, 0xfb, 0x20, 0x0,
    0x0, 0x0, 0x1, 0x68, 0x86, 0x20, 0x0, 0x0,

    /* U+F077 "" */
    0x0, 0x0, 0x0, 0x0, 0x0, 0x0, 0x0, 0x0,
    0x0, 0x1, 0xdd, 0x10, 0x0, 0x0, 0x0, 0x0,
    0x1d, 0xff, 0xd1, 0x0, 0x0, 0x0, 0x1, 0xdf,
    0xff, 0xfd, 0x10, 0x0, 0x0, 0x1d, 0xff, 0x99,
    0xff, 0xd1, 0x0, 0x1, 0xdf, 0xf9, 0x0, 0x9f,
    0xfd, 0x10, 0x1d, 0xff, 0x90, 0x0, 0x9, 0xff,
    0xd1, 0xbf, 0xf9, 0x0, 0x0, 0x0, 0x9f, 0xfb,
    0x5f, 0x90, 0x0, 0x0, 0x0, 0x9, 0xf5, 0x0,
    0x0, 0x0, 0x0, 0x0, 0x0, 0x0,

    /* U+F078 "" */
    0x0, 0x0, 0x0, 0x0, 0x0, 0x0, 0x0, 0x5f,
    0x90, 0x0, 0x0, 0x0, 0x9, 0xf5, 0xbf, 0xf9,
    0x0, 0x0, 0x0, 0x9f, 0xfb, 0x1d, 0xff, 0x90,
    0x0, 0x9, 0xff, 0xd1, 0x1, 0xdf, 0xf9, 0x0,
    0x9f, 0xfd, 0x10, 0x0, 0x1d, 0xff, 0x99, 0xff,
    0xd1, 0x0, 0x0, 0x1, 0xdf, 0xff, 0xfd, 0x10,
    0x0, 0x0, 0x0, 0x1d, 0xff, 0xd1, 0x0, 0x0,
    0x0, 0x0, 0x1, 0xdd, 0x10, 0x0, 0x0, 0x0,
    0x0, 0x0, 0x0, 0x0, 0x0, 0x0,

    /* U+F079 "" */
    0x0, 0x0, 0x0, 0x0, 0x0, 0x0, 0x0, 0x0,
    0x0, 0x0, 0x0, 0x1d, 0xd1, 0x0, 0x0, 0x0,
    0x0, 0x0, 0x0, 0x0, 0x1, 0xdf, 0xfd, 0x10,
    0xef, 0xff, 0xff, 0xff, 0xd0, 0x0, 0x1d, 0xff,
    0xff, 0xd1, 0xaf, 0xff, 0xff, 0xff, 0xf0, 0x0,
    0xcf, 0xcf, 0xfc, 0xfc, 0x0, 0x0, 0x0, 0xf,
    0xf0, 0x0, 0x6b, 0x1f, 0xf1, 0xb6, 0x0, 0x0,
    0x0, 0xf, 0xf0, 0x0, 0x0, 0xf, 0xf0, 0x0,
    0x0, 0x0, 0x0, 0xf, 0xf0, 0x0, 0x0, 0xf,
    0xf0, 0x0, 0x0, 0x0, 0x0, 0xf, 0xf0, 0x0,
    0x0, 0xf, 0xf0, 0x0, 0x0, 0x0, 0x6b, 0x1f,
    0xf1, 0xb6, 0x0, 0xf, 0xf0, 0x0, 0x0, 0x0,
    0xcf, 0xcf, 0xfc, 0xfc, 0x0, 0xf, 0xff, 0xff,
    0xff, 0xfa, 0x1d, 0xff, 0xff, 0xd1, 0x0, 0xd,
    0xff, 0xff, 0xff, 0xfe, 0x1, 0xdf, 0xfd, 0x10,
    0x0, 0x0, 0x0, 0x0, 0x0, 0x0, 0x0, 0x1d,
    0xd1, 0x0, 0x0, 0x0, 0x0, 0x0, 0x0, 0x0,
    0x0, 0x0, 0x0, 0x0,

    /* U+F07A "" */
    0xd, 0xff, 0xf8, 0x0, 0x0, 0x0, 0x0, 0x0,
    0x0, 0x0, 0xd, 0xff, 0xfd, 0x0, 0x0, 0x0,
    0x0, 0x0, 0x0, 0x0, 0x0, 0x0, 0xff, 0xff,
    0xff, 0xff, 0xff, 0xff, 0xff, 0xd0, 0x0, 0x0,
    0xcf, 0xff, 0xff, 0xff, 0xff, 0xff, 0xff, 0xd0,
    0x0, 0x0, 0x9f, 0xff, 0xff, 0xff, 0xff, 0xff,
    0xff, 0x90, 0x0, 0x0, 0x5f, 0xff, 0xff, 0xff,
    0xff, 0xff, 0xff, 0x50, 0x0, 0x0, 0x2f, 0xff,
    0xff, 0xff, 0xff, 0xff, 0xff, 0x20, 0x0, 0x0,
    0xf, 0xff, 0xff, 0xff, 0xff, 0xff, 0xfe, 0x0,
    0x0, 0x0, 0xc, 0xff, 0xff, 0xff, 0xff, 0xff,
    0xfb, 0x0, 0x0, 0x0, 0x8, 0xff, 0xff, 0xff,
    0xff, 0xff, 0xf6, 0x0, 0x0, 0x0, 0x5, 0xfb,
    0x0, 0x0, 0x0, 0x0, 0x0, 0x0, 0x0, 0x0,
    0x2, 0xff, 0xff, 0xff, 0xff, 0xff, 0xc0, 0x0,
    0x0, 0x0, 0x0, 0xff, 0xff, 0xff, 0xff, 0xff,
    0xd0, 0x0, 0x0, 0x0, 0x8, 0xff, 0x80, 0x0,
    0x0, 0x8f, 0xf7, 0x0, 0x0, 0x0, 0xb, 0xff,
    0xa0, 0x0, 0x0, 0xbf, 0xfa, 0x0, 0x0, 0x0,
    0x3, 0xed, 0x30, 0x0, 0x0, 0x3e, 0xd3, 0x0,

    /* U+F07B "" */
    0x8f, 0xff, 0xff, 0xd1, 0x0, 0x0, 0x0, 0x0,
    0xff, 0xff, 0xff, 0xfd, 0x10, 0x0, 0x0, 0x0,
    0xff, 0xff, 0xff, 0xff, 0xff, 0xff, 0xff, 0xf8,
    0xff, 0xff, 0xff, 0xff, 0xff, 0xff, 0xff, 0xff,
    0xff, 0xff, 0xff, 0xff, 0xff, 0xff, 0xff, 0xff,
    0xff, 0xff, 0xff, 0xff, 0xff, 0xff, 0xff, 0xff,
    0xff, 0xff, 0xff, 0xff, 0xff, 0xff, 0xff, 0xff,
    0xff, 0xff, 0xff, 0xff, 0xff, 0xff, 0xff, 0xff,
    0xff, 0xff, 0xff, 0xff, 0xff, 0xff, 0xff, 0xff,
    0xff, 0xff, 0xff, 0xff, 0xff, 0xff, 0xff, 0xff,
    0xff, 0xff, 0xff, 0xff, 0xff, 0xff, 0xff, 0xff,
    0x8f, 0xff, 0xff, 0xff, 0xff, 0xff, 0xff, 0xf8,

    /* U+F07C "" */
    0x8f, 0xff, 0xff, 0xd1, 0x0, 0x0, 0x0, 0x0,
    0x0, 0xf, 0xff, 0xff, 0xff, 0xd1, 0x0, 0x0,
    0x0, 0x0, 0x0, 0xff, 0xff, 0xff, 0xff, 0xff,
    0xff, 0xff, 0x80, 0x0, 0xf, 0xff, 0xff, 0xff,
    0xff, 0xff, 0xff, 0xff, 0x0, 0x0, 0xff, 0xff,
    0xff, 0xff, 0xff, 0xff, 0xff, 0xf0, 0x0, 0xf,
    0xfe, 0x50, 0x0, 0x0, 0x0, 0x0, 0x0, 0x0,
    0x0, 0xff, 0x37, 0xff, 0xff, 0xff, 0xff, 0xff,
    0xff, 0xfd, 0xf, 0x94, 0xff, 0xff, 0xff, 0xff,
    0xff, 0xff, 0xff, 0xa0, 0xe1, 0xdf, 0xff, 0xff,
    0xff, 0xff, 0xff, 0xff, 0xf2, 0x6, 0x7f, 0xff,
    0xff, 0xff, 0xff, 0xff, 0xff, 0xf8, 0x0, 0x1f,
    0xff, 0xff, 0xff, 0xff, 0xff, 0xff, 0xfe, 0x0,
    0x3, 0xff, 0xff, 0xff, 0xff, 0xff, 0xff, 0xfd,
    0x30, 0x0,

    /* U+F080 "" */
    0xee, 0x0, 0x0, 0x0, 0x0, 0x0, 0xf, 0xf0,
    0xff, 0x0, 0x0, 0xf, 0xf0, 0x0, 0xf, 0xf0,
    0xff, 0x0, 0x0, 0xf, 0xf0, 0x0, 0xf, 0xf0,
    0xff, 0x0, 0x0, 0xf, 0xf0, 0xff, 0xf, 0xf0,
    0xff, 0x0, 0x0, 0xf, 0xf0, 0xff, 0xf, 0xf0,
    0xff, 0x0, 0xff, 0xf, 0xf0, 0xff, 0xf, 0xf0,
    0xff, 0x0, 0xff, 0xf, 0xf0, 0xff, 0xf, 0xf0,
    0xff, 0x0, 0xff, 0xf, 0xf0, 0xff, 0xf, 0xf0,
    0xff, 0x0, 0x0, 0x0, 0x0, 0x0, 0x0, 0x0,
    0xff, 0x0, 0x0, 0x0, 0x0, 0x0, 0x0, 0x0,
    0xff, 0xff, 0xff, 0xff, 0xff, 0xff, 0xff, 0xfe,
    0xcf, 0xff, 0xff, 0xff, 0xff, 0xff, 0xff, 0xfe,

    /* U+F081 "" */
    0x8f, 0xff, 0xff, 0xff, 0xff, 0xff, 0xf8, 0xff,
    0xff, 0xff, 0xff, 0xff, 0xff, 0xff, 0xff, 0xff,
    0xff, 0xff, 0xff, 0xff, 0xff, 0xff, 0xbe, 0xff,
    0xf9, 0x1, 0x7a, 0xff, 0xff, 0x72, 0xcf, 0xf0,
    0x0, 0xa, 0xff, 0xff, 0xb0, 0x3, 0x50, 0x0,
    0x1f, 0xff, 0xff, 0x90, 0x0, 0x0, 0x0, 0x3f,
    0xff, 0xff, 0xf4, 0x0, 0x0, 0x0, 0x8f, 0xff,
    0xff, 0xf8, 0x0, 0x0, 0x1, 0xff, 0xff, 0xff,
    0xff, 0x60, 0x0, 0x1c, 0xff, 0xff, 0xff, 0xc3,
    0x0, 0x17, 0xef, 0xff, 0xff, 0xff, 0xff, 0xff,
    0xff, 0xff, 0xff, 0xff, 0xff, 0xff, 0xff, 0xff,
    0xff, 0xff, 0xff, 0x8f, 0xff, 0xff, 0xff, 0xff,
    0xff, 0xf8,

    /* U+F082 "" */
    0x8f, 0xff, 0xff, 0xff, 0xff, 0xff, 0xf8, 0xff,
    0xff, 0xff, 0xff, 0xff, 0xff, 0xff, 0xff, 0xff,
    0xff, 0xf8, 0x45, 0xbf, 0xff, 0xff, 0xff, 0xff,
    0x40, 0x0, 0x9f, 0xff, 0xff, 0xff, 0xfe, 0x0,
    0x4a, 0xdf, 0xff, 0xff, 0xff, 0xfc, 0x0, 0xcf,
    0xff, 0xff, 0xff, 0xff, 0xfc, 0x0, 0xcf, 0xff,
    0xff, 0xff, 0xfd, 0x0, 0x0, 0x0, 0xbf, 0xff,
    0xff, 0xfd, 0x0, 0x0, 0x0, 0xdf, 0xff, 0xff,
    0xff, 0xc9, 0x0, 0x9c, 0xff, 0xff, 0xff, 0xff,
    0xfc, 0x0, 0xcf, 0xff, 0xff, 0xff, 0xff, 0xfc,
    0x0, 0xcf, 0xff, 0xff, 0xff, 0xff, 0xfc, 0x0,
    0xcf, 0xff, 0xff, 0x8f, 0xff, 0xfc, 0x0, 0xcf,
    0xff, 0xf8,

    /* U+F083 "" */
    0x8f, 0xff, 0xff, 0xff, 0xff, 0xff, 0xff, 0xf8,
    0xf1, 0x0, 0xf, 0x30, 0x0, 0x0, 0x0, 0x1f,
    0xf8, 0x88, 0x85, 0x0, 0x0, 0x0, 0x0, 0xf,
    0xf0, 0x0, 0x0, 0x0, 0x0, 0x0, 0x0, 0xf,
    0xff, 0xff, 0xff, 0xfc, 0xcf, 0xff, 0xff, 0xff,
    0xff, 0xff, 0xfb, 0x13, 0x31, 0xbf, 0xff, 0xff,
    0xff, 0xff, 0xd1, 0xb8, 0xcc, 0x1d, 0xff, 0xff,
    0xff, 0xff, 0x68, 0x45, 0xdf, 0x86, 0xff, 0xff,
    0xff, 0xff, 0x4b, 0x2f, 0xff, 0xb4, 0xff, 0xff,
    0xff, 0xff, 0x67, 0xff, 0xff, 0x76, 0xff, 0xff,
    0xff, 0xff, 0xd0, 0xaf, 0xfa, 0xd, 0xff, 0xff,
    0xff, 0xff, 0xfb, 0x10, 0x1, 0xbf, 0xff, 0xff,
    0xff, 0xff, 0xff, 0xfc, 0xcf, 0xff, 0xff, 0xff,
    0x8f, 0xff, 0xff, 0xff, 0xff, 0xff, 0xff, 0xf8,

    /* U+F084 "" */
    0x0, 0x0, 0x0, 0x2, 0x9d, 0xfe, 0x92, 0x0,
    0x0, 0x0, 0x0, 0x4f, 0xff, 0xff, 0xff, 0x40,
    0x0, 0x0, 0x2, 0xff, 0xff, 0xfa, 0xaf, 0xf2,
    0x0, 0x0, 0x9, 0xff, 0xff, 0xa0, 0xa, 0xf9,
    0x0, 0x0, 0xd, 0xff, 0xff, 0xa0, 0xa, 0xfe,
    0x0, 0x0, 0xf, 0xff, 0xff, 0xfa, 0xaf, 0xff,
    0x0, 0x0, 0xe, 0xff, 0xff, 0xff, 0xff, 0xfe,
    0x0, 0x0, 0x1e, 0xff, 0xff, 0xff, 0xff, 0xf9,
    0x0, 0x1, 0xef, 0xff, 0xff, 0xff, 0xff, 0xf2,
    0x0, 0x1e, 0xff, 0xff, 0xff, 0xff, 0xff, 0x40,
    0x1, 0xef, 0xff, 0xff, 0xff, 0xfe, 0x92, 0x0,
    0x1e, 0xff, 0xff, 0xff, 0xd1, 0x0, 0x0, 0x0,
    0xdf, 0xff, 0xff, 0xf0, 0x0, 0x0, 0x0, 0x0,
    0xff, 0xff, 0xff, 0xd0, 0x0, 0x0, 0x0, 0x0,
    0xff, 0xff, 0xf0, 0x0, 0x0, 0x0, 0x0, 0x0,
    0xdf, 0xff, 0xd0, 0x0, 0x0, 0x0, 0x0, 0x0,

    /* U+F085 "" */
    0x0, 0x0, 0x0, 0x0, 0x0, 0x0, 0x0, 0x0,
    0x0, 0x0, 0x0, 0x0, 0x0, 0x0, 0x1, 0x0,
    0x0, 0x0, 0x8, 0xe6, 0xe8, 0x0, 0x0, 0x0,
    0x0, 0xef, 0xf7, 0x0, 0x0, 0xb, 0xff, 0xfb,
    0x0, 0x0, 0x0, 0x1, 0xff, 0xf9, 0x0, 0x0,
    0x9f, 0xb3, 0xbf, 0x90, 0x0, 0x9a, 0x7f, 0xff,
    0xff, 0xc6, 0xc3, 0xef, 0x70, 0x7f, 0xe0, 0x6,
    0xff, 0xff, 0xff, 0xff, 0xff, 0xfd, 0x2d, 0xea,
    0xed, 0x10, 0xe, 0xff, 0xff, 0xfb, 0xdf, 0xff,
    0xff, 0x6c, 0xff, 0xfc, 0x0, 0x6, 0xff, 0xfe,
    0x10, 0xa, 0xff, 0xfb, 0x22, 0x60, 0x62, 0x0,
    0x0, 0xaf, 0xf9, 0x0, 0x1, 0xff, 0xf1, 0x0,
    0x0, 0x0, 0x0, 0x0, 0xaf, 0xf9, 0x0, 0x1,
    0xff, 0xf1, 0x0, 0x0, 0x0, 0x0, 0x7, 0xff,
    0xff, 0x40, 0x9, 0xff, 0xfc, 0x22, 0x60, 0x62,
    0x0, 0xd, 0xff, 0xff, 0xfd, 0xef, 0xff, 0xff,
    0x5c, 0xff, 0xfc, 0x0, 0x5, 0xff, 0xff, 0xff,
    0xff, 0xff, 0xfd, 0x2d, 0xe9, 0xed, 0x10, 0x0,
    0x89, 0x6e, 0xff, 0xff, 0xb5, 0xb2, 0xef, 0x70,
    0x7f, 0xe0, 0x0, 0x0, 0x1, 0xff, 0xf9, 0x0,
    0x0, 0x9f, 0xc4, 0xcf, 0x90, 0x0, 0x0, 0x0,
    0xdf, 0xf6, 0x0, 0x0, 0xb, 0xff, 0xfb, 0x0,
    0x0, 0x0, 0x0, 0x0, 0x0, 0x0, 0x0, 0x8,
    0xe6, 0xe8, 0x0, 0x0, 0x0, 0x0, 0x0, 0x0,
    0x0, 0x0, 0x0, 0x0, 0x0, 0x0,

    /* U+F086 "" */
    0x0, 0x0, 0x6b, 0xef, 0xeb, 0x60, 0x0, 0x0,
    0x0, 0x0, 0x0, 0x3d, 0xff, 0xff, 0xff, 0xfd,
    0x30, 0x0, 0x0, 0x0, 0x2, 0xff, 0xff, 0xff,
    0xff, 0xff, 0xf2, 0x0, 0x0, 0x0, 0xa, 0xff,
    0xff, 0xff, 0xff, 0xff, 0xfa, 0x0, 0x0, 0x0,
    0xf, 0xff, 0xff, 0xff, 0xff, 0xff, 0xff, 0x6,
    0x0, 0x0, 0xf, 0xff, 0xff, 0xff, 0xff, 0xff,
    0xfe, 0xf, 0xd2, 0x0, 0xa, 0xff, 0xff, 0xff,
    0xff, 0xff, 0xfa, 0x4f, 0xff, 0x20, 0x2, 0xff,
    0xff, 0xff, 0xff, 0xff, 0xf2, 0xbf, 0xff, 0xa0,
    0x2, 0xff, 0xff, 0xff, 0xff, 0xfd, 0x37, 0xff,
    0xff, 0xf0, 0xc, 0xc7, 0x6b, 0xef, 0xeb, 0x61,
    0x9f, 0xff, 0xff, 0xf0, 0x0, 0x0, 0x0, 0x0,
    0x13, 0x8e, 0xff, 0xff, 0xff, 0xa0, 0x0, 0x0,
    0x0, 0x2e, 0xff, 0xff, 0xff, 0xff, 0xff, 0x20,
    0x0, 0x0, 0x0, 0x3, 0xdf, 0xff, 0xff, 0xff,
    0xff, 0x20, 0x0, 0x0, 0x0, 0x0, 0x6, 0xbe,
    0xfe, 0xb6, 0x7c, 0xc0,

    /* U+F089 "" */
    0x0, 0x0, 0x0, 0x0, 0xc0, 0x0, 0x0, 0x0,
    0x5f, 0x0, 0x0, 0x0, 0xd, 0xf0, 0x0, 0x0,
    0x5, 0xff, 0x0, 0x0, 0x13, 0xdf, 0xf1, 0x9c,
    0xff, 0xff, 0xff, 0x4f, 0xff, 0xff, 0xff, 0xf0,
    0x9f, 0xff, 0xff, 0xff, 0x0, 0x9f, 0xff, 0xff,
    0xf0, 0x0, 0x8f, 0xff, 0xff, 0x0, 0x0, 0xdf,
    0xff, 0xf0, 0x0, 0xf, 0xff, 0xff, 0x0, 0x2,
    0xff, 0xff, 0xf0, 0x0, 0x4f, 0xff, 0xff, 0x0,
    0x7, 0xff, 0xf8, 0x10, 0x0, 0x5e, 0x91, 0x0,
    0x0, 0x0, 0x0, 0x0, 0x0,

    /* U+F08C "" */
    0xcf, 0xff, 0xff, 0xff, 0xff, 0xff, 0xfc, 0xff,
    0xff, 0xff, 0xff, 0xff, 0xff, 0xff, 0xff, 0x41,
    0xdf, 0xff, 0xff, 0xff, 0xff, 0xff, 0x20, 0xbf,
    0xff, 0xff, 0xff, 0xff, 0xff, 0xfe, 0xff, 0xff,
    0xff, 0xff, 0xff, 0xff, 0x31, 0xe7, 0x17, 0x63,
    0x5d, 0xff, 0xff, 0x20, 0xe6, 0x0, 0x0, 0x4,
    0xff, 0xff, 0x20, 0xe6, 0x2, 0xea, 0x1, 0xff,
    0xff, 0x20, 0xe6, 0x5, 0xfe, 0x0, 0xff, 0xff,
    0x20, 0xe6, 0x6, 0xff, 0x0, 0xff, 0xff, 0x20,
    0xe6, 0x6, 0xff, 0x0, 0xff, 0xff, 0x20, 0xe6,
    0x6, 0xff, 0x0, 0xff, 0xff, 0xff, 0xff, 0xff,
    0xff, 0xff, 0xff, 0xcf, 0xff, 0xff, 0xff, 0xff,
    0xff, 0xfc,

    /* U+F08D "" */
    0xd, 0xff, 0xff, 0xff, 0xff, 0xd0, 0xf, 0xff,
    0xff, 0xff, 0xff, 0xf0, 0xd, 0xff, 0xff, 0xff,
    0xff, 0xd0, 0x0, 0xf, 0xff, 0xff, 0xf0, 0x0,
    0x0, 0x1f, 0xff, 0xff, 0xf1, 0x0, 0x0, 0x3f,
    0xff, 0xff, 0xf3, 0x0, 0x0, 0x5f, 0xff, 0xff,
    0xf5, 0x0, 0x8, 0xff, 0xff, 0xff, 0xff, 0x80,
    0x6f, 0xff, 0xff, 0xff, 0xff, 0xf6, 0xdf, 0xff,
    0xff, 0xff, 0xff, 0xfe, 0xdf, 0xff, 0xff, 0xff,
    0xff, 0xfd, 0x0, 0x0, 0xf, 0xf0, 0x0, 0x0,
    0x0, 0x0, 0xf, 0xf0, 0x0, 0x0, 0x0, 0x0,
    0xf, 0xf0, 0x0, 0x0, 0x0, 0x0, 0xe, 0xe0,
    0x0, 0x0, 0x0, 0x0, 0x6, 0x60, 0x0, 0x0,

    /* U+F091 "" */
    0x0, 0x0, 0xdf, 0xff, 0xff, 0xff, 0xfd, 0x0,
    0x0, 0x0, 0x0, 0xff, 0xff, 0xff, 0xff, 0xff,
    0x0, 0x0, 0xdf, 0xff, 0xff, 0xff, 0xff, 0xff,
    0xff, 0xff, 0xfd, 0xff, 0xff, 0xff, 0xff, 0xff,
    0xff, 0xff, 0xff, 0xff, 0xff, 0x0, 0xff, 0xff,
    0xff, 0xff, 0xff, 0x0, 0xff, 0xcf, 0x80, 0xdf,
    0xff, 0xff, 0xff, 0xfd, 0x8, 0xfc, 0x4f, 0xfc,
    0xcf, 0xff, 0xff, 0xff, 0xfc, 0xcf, 0xf4, 0x4,
    0xef, 0xff, 0xff, 0xff, 0xff, 0xff, 0xfe, 0x40,
    0x0, 0x7, 0xbf, 0xff, 0xff, 0xff, 0xfb, 0x70,
    0x0, 0x0, 0x0, 0x3, 0xff, 0xff, 0xff, 0x30,
    0x0, 0x0, 0x0, 0x0, 0x0, 0x6f, 0xff, 0xf6,
    0x0, 0x0, 0x0, 0x0, 0x0, 0x0, 0x8, 0xff,
    0x80, 0x0, 0x0, 0x0, 0x0, 0x0, 0x0, 0x8,
    0xff, 0x80, 0x0, 0x0, 0x0, 0x0, 0x0, 0x6,
    0x8c, 0xff, 0xc8, 0x60, 0x0, 0x0, 0x0, 0x0,
    0xcf, 0xff, 0xff, 0xff, 0xfc, 0x0, 0x0, 0x0,
    0x0, 0xff, 0xff, 0xff, 0xff, 0xff, 0x0, 0x0,

    /* U+F092 "" */
    0x8f, 0xff, 0xff, 0xff, 0xff, 0xff, 0xf8, 0xff,
    0xff, 0xff, 0xff, 0xff, 0xff, 0xff, 0xff, 0xff,
    0x93, 0x0, 0x3a, 0xff, 0xff, 0xff, 0xf5, 0x0,
    0x0, 0x0, 0x6f, 0xff, 0xff, 0x80, 0xa7, 0x66,
    0x7a, 0x9, 0xff, 0xff, 0x10, 0xdf, 0xff, 0xfe,
    0x2, 0xff, 0xfe, 0x2, 0xff, 0xff, 0xff, 0x40,
    0xef, 0xff, 0x2, 0xff, 0xff, 0xff, 0x30, 0xff,
    0xff, 0x11, 0x8f, 0xff, 0xf9, 0x1, 0xff, 0xff,
    0x83, 0x64, 0xff, 0x30, 0x8, 0xff, 0xff, 0xf4,
    0x5a, 0xff, 0x50, 0x3f, 0xff, 0xff, 0xff, 0x75,
    0xff, 0x56, 0xff, 0xff, 0xff, 0xff, 0xff, 0xff,
    0xff, 0xff, 0xff, 0x8f, 0xff, 0xff, 0xff, 0xff,
    0xff, 0xf8,

    /* U+F093 "" */
    0x0, 0x0, 0x0, 0xb, 0xb0, 0x0, 0x0, 0x0,
    0x0, 0x0, 0x0, 0xbf, 0xfb, 0x0, 0x0, 0x0,
    0x0, 0x0, 0xb, 0xff, 0xff, 0xb0, 0x0, 0x0,
    0x0, 0x0, 0xbf, 0xff, 0xff, 0xfb, 0x0, 0x0,
    0x0, 0xb, 0xff, 0xff, 0xff, 0xff, 0xb0, 0x0,
    0x0, 0x4f, 0xff, 0xff, 0xff, 0xff, 0xf4, 0x0,
    0x0, 0x0, 0x0, 0xff, 0xff, 0x0, 0x0, 0x0,
    0x0, 0x0, 0x0, 0xff, 0xff, 0x0, 0x0, 0x0,
    0x0, 0x0, 0x0, 0xff, 0xff, 0x0, 0x0, 0x0,
    0x0, 0x0, 0x0, 0xff, 0xff, 0x0, 0x0, 0x0,
    0x0, 0x0, 0x0, 0xff, 0xff, 0x0, 0x0, 0x0,
    0xdf, 0xff, 0xf0, 0xdf, 0xfd, 0xf, 0xff, 0xfd,
    0xff, 0xff, 0xf9, 0x0, 0x0, 0x9f, 0xff, 0xff,
    0xff, 0xff, 0xff, 0xff, 0xff, 0xff, 0xff, 0xff,
    0xff, 0xff, 0xff, 0xff, 0xff, 0xf0, 0xe0, 0xff,
    0xdf, 0xff, 0xff, 0xff, 0xff, 0xff, 0xff, 0xfd,

    /* U+F094 "" */
    0x0, 0x0, 0x0, 0x3, 0x67, 0x76, 0x68, 0xc9,
    0x0, 0x0, 0x0, 0x4, 0xdf, 0xff, 0xff, 0xff,
    0xff, 0x90, 0x0, 0x0, 0x8f, 0xf8, 0x4f, 0xff,
    0xff, 0xff, 0xe0, 0x0, 0x8, 0xfd, 0x25, 0xcf,
    0xff, 0xff, 0xff, 0xa0, 0x0, 0x5f, 0xd1, 0xaf,
    0xff, 0xff, 0xff, 0xff, 0x70, 0x0, 0xee, 0x1b,
    0xff, 0xff, 0xff, 0xff, 0xff, 0x80, 0x5, 0xf6,
    0x7f, 0xff, 0xff, 0xff, 0xff, 0xff, 0x90, 0x9,
    0xf1, 0xef, 0xff, 0xff, 0xff, 0xff, 0xff, 0x90,
    0xb, 0xfe, 0xff, 0xff, 0xff, 0xff, 0xff, 0xff,
    0x70, 0xb, 0xff, 0xff, 0xff, 0xff, 0xff, 0xff,
    0xff, 0x50, 0xb, 0xff, 0xff, 0xff, 0xff, 0xff,
    0xff, 0xfe, 0x0, 0xa, 0xff, 0xff, 0xff, 0xff,
    0xff, 0xff, 0xf6, 0x0, 0xb, 0xff, 0xff, 0xff,
    0xff, 0xff, 0xff, 0xa0, 0x0, 0xf, 0xff, 0xff,
    0xff, 0xff, 0xff, 0xfb, 0x0, 0x0, 0xe, 0xff,
    0xff, 0xff, 0xff, 0xff, 0x80, 0x0, 0x0, 0x4,
    0xff, 0xdb, 0xcd, 0xdb, 0x71, 0x0, 0x0, 0x0,
    0x0, 0x1, 0x0, 0x0, 0x0, 0x0, 0x0, 0x0,
    0x0,

    /* U+F095 "" */
    0x0, 0x0, 0x0, 0x0, 0x0, 0x0, 0x0, 0x0,
    0x0, 0x0, 0x0, 0x0, 0x0, 0x0, 0xa, 0xea,
    0x62, 0x0, 0x0, 0x0, 0x0, 0x0, 0x2, 0xff,
    0xff, 0xf0, 0x0, 0x0, 0x0, 0x0, 0x0, 0x9f,
    0xff, 0xff, 0x0, 0x0, 0x0, 0x0, 0x0, 0xf,
    0xff, 0xff, 0xd0, 0x0, 0x0, 0x0, 0x0, 0x2,
    0xff, 0xff, 0xfb, 0x0, 0x0, 0x0, 0x0, 0x0,
    0x3, 0xef, 0xff, 0x70, 0x0, 0x0, 0x0, 0x0,
    0x0, 0x4, 0xff, 0xf2, 0x0, 0x0, 0x0, 0x0,
    0x0, 0x0, 0xbf, 0xfb, 0x0, 0x0, 0x0, 0x0,
    0x0, 0x0, 0x6f, 0xff, 0x30, 0x0, 0x0, 0x2,
    0x0, 0x0, 0x4f, 0xff, 0x90, 0x0, 0x2, 0x8f,
    0xf3, 0x0, 0x6f, 0xff, 0xd0, 0x0, 0xa, 0xff,
    0xff, 0xe4, 0xbf, 0xff, 0xd1, 0x0, 0x0, 0xef,
    0xff, 0xff, 0xff, 0xff, 0xd1, 0x0, 0x0, 0xa,
    0xff, 0xff, 0xff, 0xff, 0x90, 0x0, 0x0, 0x0,
    0x6f, 0xff, 0xff, 0xfb, 0x30, 0x0, 0x0, 0x0,
    0x2, 0xff, 0xdb, 0x72, 0x0, 0x0, 0x0, 0x0,
    0x0,

    /* U+F098 "" */
    0x8f, 0xff, 0xff, 0xff, 0xff, 0xff, 0xf8, 0xff,
    0xff, 0xff, 0xff, 0xff, 0xff, 0xff, 0xff, 0xff,
    0xff, 0xff, 0xe1, 0x37, 0xff, 0xff, 0xff, 0xff,
    0xff, 0x80, 0x0, 0xff, 0xff, 0xff, 0xff, 0xff,
    0x20, 0x2, 0xff, 0xff, 0xff, 0xff, 0xff, 0xc1,
    0x6, 0xff, 0xff, 0xff, 0xff, 0xff, 0xf2, 0xb,
    0xff, 0xff, 0xff, 0xff, 0xff, 0x70, 0x4f, 0xff,
    0xff, 0xe8, 0x3c, 0xf7, 0x1, 0xdf, 0xff, 0xff,
    0x10, 0x1, 0x20, 0x1c, 0xff, 0xff, 0xff, 0x30,
    0x0, 0x4, 0xdf, 0xff, 0xff, 0xff, 0x70, 0x26,
    0xbf, 0xff, 0xff, 0xff, 0xff, 0xff, 0xff, 0xff,
    0xff, 0xff, 0xff, 0x8f, 0xff, 0xff, 0xff, 0xff,
    0xff, 0xf8,

    /* U+F099 "" */
    0x0, 0x0, 0x0, 0x0, 0x1, 0x67, 0x20, 0x0,
    0x17, 0x0, 0x0, 0x0, 0x3e, 0xff, 0xf9, 0xc2,
    0x4f, 0x80, 0x0, 0x0, 0xdf, 0xff, 0xff, 0xc6,
    0x3f, 0xfd, 0x50, 0x2, 0xff, 0xff, 0xff, 0xa0,
    0xd, 0xff, 0xfe, 0xa9, 0xff, 0xff, 0xff, 0x50,
    0x4b, 0xff, 0xff, 0xff, 0xff, 0xff, 0xff, 0x30,
    0x1e, 0xff, 0xff, 0xff, 0xff, 0xff, 0xff, 0x0,
    0x4, 0xff, 0xff, 0xff, 0xff, 0xff, 0xfb, 0x0,
    0x0, 0xaf, 0xff, 0xff, 0xff, 0xff, 0xf3, 0x0,
    0x0, 0x8f, 0xff, 0xff, 0xff, 0xff, 0xa0, 0x0,
    0x0, 0x4, 0xbf, 0xff, 0xff, 0xfd, 0x10, 0x0,
    0x0, 0x28, 0xff, 0xff, 0xff, 0xc1, 0x0, 0x0,
    0x4c, 0xff, 0xff, 0xff, 0xd6, 0x0, 0x0, 0x0,
    0x0, 0x25, 0x77, 0x52, 0x0, 0x0, 0x0, 0x0,

    /* U+F09A "" */
    0x0, 0x0, 0x6, 0xac, 0xdb, 0x71, 0x0, 0x0,
    0x0, 0x4, 0xef, 0xff, 0xff, 0xff, 0x70, 0x0,
    0x0, 0x6f, 0xff, 0xff, 0xff, 0xff, 0xfa, 0x0,
    0x4, 0xff, 0xff, 0xff, 0x73, 0x39, 0xff, 0x80,
    0xd, 0xff, 0xff, 0xf5, 0x0, 0x6, 0xff, 0xf2,
    0x3f, 0xff, 0xff, 0xf0, 0x2, 0xac, 0xff, 0xf8,
    0x7f, 0xff, 0xff, 0xe0, 0x9, 0xff, 0xff, 0xfc,
    0x9f, 0xff, 0xff, 0xe0, 0x9, 0xff, 0xff, 0xfe,
    0x9f, 0xff, 0xe0, 0x0, 0x0, 0x8, 0xff, 0xfd,
    0x7f, 0xff, 0xe0, 0x0, 0x0, 0xa, 0xff, 0xfc,
    0x3f, 0xff, 0xfc, 0xa0, 0x7, 0xcf, 0xff, 0xf7,
    0xc, 0xff, 0xff, 0xe0, 0x9, 0xff, 0xff, 0xf1,
    0x2, 0xff, 0xff, 0xe0, 0x9, 0xff, 0xff, 0x60,
    0x0, 0x5f, 0xff, 0xe0, 0x9, 0xff, 0xf9, 0x0,
    0x0, 0x3, 0xdf, 0xe0, 0x9, 0xfe, 0x60, 0x0,
    0x0, 0x0, 0x4, 0x70, 0x5, 0x60, 0x0, 0x0,

    /* U+F09B "" */
    0x0, 0x0, 0x17, 0xab, 0xa8, 0x20, 0x0, 0x0,
    0x0, 0x9, 0xff, 0xff, 0xff, 0xfc, 0x20, 0x0,
    0x0, 0xcf, 0xff, 0xff, 0xff, 0xff, 0xf4, 0x0,
    0xa, 0xfd, 0x9f, 0xff, 0xff, 0xe8, 0xfe, 0x20,
    0x3f, 0xf8, 0x1, 0x31, 0x14, 0x0, 0xef, 0xb0,
    0xaf, 0xf8, 0x0, 0x0, 0x0, 0x0, 0xef, 0xf1,
    0xdf, 0xf1, 0x0, 0x0, 0x0, 0x0, 0x7f, 0xf5,
    0xff, 0xe0, 0x0, 0x0, 0x0, 0x0, 0x4f, 0xf7,
    0xff, 0xf0, 0x0, 0x0, 0x0, 0x0, 0x6f, 0xf7,
    0xdf, 0xf5, 0x0, 0x0, 0x0, 0x0, 0xbf, 0xf5,
    0x8f, 0xae, 0x83, 0x0, 0x1, 0x5b, 0xff, 0xf1,
    0x2f, 0xc5, 0xff, 0x10, 0x6, 0xff, 0xff, 0xa0,
    0x7, 0xf8, 0x12, 0x0, 0x3, 0xff, 0xfe, 0x10,
    0x0, 0x9f, 0xfd, 0x0, 0x3, 0xff, 0xf4, 0x0,
    0x0, 0x6, 0xef, 0x0, 0x3, 0xfc, 0x20, 0x0,
    0x0, 0x0, 0x4, 0x0, 0x0, 0x30, 0x0, 0x0,

    /* U+F09C "" */
    0x0, 0x0, 0x4b, 0xff, 0xb4, 0x0, 0x0, 0x0,
    0x6, 0xff, 0xff, 0xff, 0x60, 0x0, 0x0, 0x2f,
    0xff, 0x99, 0xff, 0xf2, 0x0, 0x0, 0x8f, 0xf3,
    0x0, 0x3f, 0xf9, 0x0, 0x0, 0xbf, 0xc0, 0x0,
    0xc, 0xfb, 0x0, 0x0, 0xcf, 0xc0, 0x0, 0x9,
    0xf9, 0x0, 0x0, 0xcf, 0xc0, 0x0, 0x0, 0x0,
    0x0, 0x0, 0xcf, 0xc0, 0x0, 0x0, 0x0, 0x0,
    0x8f, 0xff, 0xff, 0xff, 0xff, 0xff, 0xf8, 0xff,
    0xff, 0xff, 0xff, 0xff, 0xff, 0xff, 0xff, 0xff,
    0xff, 0xff, 0xff, 0xff, 0xff, 0xff, 0xff, 0xff,
    0xff, 0xff, 0xff, 0xff, 0xff, 0xff, 0xff, 0xff,
    0xff, 0xff, 0xff, 0xff, 0xff, 0xff, 0xff, 0xff,
    0xff, 0xff, 0xff, 0xff, 0xff, 0xff, 0xff, 0xff,
    0xff, 0x8f, 0xff, 0xff, 0xff, 0xff, 0xff, 0xf8,

    /* U+F09D "" */
    0x8f, 0xff, 0xff, 0xff, 0xff, 0xff, 0xff, 0xff,
    0xf8, 0xff, 0xff, 0xff, 0xff, 0xff, 0xff, 0xff,
    0xff, 0xff, 0xff, 0xff, 0xff, 0xff, 0xff, 0xff,
    0xff, 0xff, 0xff, 0x0, 0x0, 0x0, 0x0, 0x0,
    0x0, 0x0, 0x0, 0x0, 0x0, 0x0, 0x0, 0x0,
    0x0, 0x0, 0x0, 0x0, 0x0, 0x0, 0x0, 0x0,
    0x0, 0x0, 0x0, 0x0, 0x0, 0x0, 0x0, 0x0,
    0x0, 0x0, 0x0, 0x0, 0x0, 0x0, 0x0, 0xff,
    0xff, 0xff, 0xff, 0xff, 0xff, 0xff, 0xff, 0xff,
    0xff, 0xff, 0xff, 0xff, 0xff, 0xff, 0xff, 0xff,
    0xff, 0xff, 0xff, 0xff, 0xff, 0xff, 0xff, 0xff,
    0xff, 0xff, 0xff, 0x0, 0xf, 0x0, 0x0, 0xf,
    0xff, 0xff, 0xff, 0xff, 0x0, 0xf, 0x0, 0x0,
    0xf, 0xff, 0xff, 0xff, 0xff, 0xff, 0xff, 0xff,
    0xff, 0xff, 0xff, 0xff, 0xff, 0x8f, 0xff, 0xff,
    0xff, 0xff, 0xff, 0xff, 0xff, 0xf8,

    /* U+F09E "" */
    0xee, 0xc8, 0x30, 0x0, 0x0, 0x0, 0x0, 0xff,
    0xff, 0xfd, 0x50, 0x0, 0x0, 0x0, 0x7a, 0xcf,
    0xff, 0xfc, 0x20, 0x0, 0x0, 0x0, 0x1, 0x6e,
    0xff, 0xe4, 0x0, 0x0, 0x65, 0x20, 0x0, 0x8f,
    0xff, 0x40, 0x0, 0xff, 0xfd, 0x50, 0x5, 0xff,
    0xe2, 0x0, 0xef, 0xff, 0xfb, 0x0, 0x5f, 0xfc,
    0x0, 0x2, 0x7e, 0xff, 0xd0, 0x8, 0xff, 0x50,
    0x0, 0x0, 0xaf, 0xfb, 0x0, 0xef, 0xd0, 0x0,
    0x0, 0xa, 0xff, 0x50, 0x6f, 0xf3, 0x4e, 0xe4,
    0x0, 0xef, 0xd0, 0x1f, 0xf8, 0xef, 0xfe, 0x0,
    0x7f, 0xf2, 0xc, 0xfb, 0xef, 0xfe, 0x0, 0x2f,
    0xf5, 0xa, 0xfd, 0x4e, 0xe4, 0x0, 0xe, 0xf6,
    0x7, 0xfe,

    /* U+F0A0 "" */
    0x0, 0x4, 0xef, 0xff, 0xff, 0xff, 0xfe, 0x40,
    0x0, 0x0, 0x1e, 0xff, 0xff, 0xff, 0xff, 0xff,
    0xe1, 0x0, 0x0, 0xaf, 0xff, 0xff, 0xff, 0xff,
    0xff, 0xfa, 0x0, 0x5, 0xff, 0xff, 0xff, 0xff,
    0xff, 0xff, 0xff, 0x50, 0x1e, 0xff, 0xff, 0xff,
    0xff, 0xff, 0xff, 0xff, 0xe1, 0x0, 0x0, 0x0,
    0x0, 0x0, 0x0, 0x0, 0x0, 0x0, 0x8f, 0xff,
    0xff, 0xff, 0xff, 0xff, 0xff, 0xff, 0xf8, 0xff,
    0xff, 0xff, 0xff, 0xff, 0xff, 0xff, 0xff, 0xff,
    0xff, 0xff, 0xff, 0xff, 0xff, 0xf3, 0x3f, 0x33,
    0xff, 0xff, 0xff, 0xff, 0xff, 0xff, 0xf3, 0x3f,
    0x33, 0xff, 0xff, 0xff, 0xff, 0xff, 0xff, 0xff,
    0xff, 0xff, 0xff, 0x8f, 0xff, 0xff, 0xff, 0xff,
    0xff, 0xff, 0xff, 0xf8,

    /* U+F0A1 "" */
    0x0, 0x0, 0x0, 0x0, 0x0, 0x0, 0x0, 0x2c,
    0xb0, 0x0, 0x0, 0x0, 0x0, 0x0, 0x0, 0x4,
    0xef, 0xf0, 0x0, 0x0, 0x0, 0x0, 0x0, 0x0,
    0x8f, 0xff, 0xf0, 0x0, 0x0, 0x0, 0x0, 0x2,
    0x6d, 0xff, 0x7f, 0xf0, 0x4e, 0xff, 0xff, 0xff,
    0xff, 0xff, 0xd3, 0xf, 0xf0, 0xef, 0xff, 0xff,
    0xff, 0xfd, 0xa5, 0x0, 0xf, 0xf0, 0xff, 0xff,
    0xff, 0xff, 0x0, 0x0, 0x0, 0xf, 0xfa, 0xff,
    0xff, 0xff, 0xff, 0x0, 0x0, 0x0, 0xf, 0xff,
    0xff, 0xff, 0xff, 0xff, 0x0, 0x0, 0x0, 0xf,
    0xfa, 0xef, 0xff, 0xff, 0xff, 0xfd, 0xa5, 0x0,
    0xf, 0xf0, 0x4e, 0xff, 0xff, 0xff, 0xff, 0xff,
    0xd3, 0xf, 0xf0, 0x0, 0xf, 0xff, 0xf0, 0x2,
    0x7d, 0xff, 0x7f, 0xf0, 0x0, 0xf, 0xff, 0xf1,
    0x0, 0x0, 0x8f, 0xff, 0xf0, 0x0, 0xd, 0xff,
    0xf5, 0x0, 0x0, 0x4, 0xff, 0xf0, 0x0, 0x8,
    0xff, 0xfd, 0x0, 0x0, 0x0, 0x2c, 0xb0, 0x0,
    0x2, 0xff, 0xfb, 0x0, 0x0, 0x0, 0x0, 0x0,

    /* U+F0A3 "" */
    0x0, 0x0, 0x0, 0x0, 0x0, 0x0, 0x0, 0x0,
    0x0, 0x0, 0x0, 0x0, 0x9c, 0x0, 0xc9, 0x0,
    0x0, 0x0, 0x0, 0x0, 0x0, 0xef, 0xcc, 0xfe,
    0x0, 0x0, 0x0, 0x0, 0xe, 0xd9, 0xff, 0xff,
    0xff, 0x9d, 0xe0, 0x0, 0x0, 0xd, 0xff, 0xff,
    0xff, 0xff, 0xff, 0xd0, 0x0, 0x0, 0x9, 0xff,
    0xff, 0xff, 0xff, 0xff, 0x90, 0x0, 0x9, 0xef,
    0xff, 0xff, 0xff, 0xff, 0xff, 0xfe, 0x90, 0xc,
    0xff, 0xff, 0xff, 0xff, 0xff, 0xff, 0xff, 0xc0,
    0x1, 0xcf, 0xff, 0xff, 0xff, 0xff, 0xff, 0xfc,
    0x10, 0x1, 0xcf, 0xff, 0xff, 0xff, 0xff, 0xff,
    0xfc, 0x10, 0xc, 0xff, 0xff, 0xff, 0xff, 0xff,
    0xff, 0xff, 0xc0, 0x9, 0xef, 0xff, 0xff, 0xff,
    0xff, 0xff, 0xfe, 0x90, 0x0, 0x9, 0xff, 0xff,
    0xff, 0xff, 0xff, 0x90, 0x0, 0x0, 0xd, 0xff,
    0xff, 0xff, 0xff, 0xff, 0xd0, 0x0, 0x0, 0xe,
    0xd9, 0xff, 0xff, 0xff, 0x9d, 0xe0, 0x0, 0x0,
    0x0, 0x0, 0xef, 0xcc, 0xfe, 0x0, 0x0, 0x0,
    0x0, 0x0, 0x0, 0x9c, 0x11, 0xc9, 0x0, 0x0,
    0x0, 0x0, 0x0, 0x0, 0x0, 0x0, 0x0, 0x0,
    0x0, 0x0,

    /* U+F0A4 "" */
    0x0, 0x0, 0x0, 0x1, 0xdd, 0x20, 0x0, 0x0,
    0x0, 0x0, 0x0, 0xb, 0xff, 0x70, 0x0, 0x0,
    0x0, 0x0, 0x4, 0xdf, 0xff, 0x42, 0x22, 0x10,
    0x58, 0x51, 0xbf, 0xff, 0xff, 0xff, 0xff, 0xfa,
    0xff, 0xf7, 0xff, 0xff, 0xff, 0xff, 0xff, 0xfe,
    0xff, 0xf8, 0xff, 0xff, 0xff, 0xfd, 0x99, 0x93,
    0xff, 0xf8, 0xff, 0xff, 0xff, 0xfc, 0x0, 0x0,
    0xff, 0xf8, 0xff, 0xff, 0xff, 0xf8, 0x0, 0x0,
    0xff, 0xf8, 0xff, 0xff, 0xff, 0xf6, 0x0, 0x0,
    0xf0, 0xf8, 0xff, 0xff, 0xff, 0xe2, 0x0, 0x0,
    0xdf, 0xd4, 0xef, 0xff, 0xff, 0xc0, 0x0, 0x0,
    0x0, 0x0, 0x4, 0xbf, 0xfd, 0x40, 0x0, 0x0,

    /* U+F0A5 "" */
    0x0, 0x0, 0x0, 0x2d, 0xc0, 0x0, 0x0, 0x0,
    0x0, 0x0, 0x0, 0x7, 0xff, 0xa0, 0x0, 0x0,
    0x0, 0x0, 0x12, 0x22, 0x5f, 0xff, 0xc3, 0x0,
    0x0, 0x0, 0xbf, 0xff, 0xff, 0xff, 0xff, 0xfb,
    0x5, 0x85, 0xf, 0xff, 0xff, 0xff, 0xff, 0xff,
    0xf6, 0xff, 0xf0, 0x49, 0x99, 0xdf, 0xff, 0xff,
    0xff, 0x8f, 0xff, 0x0, 0x0, 0xd, 0xff, 0xff,
    0xff, 0xf8, 0xff, 0xf0, 0x0, 0x0, 0x9f, 0xff,
    0xff, 0xff, 0x8f, 0xff, 0x0, 0x0, 0x7, 0xff,
    0xff, 0xff, 0xf8, 0xff, 0xf0, 0x0, 0x0, 0x2f,
    0xff, 0xff, 0xff, 0x8e, 0x1f, 0x0, 0x0, 0x0,
    0xcf, 0xff, 0xff, 0xe3, 0xdf, 0xc0, 0x0, 0x0,
    0x4, 0xdf, 0xeb, 0x40, 0x0, 0x0,

    /* U+F0A6 "" */
    0x0, 0xa, 0xe3, 0x0, 0x0, 0x0, 0x0, 0x1f,
    0xf9, 0x0, 0x0, 0x0, 0x0, 0x2f, 0xf9, 0x0,
    0x0, 0x0, 0x0, 0x2f, 0xf9, 0x0, 0x0, 0x0,
    0x0, 0x2f, 0xfd, 0xc8, 0x62, 0x0, 0x27, 0x4f,
    0xff, 0xff, 0xfe, 0xc3, 0xdf, 0xff, 0xff, 0xff,
    0xff, 0xfd, 0xdf, 0xff, 0xff, 0xff, 0xff, 0xff,
    0x1b, 0xff, 0xff, 0xff, 0xff, 0xfe, 0x0, 0xdf,
    0xff, 0xff, 0xff, 0xfb, 0x0, 0x4f, 0xff, 0xff,
    0xff, 0xf4, 0x0, 0xb, 0xff, 0xff, 0xff, 0xe0,
    0x0, 0x1, 0x78, 0x88, 0x88, 0x40, 0x0, 0x5,
    0xff, 0xff, 0xff, 0xd0, 0x0, 0x8, 0xff, 0xff,
    0xf0, 0xf0, 0x0, 0x5, 0xff, 0xff, 0xff, 0xd0,

    /* U+F0A7 "" */
    0x0, 0x5, 0xff, 0xff, 0xff, 0xd0, 0x0, 0x8,
    0xff, 0xff, 0xf0, 0xf0, 0x0, 0x6, 0xff, 0xff,
    0xff, 0xe0, 0x0, 0x0, 0x67, 0x77, 0x77, 0x30,
    0x0, 0xa, 0xff, 0xff, 0xff, 0xd0, 0x0, 0x3f,
    0xff, 0xff, 0xff, 0xf4, 0x0, 0xcf, 0xff, 0xff,
    0xff, 0xfa, 0xa, 0xff, 0xff, 0xff, 0xff, 0xfe,
    0xcf, 0xff, 0xff, 0xff, 0xff, 0xff, 0xef, 0xff,
    0xff, 0xff, 0xff, 0xfd, 0x28, 0x5f, 0xff, 0xff,
    0xff, 0xd4, 0x0, 0x2f, 0xfd, 0xe9, 0x82, 0x0,
    0x0, 0x2f, 0xf9, 0x0, 0x0, 0x0, 0x0, 0x2f,
    0xf9, 0x0, 0x0, 0x0, 0x0, 0x1f, 0xf9, 0x0,
    0x0, 0x0, 0x0, 0xc, 0xf4, 0x0, 0x0, 0x0,
    0x0, 0x0, 0x0, 0x0, 0x0, 0x0,

    /* U+F0A8 "" */
    0x0, 0x0, 0x5, 0x9b, 0xb9, 0x50, 0x0, 0x0,
    0x0, 0x4, 0xdf, 0xff, 0xff, 0xfd, 0x40, 0x0,
    0x0, 0x6f, 0xff, 0xff, 0xff, 0xff, 0xf6, 0x0,
    0x4, 0xff, 0xff, 0xf6, 0x5f, 0xff, 0xff, 0x40,
    0xd, 0xff, 0xff, 0x50, 0x1f, 0xff, 0xff, 0xd0,
    0x5f, 0xff, 0xf5, 0x1, 0xcf, 0xff, 0xff, 0xf5,
    0x9f, 0xff, 0x50, 0x1d, 0xff, 0xff, 0xff, 0xf9,
    0xbf, 0xf6, 0x0, 0x0, 0x0, 0x0, 0x2f, 0xfb,
    0xbf, 0xf6, 0x0, 0x0, 0x0, 0x0, 0x2f, 0xfb,
    0x9f, 0xff, 0x50, 0x1d, 0xff, 0xff, 0xff, 0xf9,
    0x5f, 0xff, 0xf5, 0x1, 0xcf, 0xff, 0xff, 0xf5,
    0xe, 0xff, 0xff, 0x50, 0x1f, 0xff, 0xff, 0xd0,
    0x4, 0xff, 0xff, 0xf6, 0x5f, 0xff, 0xff, 0x40,
    0x0, 0x6f, 0xff, 0xff, 0xff, 0xff, 0xf6, 0x0,
    0x0, 0x4, 0xef, 0xff, 0xff, 0xfd, 0x40, 0x0,
    0x0, 0x0, 0x5, 0x9b, 0xb9, 0x50, 0x0, 0x0,

    /* U+F0A9 "" */
    0x0, 0x0, 0x5, 0x9b, 0xb9, 0x50, 0x0, 0x0,
    0x0, 0x4, 0xdf, 0xff, 0xff, 0xfd, 0x40, 0x0,
    0x0, 0x6f, 0xff, 0xff, 0xff, 0xff, 0xf6, 0x0,
    0x4, 0xff, 0xff, 0xf5, 0x6f, 0xff, 0xff, 0x40,
    0xd, 0xff, 0xff, 0xf1, 0x5, 0xff, 0xff, 0xd0,
    0x5f, 0xff, 0xff, 0xfc, 0x10, 0x5f, 0xff, 0xf5,
    0x9f, 0xff, 0xff, 0xff, 0xd1, 0x5, 0xff, 0xf9,
    0xbf, 0xf2, 0x0, 0x0, 0x0, 0x0, 0x6f, 0xfb,
    0xbf, 0xf2, 0x0, 0x0, 0x0, 0x0, 0x6f, 0xfb,
    0x9f, 0xff, 0xff, 0xff, 0xd1, 0x5, 0xff, 0xf9,
    0x5f, 0xff, 0xff, 0xfc, 0x10, 0x5f, 0xff, 0xf5,
    0xe, 0xff, 0xff, 0xf1, 0x5, 0xff, 0xff, 0xd0,
    0x4, 0xff, 0xff, 0xf5, 0x6f, 0xff, 0xff, 0x40,
    0x0, 0x6f, 0xff, 0xff, 0xff, 0xff, 0xf6, 0x0,
    0x0, 0x4, 0xef, 0xff, 0xff, 0xfd, 0x40, 0x0,
    0x0, 0x0, 0x5, 0x9b, 0xb9, 0x50, 0x0, 0x0,

    /* U+F0AA "" */
    0x0, 0x0, 0x5, 0x9b, 0xb9, 0x50, 0x0, 0x0,
    0x0, 0x4, 0xef, 0xff, 0xff, 0xfe, 0x40, 0x0,
    0x0, 0x7f, 0xff, 0xff, 0xff, 0xff, 0xf7, 0x0,
    0x4, 0xff, 0xff, 0xf6, 0x6f, 0xff, 0xff, 0x40,
    0xe, 0xff, 0xff, 0x50, 0x5, 0xff, 0xff, 0xe0,
    0x5f, 0xff, 0xf5, 0x0, 0x0, 0x5f, 0xff, 0xf5,
    0x9f, 0xff, 0x50, 0x10, 0x1, 0x5, 0xff, 0xf9,
    0xbf, 0xf6, 0x1, 0xd0, 0xd, 0x10, 0x6f, 0xfb,
    0xbf, 0xf5, 0x1c, 0xf0, 0xf, 0xc1, 0x5f, 0xfb,
    0x9f, 0xff, 0xff, 0xf0, 0xf, 0xff, 0xff, 0xf9,
    0x5f, 0xff, 0xff, 0xf0, 0xf, 0xff, 0xff, 0xf5,
    0xe, 0xff, 0xff, 0xf0, 0xf, 0xff, 0xff, 0xd0,
    0x4, 0xff, 0xff, 0xf2, 0x2f, 0xff, 0xff, 0x40,
    0x0, 0x6f, 0xff, 0xff, 0xff, 0xff, 0xf6, 0x0,
    0x0, 0x4, 0xef, 0xff, 0xff, 0xfd, 0x40, 0x0,
    0x0, 0x0, 0x5, 0x9b, 0xb9, 0x50, 0x0, 0x0,

    /* U+F0AB "" */
    0x0, 0x0, 0x5, 0x9b, 0xb9, 0x50, 0x0, 0x0,
    0x0, 0x4, 0xdf, 0xff, 0xff, 0xfd, 0x40, 0x0,
    0x0, 0x6f, 0xff, 0xff, 0xff, 0xff, 0xf6, 0x0,
    0x4, 0xff, 0xff, 0xf2, 0x2f, 0xff, 0xff, 0x40,
    0xd, 0xff, 0xff, 0xf0, 0xf, 0xff, 0xff, 0xd0,
    0x5f, 0xff, 0xff, 0xf0, 0xf, 0xff, 0xff, 0xf5,
    0x9f, 0xff, 0xff, 0xf0, 0xf, 0xff, 0xff, 0xf9,
    0xbf, 0xf5, 0x1c, 0xf0, 0xf, 0xc1, 0x5f, 0xfb,
    0xbf, 0xf6, 0x1, 0xd0, 0xd, 0x10, 0x6f, 0xfb,
    0x9f, 0xff, 0x50, 0x10, 0x1, 0x5, 0xff, 0xf9,
    0x5f, 0xff, 0xf5, 0x0, 0x0, 0x5f, 0xff, 0xf5,
    0xe, 0xff, 0xff, 0x50, 0x5, 0xff, 0xff, 0xe0,
    0x4, 0xff, 0xff, 0xf6, 0x6f, 0xff, 0xff, 0x40,
    0x0, 0x7f, 0xff, 0xff, 0xff, 0xff, 0xf7, 0x0,
    0x0, 0x5, 0xef, 0xff, 0xff, 0xfe, 0x40, 0x0,
    0x0, 0x0, 0x5, 0x9b, 0xb9, 0x50, 0x0, 0x0,

    /* U+F0AC "" */
    0x0, 0x0, 0x1, 0x2a, 0x70, 0x20, 0x0, 0x0,
    0x0, 0x6, 0xe1, 0xdf, 0xf5, 0x7c, 0x20, 0x0,
    0x0, 0xaf, 0x94, 0xff, 0xfd, 0x1f, 0xf3, 0x0,
    0x8, 0xff, 0x4a, 0xff, 0xff, 0x2c, 0xfe, 0x10,
    0x2f, 0xff, 0x1d, 0xff, 0xff, 0x68, 0xff, 0xa0,
    0x0, 0x0, 0x0, 0x0, 0x0, 0x0, 0x0, 0x0,
    0xdf, 0xfd, 0x2f, 0xff, 0xff, 0xb4, 0xff, 0xf5,
    0xff, 0xfc, 0x3f, 0xff, 0xff, 0xb4, 0xff, 0xf7,
    0xff, 0xfc, 0x3f, 0xff, 0xff, 0xb4, 0xff, 0xf7,
    0xdf, 0xfd, 0x2f, 0xff, 0xff, 0xb4, 0xff, 0xf5,
    0x0, 0x0, 0x0, 0x0, 0x0, 0x0, 0x0, 0x0,
    0x2f, 0xff, 0x1d, 0xff, 0xff, 0x68, 0xff, 0xa0,
    0x8, 0xff, 0x4a, 0xff, 0xff, 0x2c, 0xfe, 0x10,
    0x0, 0xaf, 0x94, 0xff, 0xfd, 0x1f, 0xf3, 0x0,
    0x0, 0x6, 0xe1, 0xdf, 0xf5, 0x7c, 0x20, 0x0,
    0x0, 0x0, 0x1, 0x2a, 0x70, 0x20, 0x0, 0x0,

    /* U+F0AD "" */
    0x0, 0x0, 0x0, 0x0, 0x0, 0x0, 0x0, 0x0,
    0x0, 0x0, 0x0, 0x0, 0x0, 0x7d, 0xfa, 0x0,
    0x0, 0x0, 0x0, 0x0, 0x0, 0xcf, 0xfe, 0x20,
    0x0, 0x0, 0x0, 0x0, 0x0, 0x7f, 0xfe, 0x20,
    0x0, 0x0, 0x0, 0x0, 0x0, 0xd, 0xff, 0x80,
    0x0, 0x2a, 0x0, 0x0, 0x0, 0x0, 0xff, 0xfa,
    0x0, 0x2e, 0xf0, 0x0, 0x0, 0x0, 0xd, 0xff,
    0xfa, 0x8e, 0xfd, 0x0, 0x0, 0x0, 0x5, 0xff,
    0xff, 0xff, 0xff, 0x70, 0x0, 0x0, 0x5, 0xff,
    0xff, 0xff, 0xff, 0xc0, 0x0, 0x0, 0x5, 0xff,
    0xff, 0xfd, 0xfd, 0x70, 0x0, 0x0, 0x5, 0xff,
    0xff, 0xf5, 0x0, 0x0, 0x0, 0x0, 0x5, 0xff,
    0xff, 0xf5, 0x0, 0x0, 0x0, 0x0, 0x5, 0xff,
    0xff, 0xf5, 0x0, 0x0, 0x0, 0x0, 0x4, 0xff,
    0xff, 0xf5, 0x0, 0x0, 0x0, 0x0, 0x0, 0xe9,
    0x9f, 0xf5, 0x0, 0x0, 0x0, 0x0, 0x0, 0xe,
    0x99, 0xf5, 0x0, 0x0, 0x0, 0x0, 0x0, 0x0,
    0x4e, 0xe4, 0x0, 0x0, 0x0, 0x0, 0x0, 0x0,
    0x0,

    /* U+F0AE "" */
    0x0, 0x0, 0xb7, 0x0, 0x0, 0x0, 0x0, 0x0,
    0x0, 0x82, 0xbf, 0x52, 0xff, 0xff, 0xff, 0xff,
    0xfb, 0x1e, 0xff, 0x50, 0x2f, 0xff, 0xff, 0xff,
    0xff, 0xb0, 0x2d, 0x50, 0x0, 0x0, 0x0, 0x0,
    0x0, 0x0, 0x0, 0x0, 0x0, 0x0, 0x0, 0x0,
    0x0, 0x0, 0x0, 0x0, 0xb, 0x80, 0x0, 0x0,
    0x0, 0x0, 0x0, 0x9, 0x3c, 0xf5, 0x2f, 0xff,
    0xff, 0xff, 0xff, 0xb1, 0xef, 0xf5, 0x2, 0xff,
    0xff, 0xff, 0xff, 0xfb, 0x2, 0xd5, 0x0, 0x0,
    0x0, 0x0, 0x0, 0x0, 0x0, 0x0, 0x0, 0x0,
    0x0, 0x0, 0x0, 0x0, 0x0, 0x0, 0x64, 0x0,
    0x0, 0x0, 0x0, 0x0, 0x0, 0x0, 0x9f, 0xf2,
    0x2, 0xff, 0xff, 0xff, 0xff, 0xfb, 0x9, 0xff,
    0x20, 0x2f, 0xff, 0xff, 0xff, 0xff, 0xb0, 0x6,
    0x40, 0x0, 0x0, 0x0, 0x0, 0x0, 0x0,

    /* U+F0B0 "" */
    0xd, 0xff, 0xff, 0xff, 0xff, 0xff, 0xff, 0xff,
    0xd0, 0x8, 0xff, 0xff, 0xff, 0xff, 0xff, 0xff,
    0xff, 0x80, 0x0, 0x9f, 0xff, 0xff, 0xff, 0xff,
    0xff, 0xf8, 0x0, 0x0, 0x9, 0xff, 0xff, 0xff,
    0xff, 0xff, 0x80, 0x0, 0x0, 0x0, 0x9f, 0xff,
    0xff, 0xff, 0xf8, 0x0, 0x0, 0x0, 0x0, 0x9,
    0xff, 0xff, 0xff, 0x80, 0x0, 0x0, 0x0, 0x0,
    0x0, 0x9f, 0xff, 0xf8, 0x0, 0x0, 0x0, 0x0,
    0x0, 0x0, 0xf, 0xff, 0xf0, 0x0, 0x0, 0x0,
    0x0, 0x0, 0x0, 0xf, 0xff, 0xf0, 0x0, 0x0,
    0x0, 0x0, 0x0, 0x0, 0xf, 0xff, 0xf0, 0x0,
    0x0, 0x0, 0x0, 0x0, 0x0, 0xf, 0xff, 0xf0,
    0x0, 0x0, 0x0, 0x0, 0x0, 0x0, 0xf, 0xff,
    0xf0, 0x0, 0x0, 0x0, 0x0, 0x0, 0x0, 0xf,
    0xff, 0xf0, 0x0, 0x0, 0x0, 0x0, 0x0, 0x0,
    0xf, 0xff, 0xf0, 0x0, 0x0, 0x0, 0x0, 0x0,
    0x0, 0x4, 0xef, 0xf0, 0x0, 0x0, 0x0, 0x0,
    0x0, 0x0, 0x0, 0x1a, 0xd0, 0x0, 0x0, 0x0,
    0x0, 0x0, 0x0, 0x0, 0x0, 0x0, 0x0, 0x0,
    0x0,

    /* U+F0B1 "" */
    0x0, 0x0, 0x8f, 0xff, 0xff, 0xf8, 0x0, 0x0,
    0x0, 0x0, 0xff, 0xff, 0xff, 0xff, 0x0, 0x0,
    0x0, 0x0, 0xff, 0x0, 0x0, 0xff, 0x0, 0x0,
    0x8f, 0xff, 0xff, 0xff, 0xff, 0xff, 0xff, 0xf8,
    0xff, 0xff, 0xff, 0xff, 0xff, 0xff, 0xff, 0xff,
    0xff, 0xff, 0xff, 0xff, 0xff, 0xff, 0xff, 0xff,
    0xff, 0xff, 0xff, 0xff, 0xff, 0xff, 0xff, 0xff,
    0x0, 0x0, 0x0, 0x0, 0x0, 0x0, 0x0, 0x0,
    0xff, 0xff, 0xff, 0x0, 0x0, 0xff, 0xff, 0xff,
    0xff, 0xff, 0xff, 0x10, 0x1, 0xff, 0xff, 0xff,
    0xff, 0xff, 0xff, 0xff, 0xff, 0xff, 0xff, 0xff,
    0xff, 0xff, 0xff, 0xff, 0xff, 0xff, 0xff, 0xff,
    0xff, 0xff, 0xff, 0xff, 0xff, 0xff, 0xff, 0xff,
    0x8f, 0xff, 0xff, 0xff, 0xff, 0xff, 0xff, 0xf8,

    /* U+F0B2 "" */
    0x0, 0x0, 0x0, 0xb, 0xb0, 0x0, 0x0, 0x0,
    0x0, 0x0, 0x0, 0xcf, 0xfc, 0x0, 0x0, 0x0,
    0x0, 0x0, 0xc, 0xff, 0xff, 0xc0, 0x0, 0x0,
    0x0, 0x0, 0x1e, 0xff, 0xff, 0xe1, 0x0, 0x0,
    0x0, 0x1, 0x0, 0xe, 0xe0, 0x0, 0x10, 0x0,
    0x0, 0xce, 0x0, 0xe, 0xe0, 0x0, 0xec, 0x0,
    0xc, 0xff, 0x0, 0xe, 0xe0, 0x0, 0xff, 0xc0,
    0xbf, 0xff, 0xee, 0xef, 0xfe, 0xee, 0xff, 0xfb,
    0xbf, 0xff, 0xee, 0xef, 0xfe, 0xee, 0xff, 0xfb,
    0xc, 0xff, 0x0, 0xe, 0xe0, 0x0, 0xff, 0xc0,
    0x0, 0xce, 0x0, 0xe, 0xe0, 0x0, 0xec, 0x0,
    0x0, 0x1, 0x0, 0xe, 0xe0, 0x0, 0x10, 0x0,
    0x0, 0x0, 0x1e, 0xff, 0xff, 0xe1, 0x0, 0x0,
    0x0, 0x0, 0xc, 0xff, 0xff, 0xc0, 0x0, 0x0,
    0x0, 0x0, 0x0, 0xcf, 0xfc, 0x0, 0x0, 0x0,
    0x0, 0x0, 0x0, 0xb, 0xb0, 0x0, 0x0, 0x0,

    /* U+F0C0 "" */
    0x0, 0x0, 0x0, 0x2, 0xbf, 0xe8, 0x0, 0x0,
    0x0, 0x0, 0x0, 0x0, 0x0, 0x1e, 0xff, 0xff,
    0x90, 0x0, 0x0, 0x0, 0x4, 0xee, 0x40, 0x8f,
    0xff, 0xff, 0xf1, 0x4, 0xee, 0x40, 0xe, 0xff,
    0xe0, 0xbf, 0xff, 0xff, 0xf4, 0xe, 0xff, 0xe0,
    0xe, 0xff, 0xe0, 0x8f, 0xff, 0xff, 0xf1, 0xe,
    0xff, 0xe0, 0x4, 0xee, 0x40, 0x1e, 0xff, 0xff,
    0x90, 0x4, 0xee, 0x40, 0x0, 0x0, 0x0, 0x2,
    0xbf, 0xe8, 0x0, 0x0, 0x0, 0x0, 0x4e, 0xff,
    0xe1, 0x0, 0x0, 0x0, 0x0, 0x2e, 0xff, 0xe4,
    0xef, 0xff, 0x45, 0xdf, 0xb8, 0x9d, 0xfc, 0x45,
    0xff, 0xfe, 0xff, 0xf9, 0x4f, 0xff, 0xff, 0xff,
    0xff, 0xf4, 0x9f, 0xff, 0xcf, 0xf3, 0xcf, 0xff,
    0xff, 0xff, 0xff, 0xfc, 0x3f, 0xfc, 0x0, 0x0,
    0xff, 0xff, 0xff, 0xff, 0xff, 0xff, 0x0, 0x0,
    0x0, 0x0, 0xff, 0xff, 0xff, 0xff, 0xff, 0xff,
    0x0, 0x0, 0x0, 0x0, 0x8f, 0xff, 0xff, 0xff,
    0xff, 0xf8, 0x0, 0x0,

    /* U+F0C1 "" */
    0x0, 0x0, 0x0, 0x0, 0x2a, 0xef, 0xd6, 0x0,
    0x0, 0x0, 0x0, 0x4, 0xff, 0xff, 0xff, 0xa0,
    0x0, 0x0, 0x0, 0x4f, 0xff, 0xa9, 0xef, 0xf6,
    0x0, 0x0, 0x3, 0xff, 0xf5, 0x0, 0x1e, 0xfd,
    0x0, 0x0, 0xe, 0xff, 0x50, 0x0, 0x9, 0xff,
    0x0, 0x0, 0x6f, 0xf6, 0x4b, 0x10, 0xb, 0xfe,
    0x0, 0x31, 0x8f, 0xf0, 0xff, 0xc0, 0x5f, 0xfa,
    0x4, 0xf7, 0x8f, 0xf1, 0xaf, 0xf4, 0xaf, 0xf2,
    0x2f, 0xfa, 0x4f, 0xfa, 0x1f, 0xf8, 0x7f, 0x40,
    0xaf, 0xf5, 0xc, 0xff, 0xf, 0xf8, 0x13, 0x0,
    0xef, 0xb0, 0x1, 0xb4, 0x6f, 0xf6, 0x0, 0x0,
    0xff, 0x90, 0x0, 0x5, 0xff, 0xe0, 0x0, 0x0,
    0xdf, 0xe1, 0x0, 0x5f, 0xff, 0x30, 0x0, 0x0,
    0x6f, 0xfe, 0x8a, 0xff, 0xf4, 0x0, 0x0, 0x0,
    0xa, 0xff, 0xff, 0xff, 0x40, 0x0, 0x0, 0x0,
    0x0, 0x6d, 0xfe, 0xa2, 0x0, 0x0, 0x0, 0x0,

    /* U+F0C2 "" */
    0x0, 0x0, 0x4, 0xcf, 0xeb, 0x40, 0x0, 0x0,
    0x0, 0x0, 0x0, 0x0, 0x8f, 0xff, 0xff, 0xf8,
    0x0, 0x0, 0x0, 0x0, 0x0, 0x4, 0xff, 0xff,
    0xff, 0xff, 0xae, 0xe8, 0x0, 0x0, 0x0, 0xc,
    0xff, 0xff, 0xff, 0xff, 0xff, 0xff, 0x80, 0x0,
    0x0, 0xf, 0xff, 0xff, 0xff, 0xff, 0xff, 0xff,
    0xe0, 0x0, 0x0, 0x7f, 0xff, 0xff, 0xff, 0xff,
    0xff, 0xff, 0xe0, 0x0, 0xc, 0xff, 0xff, 0xff,
    0xff, 0xff, 0xff, 0xff, 0xfa, 0x20, 0x7f, 0xff,
    0xff, 0xff, 0xff, 0xff, 0xff, 0xff, 0xff, 0xe2,
    0xdf, 0xff, 0xff, 0xff, 0xff, 0xff, 0xff, 0xff,
    0xff, 0xfa, 0xff, 0xff, 0xff, 0xff, 0xff, 0xff,
    0xff, 0xff, 0xff, 0xff, 0xdf, 0xff, 0xff, 0xff,
    0xff, 0xff, 0xff, 0xff, 0xff, 0xff, 0x8f, 0xff,
    0xff, 0xff, 0xff, 0xff, 0xff, 0xff, 0xff, 0xfb,
    0xc, 0xff, 0xff, 0xff, 0xff, 0xff, 0xff, 0xff,
    0xff, 0xe2, 0x0, 0x8d, 0xff, 0xff, 0xff, 0xff,
    0xff, 0xff, 0xfb, 0x20,

    /* U+F0C3 "" */
    0x0, 0x0, 0xdf, 0xff, 0xff, 0xfd, 0x0, 0x0,
    0x0, 0x0, 0xdf, 0xff, 0xff, 0xfd, 0x0, 0x0,
    0x0, 0x0, 0xf, 0xf0, 0xf, 0xf0, 0x0, 0x0,
    0x0, 0x0, 0xf, 0xf0, 0xf, 0xf0, 0x0, 0x0,
    0x0, 0x0, 0xf, 0xf0, 0xf, 0xf0, 0x0, 0x0,
    0x0, 0x0, 0xf, 0xf0, 0xf, 0xf0, 0x0, 0x0,
    0x0, 0x0, 0xf, 0xf0, 0xf, 0xf0, 0x0, 0x0,
    0x0, 0x0, 0x7f, 0xc0, 0xc, 0xf7, 0x0, 0x0,
    0x0, 0x2, 0xff, 0x30, 0x3, 0xff, 0x20, 0x0,
    0x0, 0xb, 0xf9, 0x0, 0x0, 0x9f, 0xb0, 0x0,
    0x0, 0x5f, 0xff, 0xff, 0xff, 0xff, 0xf5, 0x0,
    0x0, 0xef, 0xff, 0xff, 0xff, 0xff, 0xfe, 0x0,
    0x9, 0xff, 0xff, 0xff, 0xff, 0xff, 0xff, 0x90,
    0xf, 0xff, 0xff, 0xff, 0xff, 0xff, 0xff, 0xf0,
    0xd, 0xff, 0xff, 0xff, 0xff, 0xff, 0xff, 0xd0,
    0x3, 0xdf, 0xff, 0xff, 0xff, 0xff, 0xfd, 0x30,

    /* U+F0C4 "" */
    0x8, 0xee, 0x80, 0x0, 0x0, 0x6, 0x61, 0x8,
    0xff, 0xff, 0x80, 0x0, 0x2d, 0xff, 0xd0, 0xef,
    0x33, 0xfe, 0x0, 0x2e, 0xff, 0xf3, 0xe, 0xf3,
    0x3f, 0xe0, 0x2e, 0xff, 0xf3, 0x0, 0x8f, 0xff,
    0xff, 0x6e, 0xff, 0xf3, 0x0, 0x0, 0x8e, 0xff,
    0xff, 0xff, 0xf3, 0x0, 0x0, 0x0, 0x2, 0xef,
    0xff, 0xf3, 0x0, 0x0, 0x0, 0x0, 0x2e, 0xff,
    0xff, 0x30, 0x0, 0x0, 0x8, 0xef, 0xff, 0xff,
    0xff, 0x30, 0x0, 0x8, 0xff, 0xff, 0xf6, 0xef,
    0xff, 0x30, 0x0, 0xef, 0x33, 0xfe, 0x2, 0xef,
    0xff, 0x30, 0xe, 0xf3, 0x3f, 0xe0, 0x2, 0xef,
    0xff, 0x30, 0x8f, 0xff, 0xf8, 0x0, 0x2, 0xdf,
    0xfd, 0x0, 0x8e, 0xe8, 0x0, 0x0, 0x0, 0x66,
    0x10,

    /* U+F0C5 "" */
    0x0, 0x0, 0xdf, 0xff, 0xff, 0xd, 0x10, 0x0,
    0x0, 0xff, 0xff, 0xff, 0xf, 0xd1, 0x0, 0x0,
    0xff, 0xff, 0xff, 0xf, 0xfd, 0xdf, 0xf0, 0xff,
    0xff, 0xff, 0x20, 0x0, 0xff, 0xf0, 0xff, 0xff,
    0xff, 0xff, 0xff, 0xff, 0xf0, 0xff, 0xff, 0xff,
    0xff, 0xff, 0xff, 0xf0, 0xff, 0xff, 0xff, 0xff,
    0xff, 0xff, 0xf0, 0xff, 0xff, 0xff, 0xff, 0xff,
    0xff, 0xf0, 0xff, 0xff, 0xff, 0xff, 0xff, 0xff,
    0xf0, 0xff, 0xff, 0xff, 0xff, 0xff, 0xff, 0xf0,
    0xff, 0xff, 0xff, 0xff, 0xff, 0xff, 0xf0, 0xff,
    0xff, 0xff, 0xff, 0xff, 0xff, 0xf0, 0xdf, 0xff,
    0xff, 0xff, 0xfd, 0xff, 0xf9, 0x0, 0x0, 0x0,
    0x0, 0x0, 0xff, 0xff, 0xff, 0xff, 0xff, 0x0,
    0x0, 0xdf, 0xff, 0xff, 0xff, 0xfd, 0x0, 0x0,

    /* U+F0C6 "" */
    0x0, 0x0, 0x0, 0x0, 0x5d, 0xfd, 0x50, 0x0,
    0x0, 0x0, 0x7, 0xff, 0xff, 0xf4, 0x0, 0x0,
    0x0, 0x7f, 0xf6, 0x8, 0xfc, 0x0, 0x0, 0x6,
    0xff, 0x60, 0x0, 0xff, 0x0, 0x0, 0x6f, 0xf8,
    0xe9, 0x5, 0xfd, 0x0, 0x6, 0xff, 0x8e, 0xfb,
    0x3f, 0xf6, 0x0, 0x5f, 0xf8, 0xef, 0xb4, 0xff,
    0x90, 0x5, 0xff, 0x8e, 0xfc, 0x4f, 0xfa, 0x50,
    0x2f, 0xf8, 0xdf, 0xc4, 0xff, 0xac, 0xf6, 0xaf,
    0x99, 0xfc, 0x4f, 0xfb, 0xbf, 0xe2, 0xef, 0x2b,
    0xf9, 0xef, 0xbb, 0xfe, 0x20, 0xff, 0x16, 0xff,
    0xfb, 0xbf, 0xe2, 0x0, 0xcf, 0x50, 0x59, 0x7b,
    0xfe, 0x20, 0x0, 0x6f, 0xf5, 0x2, 0xbf, 0xe3,
    0x0, 0x0, 0xa, 0xff, 0xff, 0xfe, 0x30, 0x0,
    0x0, 0x0, 0x6d, 0xfe, 0xa1, 0x0, 0x0, 0x0,

    /* U+F0C7 "" */
    0x8f, 0xff, 0xff, 0xff, 0xff, 0xc1, 0x0, 0xff,
    0xff, 0xff, 0xff, 0xff, 0xfd, 0x10, 0xff, 0x0,
    0x0, 0x0, 0x1, 0xff, 0xd1, 0xff, 0x0, 0x0,
    0x0, 0x0, 0xff, 0xfc, 0xff, 0x0, 0x0, 0x0,
    0x0, 0xff, 0xff, 0xff, 0x0, 0x0, 0x0, 0x0,
    0xff, 0xff, 0xff, 0xff, 0xff, 0xff, 0xff, 0xff,
    0xff, 0xff, 0xff, 0xff, 0xff, 0xff, 0xff, 0xff,
    0xff, 0xff, 0xfb, 0x11, 0xbf, 0xff, 0xff, 0xff,
    0xff, 0xf1, 0x0, 0x1f, 0xff, 0xff, 0xff, 0xff,
    0xf1, 0x0, 0x1f, 0xff, 0xff, 0xff, 0xff, 0xfb,
    0x11, 0xbf, 0xff, 0xff, 0xff, 0xff, 0xff, 0xff,
    0xff, 0xff, 0xff, 0x8f, 0xff, 0xff, 0xff, 0xff,
    0xff, 0xf8,

    /* U+F0C8 "" */
    0x8f, 0xff, 0xff, 0xff, 0xff, 0xff, 0xf8, 0xff,
    0xff, 0xff, 0xff, 0xff, 0xff, 0xff, 0xff, 0xff,
    0xff, 0xff, 0xff, 0xff, 0xff, 0xff, 0xff, 0xff,
    0xff, 0xff, 0xff, 0xff, 0xff, 0xff, 0xff, 0xff,
    0xff, 0xff, 0xff, 0xff, 0xff, 0xff, 0xff, 0xff,
    0xff, 0xff, 0xff, 0xff, 0xff, 0xff, 0xff, 0xff,
    0xff, 0xff, 0xff, 0xff, 0xff, 0xff, 0xff, 0xff,
    0xff, 0xff, 0xff, 0xff, 0xff, 0xff, 0xff, 0xff,
    0xff, 0xff, 0xff, 0xff, 0xff, 0xff, 0xff, 0xff,
    0xff, 0xff, 0xff, 0xff, 0xff, 0xff, 0xff, 0xff,
    0xff, 0xff, 0xff, 0xff, 0xff, 0xff, 0xff, 0xff,
    0xff, 0xff, 0xff, 0x8f, 0xff, 0xff, 0xff, 0xff,
    0xff, 0xf8,

    /* U+F0C9 "" */
    0x12, 0x22, 0x22, 0x22, 0x22, 0x22, 0x21, 0xff,
    0xff, 0xff, 0xff, 0xff, 0xff, 0xff, 0xff, 0xff,
    0xff, 0xff, 0xff, 0xff, 0xff, 0x12, 0x22, 0x22,
    0x22, 0x22, 0x22, 0x21, 0x0, 0x0, 0x0, 0x0,
    0x0, 0x0, 0x0, 0x12, 0x22, 0x22, 0x22, 0x22,
    0x22, 0x21, 0xff, 0xff, 0xff, 0xff, 0xff, 0xff,
    0xff, 0xff, 0xff, 0xff, 0xff, 0xff, 0xff, 0xff,
    0x12, 0x22, 0x22, 0x22, 0x22, 0x22, 0x21, 0x0,
    0x0, 0x0, 0x0, 0x0, 0x0, 0x0, 0x12, 0x22,
    0x22, 0x22, 0x22, 0x22, 0x21, 0xff, 0xff, 0xff,
    0xff, 0xff, 0xff, 0xff, 0xff, 0xff, 0xff, 0xff,
    0xff, 0xff, 0xff, 0x12, 0x22, 0x22, 0x22, 0x22,
    0x22, 0x21,

    /* U+F0CA "" */
    0x27, 0x20, 0x0, 0x0, 0x0, 0x0, 0x0, 0x0,
    0xdf, 0xd0, 0xe, 0xff, 0xff, 0xff, 0xff, 0xfe,
    0xdf, 0xd0, 0xe, 0xff, 0xff, 0xff, 0xff, 0xfe,
    0x27, 0x20, 0x0, 0x0, 0x0, 0x0, 0x0, 0x0,
    0x0, 0x0, 0x0, 0x0, 0x0, 0x0, 0x0, 0x0,
    0x27, 0x20, 0x0, 0x0, 0x0, 0x0, 0x0, 0x0,
    0xdf, 0xd0, 0xe, 0xff, 0xff, 0xff, 0xff, 0xfe,
    0xdf, 0xd0, 0xe, 0xff, 0xff, 0xff, 0xff, 0xfe,
    0x27, 0x20, 0x0, 0x0, 0x0, 0x0, 0x0, 0x0,
    0x0, 0x0, 0x0, 0x0, 0x0, 0x0, 0x0, 0x0,
    0x27, 0x20, 0x0, 0x0, 0x0, 0x0, 0x0, 0x0,
    0xdf, 0xd0, 0xe, 0xff, 0xff, 0xff, 0xff, 0xfe,
    0xdf, 0xd0, 0xe, 0xff, 0xff, 0xff, 0xff, 0xfe,
    0x27, 0x20, 0x0, 0x0, 0x0, 0x0, 0x0, 0x0,

    /* U+F0CB "" */
    0x5, 0xf0, 0x0, 0x0, 0x0, 0x0, 0x0, 0x0,
    0x0, 0xf, 0x0, 0xe, 0xff, 0xff, 0xff, 0xff,
    0xfe, 0x0, 0xf0, 0x0, 0xef, 0xff, 0xff, 0xff,
    0xff, 0xe0, 0xbf, 0xa0, 0x0, 0x0, 0x0, 0x0,
    0x0, 0x0, 0x0, 0x0, 0x0, 0x0, 0x0, 0x0,
    0x0, 0x0, 0x0, 0x9f, 0x70, 0x0, 0x0, 0x0,
    0x0, 0x0, 0x0, 0x3, 0xbb, 0x0, 0xef, 0xff,
    0xff, 0xff, 0xff, 0xe0, 0x9c, 0x20, 0xe, 0xff,
    0xff, 0xff, 0xff, 0xfe, 0xe, 0xfa, 0x0, 0x0,
    0x0, 0x0, 0x0, 0x0, 0x0, 0x0, 0x0, 0x0,
    0x0, 0x0, 0x0, 0x0, 0x0, 0xb, 0xf8, 0x0,
    0x0, 0x0, 0x0, 0x0, 0x0, 0x0, 0x3f, 0x30,
    0xe, 0xff, 0xff, 0xff, 0xff, 0xfe, 0x3, 0xbb,
    0x0, 0xef, 0xff, 0xff, 0xff, 0xff, 0xe0, 0xcf,
    0x60, 0x0, 0x0, 0x0, 0x0, 0x0, 0x0,

    /* U+F0CC "" */
    0x0, 0x0, 0x3b, 0xff, 0xfe, 0x91, 0x0, 0x0,
    0x0, 0x3, 0xff, 0xff, 0xff, 0xfe, 0x10, 0x0,
    0x0, 0xb, 0xff, 0x98, 0x8b, 0xff, 0x80, 0x0,
    0x0, 0xf, 0xf9, 0x0, 0x0, 0x65, 0x0, 0x0,
    0x0, 0xe, 0xfb, 0x0, 0x0, 0x0, 0x0, 0x0,
    0x0, 0x9, 0xff, 0xd8, 0x30, 0x0, 0x0, 0x0,
    0xef, 0xff, 0xff, 0xff, 0xff, 0xff, 0xff, 0xfe,
    0xef, 0xff, 0xff, 0xff, 0xff, 0xff, 0xff, 0xfe,
    0x0, 0x0, 0x0, 0x0, 0x0, 0x0, 0x0, 0x0,
    0x0, 0x0, 0x0, 0x0, 0x0, 0xcf, 0xe0, 0x0,
    0x0, 0x0, 0x56, 0x0, 0x0, 0x9f, 0xf0, 0x0,
    0x0, 0x8, 0xff, 0xa8, 0x89, 0xff, 0xb0, 0x0,
    0x0, 0x2, 0xef, 0xff, 0xff, 0xff, 0x30, 0x0,
    0x0, 0x0, 0x19, 0xef, 0xff, 0xb3, 0x0, 0x0,

    /* U+F0CD "" */
    0x6f, 0xff, 0xfe, 0x0, 0xef, 0xff, 0xf6, 0x6f,
    0xff, 0xfe, 0x0, 0xef, 0xff, 0xf6, 0x0, 0xff,
    0x80, 0x0, 0x8, 0xff, 0x0, 0x0, 0xff, 0x80,
    0x0, 0x8, 0xff, 0x0, 0x0, 0xff, 0x80, 0x0,
    0x8, 0xff, 0x0, 0x0, 0xff, 0x80, 0x0, 0x8,
    0xff, 0x0, 0x0, 0xff, 0x80, 0x0, 0x8, 0xff,
    0x0, 0x0, 0xff, 0x90, 0x0, 0x9, 0xff, 0x0,
    0x0, 0xcf, 0xf2, 0x0, 0x2f, 0xfc, 0x0, 0x0,
    0x4f, 0xff, 0x99, 0xff, 0xf4, 0x0, 0x0, 0x8,
    0xff, 0xff, 0xff, 0x80, 0x0, 0x0, 0x0, 0x4c,
    0xff, 0xc4, 0x0, 0x0, 0x0, 0x0, 0x0, 0x0,
    0x0, 0x0, 0x0, 0x0, 0x0, 0x0, 0x0, 0x0,
    0x0, 0x0, 0xef, 0xff, 0xff, 0xff, 0xff, 0xff,
    0xfe, 0xef, 0xff, 0xff, 0xff, 0xff, 0xff, 0xfe,

    /* U+F0CE "" */
    0x8f, 0xff, 0xff, 0xff, 0xff, 0xff, 0xff, 0xf8,
    0xff, 0xff, 0xff, 0xff, 0xff, 0xff, 0xff, 0xff,
    0xff, 0xff, 0xff, 0xff, 0xff, 0xff, 0xff, 0xff,
    0xff, 0xff, 0xff, 0xff, 0xff, 0xff, 0xff, 0xff,
    0xff, 0x0, 0x0, 0xf, 0xf0, 0x0, 0x0, 0xff,
    0xff, 0x0, 0x0, 0xf, 0xf0, 0x0, 0x0, 0xff,
    0xff, 0x0, 0x0, 0xf, 0xf0, 0x0, 0x0, 0xff,
    0xff, 0xff, 0xff, 0xff, 0xff, 0xff, 0xff, 0xff,
    0xff, 0xff, 0xff, 0xff, 0xff, 0xff, 0xff, 0xff,
    0xff, 0x0, 0x0, 0xf, 0xf0, 0x0, 0x0, 0xff,
    0xff, 0x0, 0x0, 0xf, 0xf0, 0x0, 0x0, 0xff,
    0xff, 0x0, 0x0, 0xf, 0xf0, 0x0, 0x0, 0xff,
    0xff, 0xff, 0xff, 0xff, 0xff, 0xff, 0xff, 0xff,
    0x8f, 0xff, 0xff, 0xff, 0xff, 0xff, 0xff, 0xf8,

    /* U+F0D0 "" */
    0x0, 0x80, 0x0, 0x34, 0x0, 0x8, 0xe4, 0x0,
    0x5, 0xf5, 0x2, 0xed, 0x20, 0x8f, 0xff, 0x40,
    0x8f, 0xff, 0x80, 0x43, 0x8, 0xfd, 0x5f, 0xf4,
    0x5, 0xf5, 0x0, 0x0, 0x8f, 0xd1, 0x5, 0xfe,
    0x0, 0x80, 0x0, 0x8, 0xfe, 0x10, 0x1d, 0xf8,
    0x0, 0x0, 0x0, 0x8f, 0xff, 0x61, 0xdf, 0x80,
    0x0, 0x0, 0x8, 0xff, 0xff, 0xfe, 0xf8, 0x0,
    0x0, 0x0, 0x8f, 0xff, 0xff, 0xff, 0x80, 0x0,
    0x0, 0x8, 0xff, 0xff, 0xff, 0xf8, 0x0, 0x0,
    0x0, 0x8f, 0xff, 0xff, 0xff, 0x80, 0x8, 0x0,
    0x8, 0xff, 0xff, 0xff, 0xf8, 0x0, 0x5f, 0x50,
    0x8f, 0xff, 0xff, 0xff, 0x80, 0x8, 0xff, 0xf8,
    0xef, 0xff, 0xff, 0xf8, 0x0, 0x0, 0x5f, 0x50,
    0x4f, 0xff, 0xff, 0x80, 0x0, 0x0, 0x8, 0x0,
    0x4, 0xff, 0xf8, 0x0, 0x0, 0x0, 0x0, 0x0,
    0x0, 0x4e, 0x80, 0x0, 0x0, 0x0, 0x0, 0x0,

    /* U+F0D1 "" */
    0x8f, 0xff, 0xff, 0xff, 0xff, 0xff, 0x80, 0x0,
    0x0, 0x0, 0xff, 0xff, 0xff, 0xff, 0xff, 0xff,
    0xf0, 0x0, 0x0, 0x0, 0xff, 0xff, 0xff, 0xff,
    0xff, 0xff, 0xf0, 0x0, 0x0, 0x0, 0xff, 0xff,
    0xff, 0xff, 0xff, 0xff, 0xff, 0xf7, 0x0, 0x0,
    0xff, 0xff, 0xff, 0xff, 0xff, 0xff, 0xf8, 0xbf,
    0x80, 0x0, 0xff, 0xff, 0xff, 0xff, 0xff, 0xff,
    0xf0, 0x9, 0xf8, 0x0, 0xff, 0xff, 0xff, 0xff,
    0xff, 0xff, 0xf0, 0x0, 0x9f, 0x70, 0xff, 0xff,
    0xff, 0xff, 0xff, 0xff, 0xf0, 0x0, 0xb, 0xf0,
    0xff, 0xff, 0xff, 0xff, 0xff, 0xff, 0xff, 0xff,
    0xff, 0xf0, 0xff, 0xff, 0xff, 0xff, 0xff, 0xff,
    0xff, 0xff, 0xff, 0xf0, 0xff, 0xff, 0xff, 0xff,
    0xff, 0xff, 0xff, 0xff, 0xff, 0xf0, 0xff, 0xff,
    0xaa, 0xff, 0xff, 0xff, 0xff, 0xaa, 0xff, 0xfe,
    0x8f, 0xfa, 0x0, 0xaf, 0xff, 0xff, 0xfa, 0x0,
    0xaf, 0xfe, 0x0, 0xea, 0x0, 0xae, 0x0, 0x0,
    0xea, 0x0, 0xae, 0x0, 0x0, 0x8f, 0xaa, 0xf8,
    0x0, 0x0, 0x8f, 0xaa, 0xf8, 0x0, 0x0, 0x8,
    0xee, 0x80, 0x0, 0x0, 0x8, 0xee, 0x80, 0x0,

    /* U+F0D2 "" */
    0x0, 0x0, 0x16, 0xab, 0xa8, 0x40, 0x0, 0x0,
    0x0, 0x7, 0xff, 0xff, 0xff, 0xfc, 0x20, 0x0,
    0x0, 0xaf, 0xff, 0xff, 0xff, 0xff, 0xf4, 0x0,
    0x8, 0xff, 0xf9, 0x42, 0x25, 0xcf, 0xff, 0x20,
    0x2f, 0xff, 0x40, 0x58, 0x61, 0x9, 0xff, 0xb0,
    0x9f, 0xf6, 0xc, 0xff, 0xfe, 0x20, 0xcf, 0xf2,
    0xdf, 0xf0, 0x7f, 0x55, 0xff, 0xb0, 0x6f, 0xf6,
    0xff, 0xd0, 0xbb, 0x0, 0xff, 0xe0, 0x4f, 0xf8,
    0xff, 0xe0, 0xaa, 0x4, 0xff, 0xe0, 0x4f, 0xf8,
    0xdf, 0xf3, 0x4c, 0x8, 0xff, 0x90, 0x8f, 0xf6,
    0x9f, 0xfd, 0x78, 0x7, 0xfd, 0x11, 0xef, 0xf2,
    0x3f, 0xff, 0xf5, 0x0, 0x20, 0xb, 0xff, 0xc0,
    0x9, 0xff, 0xf1, 0x5d, 0x89, 0xef, 0xff, 0x30,
    0x0, 0xcf, 0xe0, 0xaf, 0xff, 0xff, 0xf5, 0x0,
    0x0, 0x9, 0xd1, 0xff, 0xff, 0xfd, 0x40, 0x0,
    0x0, 0x0, 0x13, 0xbd, 0xca, 0x50, 0x0, 0x0,

    /* U+F0D3 "" */
    0x8f, 0xff, 0xff, 0xff, 0xff, 0xff, 0xf8, 0xff,
    0xff, 0xff, 0xff, 0xff, 0xff, 0xff, 0xff, 0xff,
    0x93, 0x0, 0x28, 0xff, 0xff, 0xff, 0xf5, 0x5,
    0x99, 0x40, 0x4f, 0xff, 0xff, 0xa0, 0x9f, 0xff,
    0xf7, 0x8, 0xff, 0xff, 0x43, 0xf6, 0x1e, 0xff,
    0x3, 0xff, 0xff, 0x17, 0xf0, 0xd, 0xff, 0x21,
    0xff, 0xff, 0x35, 0xf0, 0x1f, 0xff, 0x13, 0xff,
    0xff, 0x90, 0xe0, 0x5f, 0xfb, 0x7, 0xff, 0xff,
    0xf9, 0xc0, 0x2e, 0xc1, 0x1e, 0xff, 0xff, 0xff,
    0x80, 0x40, 0x3, 0xdf, 0xff, 0xff, 0xff, 0x42,
    0xfe, 0xef, 0xff, 0xff, 0xff, 0xff, 0x27, 0xff,
    0xff, 0xff, 0xff, 0x8f, 0xff, 0x3e, 0xff, 0xff,
    0xff, 0xf8,

    /* U+F0D4 "" */
    0x8f, 0xff, 0xff, 0xff, 0xff, 0xff, 0xf8, 0xff,
    0xff, 0xff, 0xff, 0xff, 0xff, 0xff, 0xff, 0xff,
    0xff, 0xff, 0xff, 0xff, 0xff, 0xff, 0xff, 0xff,
    0xff, 0xff, 0xff, 0xff, 0xff, 0xf6, 0x0, 0x4f,
    0xff, 0xff, 0xff, 0xff, 0x73, 0xde, 0xbf, 0xff,
    0xcf, 0xff, 0xff, 0x1c, 0xf9, 0x99, 0xfb, 0x19,
    0xff, 0xff, 0x1c, 0xf6, 0x40, 0xf9, 0x6, 0xff,
    0xff, 0x72, 0xde, 0x54, 0xff, 0x9f, 0xff, 0xff,
    0xf6, 0x0, 0x3e, 0xff, 0xff, 0xff, 0xff, 0xff,
    0xff, 0xff, 0xff, 0xff, 0xff, 0xff, 0xff, 0xff,
    0xff, 0xff, 0xff, 0xff, 0xff, 0xff, 0xff, 0xff,
    0xff, 0xff, 0xff, 0x8f, 0xff, 0xff, 0xff, 0xff,
    0xff, 0xf8,

    /* U+F0D5 "" */
    0x0, 0x3, 0xae, 0xfe, 0x91, 0x0, 0x0, 0x0,
    0x0, 0x0, 0x0, 0x7f, 0xff, 0xff, 0xfe, 0x10,
    0x0, 0x0, 0x0, 0x0, 0x6, 0xff, 0xc5, 0x47,
    0xe5, 0x0, 0x0, 0x0, 0x0, 0x0, 0xe, 0xfb,
    0x0, 0x0, 0x0, 0x0, 0x0, 0x0, 0x36, 0x0,
    0x5f, 0xf1, 0x0, 0x0, 0x0, 0x0, 0x0, 0x0,
    0x9f, 0x20, 0x7f, 0xd0, 0x0, 0x9e, 0xee, 0xed,
    0x0, 0x3a, 0xdf, 0xb9, 0x7f, 0xd0, 0x0, 0xaf,
    0xff, 0xff, 0x0, 0x5f, 0xff, 0xfe, 0x5f, 0xf1,
    0x0, 0x23, 0x38, 0xfe, 0x0, 0x1, 0xaf, 0x31,
    0xe, 0xfb, 0x0, 0x0, 0xd, 0xfa, 0x0, 0x0,
    0x8d, 0x10, 0x6, 0xff, 0xc5, 0x46, 0xdf, 0xf2,
    0x0, 0x0, 0x0, 0x0, 0x0, 0x7f, 0xff, 0xff,
    0xff, 0x50, 0x0, 0x0, 0x0, 0x0, 0x0, 0x3,
    0xae, 0xfe, 0xa2, 0x0, 0x0, 0x0, 0x0, 0x0,

    /* U+F0D6 "" */
    0xcf, 0xff, 0xff, 0xff, 0xff, 0xff, 0xff, 0xff,
    0xff, 0xfc, 0xfc, 0x8e, 0xff, 0xff, 0xff, 0xff,
    0xff, 0xff, 0xa8, 0xcf, 0xf8, 0xe, 0xff, 0xff,
    0xff, 0xff, 0xff, 0xff, 0x90, 0x8f, 0xfa, 0xbf,
    0xff, 0xff, 0xa1, 0x1a, 0xff, 0xff, 0xf9, 0xaf,
    0xff, 0xff, 0xff, 0xfd, 0x0, 0x0, 0xdf, 0xff,
    0xff, 0xff, 0xff, 0xff, 0xff, 0xf9, 0x0, 0x0,
    0x9f, 0xff, 0xff, 0xff, 0xff, 0xff, 0xff, 0xf9,
    0x0, 0x0, 0x9f, 0xff, 0xff, 0xff, 0xff, 0xff,
    0xff, 0xfd, 0x0, 0x0, 0xdf, 0xff, 0xff, 0xff,
    0xfe, 0xff, 0xff, 0xff, 0xa1, 0x1a, 0xff, 0xff,
    0xfe, 0xef, 0xf8, 0x2f, 0xff, 0xff, 0xff, 0xff,
    0xff, 0xff, 0xb0, 0x8f, 0xfc, 0x8e, 0xff, 0xff,
    0xff, 0xff, 0xff, 0xff, 0xa8, 0xcf, 0xcf, 0xff,
    0xff, 0xff, 0xff, 0xff, 0xff, 0xff, 0xff, 0xfc,

    /* U+F0D7 "" */
    0x8f, 0xff, 0xff, 0xff, 0xf8, 0x2e, 0xff, 0xff,
    0xff, 0xe2, 0x2, 0xef, 0xff, 0xfe, 0x20, 0x0,
    0x2e, 0xff, 0xe2, 0x0, 0x0, 0x2, 0xee, 0x20,
    0x0, 0x0, 0x0, 0x11, 0x0, 0x0,

    /* U+F0D8 "" */
    0x0, 0x0, 0x11, 0x0, 0x0, 0x0, 0x2, 0xee,
    0x20, 0x0, 0x0, 0x2e, 0xff, 0xe2, 0x0, 0x2,
    0xef, 0xff, 0xfe, 0x20, 0x2e, 0xff, 0xff, 0xff,
    0xe2, 0x8f, 0xff, 0xff, 0xff, 0xf8,

    /* U+F0D9 "" */
    0x0, 0x0, 0x28, 0x0, 0x2, 0xef, 0x0, 0x2e,
    0xff, 0x2, 0xef, 0xff, 0x1e, 0xff, 0xff, 0x1e,
    0xff, 0xff, 0x2, 0xef, 0xff, 0x0, 0x2e, 0xff,
    0x0, 0x2, 0xef, 0x0, 0x0, 0x28,

    /* U+F0DA "" */
    0x82, 0x0, 0x0, 0xfe, 0x20, 0x0, 0xff, 0xe2,
    0x0, 0xff, 0xfe, 0x20, 0xff, 0xff, 0xe1, 0xff,
    0xff, 0xe1, 0xff, 0xfe, 0x20, 0xff, 0xe2, 0x0,
    0xfe, 0x20, 0x0, 0x82, 0x0, 0x0,

    /* U+F0DB "" */
    0x8f, 0xff, 0xff, 0xff, 0xff, 0xff, 0xff, 0xf8,
    0xff, 0xff, 0xff, 0xff, 0xff, 0xff, 0xff, 0xff,
    0xff, 0xff, 0xff, 0xff, 0xff, 0xff, 0xff, 0xff,
    0xff, 0xff, 0xff, 0xff, 0xff, 0xff, 0xff, 0xff,
    0xff, 0x0, 0x0, 0xf, 0xf0, 0x0, 0x0, 0xff,
    0xff, 0x0, 0x0, 0xf, 0xf0, 0x0, 0x0, 0xff,
    0xff, 0x0, 0x0, 0xf, 0xf0, 0x0, 0x0, 0xff,
    0xff, 0x0, 0x0, 0xf, 0xf0, 0x0, 0x0, 0xff,
    0xff, 0x0, 0x0, 0xf, 0xf0, 0x0, 0x0, 0xff,
    0xff, 0x0, 0x0, 0xf, 0xf0, 0x0, 0x0, 0xff,
    0xff, 0x0, 0x0, 0xf, 0xf0, 0x0, 0x0, 0xff,
    0xff, 0x0, 0x0, 0xf, 0xf0, 0x0, 0x0, 0xff,
    0xff, 0xff, 0xff, 0xff, 0xff, 0xff, 0xff, 0xff,
    0x8f, 0xff, 0xff, 0xff, 0xff, 0xff, 0xff, 0xf8,

    /* U+F0DC "" */
    0x0, 0x0, 0x0, 0x0, 0x0, 0x0, 0x2, 0xee,
    0x20, 0x0, 0x0, 0x2e, 0xff, 0xe2, 0x0, 0x2,
    0xef, 0xff, 0xfe, 0x20, 0x1e, 0xff, 0xff, 0xff,
    0xe1, 0x5f, 0xff, 0xff, 0xff, 0xf5, 0x0, 0x0,
    0x0, 0x0, 0x0, 0x0, 0x0, 0x0, 0x0, 0x0,
    0x5f, 0xff, 0xff, 0xff, 0xf5, 0x1e, 0xff, 0xff,
    0xff, 0xe1, 0x2, 0xef, 0xff, 0xfe, 0x20, 0x0,
    0x2e, 0xff, 0xe2, 0x0, 0x0, 0x2, 0xee, 0x20,
    0x0, 0x0, 0x0, 0x0, 0x0, 0x0,

    /* U+F0DD "" */
    0x5f, 0xff, 0xff, 0xff, 0xf5, 0x1e, 0xff, 0xff,
    0xff, 0xe1, 0x2, 0xef, 0xff, 0xfe, 0x20, 0x0,
    0x2e, 0xff, 0xe2, 0x0, 0x0, 0x2, 0xee, 0x20,
    0x0, 0x0, 0x0, 0x0, 0x0, 0x0,

    /* U+F0DE "" */
    0x0, 0x0, 0x0, 0x0, 0x0, 0x0, 0x2, 0xee,
    0x20, 0x0, 0x0, 0x2e, 0xff, 0xe2, 0x0, 0x2,
    0xef, 0xff, 0xfe, 0x20, 0x1e, 0xff, 0xff, 0xff,
    0xe1, 0x5f, 0xff, 0xff, 0xff, 0xf5,

    /* U+F0E0 "" */
    0x8f, 0xff, 0xff, 0xff, 0xff, 0xff, 0xff, 0xf8,
    0xff, 0xff, 0xff, 0xff, 0xff, 0xff, 0xff, 0xff,
    0xcf, 0xff, 0xff, 0xff, 0xff, 0xff, 0xff, 0xfc,
    0x9, 0xff, 0xff, 0xff, 0xff, 0xff, 0xff, 0x90,
    0xd2, 0x5f, 0xff, 0xff, 0xff, 0xff, 0xf5, 0x2d,
    0xff, 0x62, 0xcf, 0xff, 0xff, 0xfc, 0x26, 0xff,
    0xff, 0xfa, 0x18, 0xff, 0xff, 0x81, 0xaf, 0xff,
    0xff, 0xff, 0xe3, 0x4d, 0xd4, 0x3e, 0xff, 0xff,
    0xff, 0xff, 0xff, 0x81, 0x18, 0xff, 0xff, 0xff,
    0xff, 0xff, 0xff, 0xff, 0xff, 0xff, 0xff, 0xff,
    0xff, 0xff, 0xff, 0xff, 0xff, 0xff, 0xff, 0xff,
    0x8f, 0xff, 0xff, 0xff, 0xff, 0xff, 0xff, 0xf8,

    /* U+F0E1 "" */
    0x7, 0xfa, 0x0, 0x0, 0x0, 0x0, 0x0, 0x0,
    0xff, 0xf3, 0x0, 0x0, 0x0, 0x0, 0x0, 0xc,
    0xfe, 0x10, 0x0, 0x0, 0x0, 0x0, 0x0, 0x5,
    0x10, 0x0, 0x0, 0x0, 0x0, 0x0, 0x4, 0x55,
    0x0, 0x55, 0x40, 0x69, 0x72, 0x0, 0xdf, 0xf1,
    0x1f, 0xfc, 0xdf, 0xff, 0xf2, 0xd, 0xff, 0x11,
    0xff, 0xff, 0xff, 0xff, 0x90, 0xdf, 0xf1, 0x1f,
    0xff, 0x60, 0x6f, 0xfd, 0xd, 0xff, 0x11, 0xff,
    0xe0, 0x0, 0xff, 0xf0, 0xdf, 0xf1, 0x1f, 0xfd,
    0x0, 0xf, 0xff, 0xd, 0xff, 0x11, 0xff, 0xd0,
    0x0, 0xff, 0xf0, 0xdf, 0xf1, 0x1f, 0xfd, 0x0,
    0xf, 0xff, 0xd, 0xff, 0x11, 0xff, 0xd0, 0x0,
    0xff, 0xf0, 0xdf, 0xf1, 0x1f, 0xfd, 0x0, 0xf,
    0xff,

    /* U+F0E2 "" */
    0xff, 0x30, 0x16, 0xbd, 0xdb, 0x71, 0x0, 0x0,
    0xff, 0x46, 0xef, 0xff, 0xff, 0xff, 0x60, 0x0,
    0xff, 0xbf, 0xff, 0x96, 0x69, 0xef, 0xf8, 0x0,
    0xff, 0xff, 0xb1, 0x0, 0x0, 0xa, 0xff, 0x60,
    0xff, 0xfe, 0x44, 0x30, 0x0, 0x0, 0xbf, 0xe0,
    0xff, 0xff, 0xff, 0xf0, 0x0, 0x0, 0x1f, 0xf5,
    0xff, 0xff, 0xff, 0xf0, 0x0, 0x0, 0xb, 0xfa,
    0x0, 0x0, 0x0, 0x0, 0x0, 0x0, 0x8, 0xfb,
    0x0, 0x0, 0x0, 0x0, 0x0, 0x0, 0x8, 0xfb,
    0x0, 0x0, 0x0, 0x0, 0x0, 0x0, 0xb, 0xf9,
    0x0, 0x0, 0x0, 0x0, 0x0, 0x0, 0x1f, 0xf5,
    0x0, 0x0, 0x0, 0x0, 0x0, 0x0, 0xbf, 0xe0,
    0x0, 0x6, 0xa1, 0x0, 0x0, 0x1a, 0xff, 0x50,
    0x0, 0x2f, 0xff, 0x96, 0x69, 0xef, 0xf8, 0x0,
    0x0, 0x5, 0xef, 0xff, 0xff, 0xfe, 0x60, 0x0,
    0x0, 0x0, 0x6, 0xbd, 0xdb, 0x61, 0x0, 0x0,

    /* U+F0E3 "" */
    0x0, 0x0, 0x0, 0x0, 0x8d, 0x20, 0x0, 0x0,
    0x0, 0x0, 0x0, 0x9, 0xff, 0x90, 0x0, 0x0,
    0x0, 0x0, 0x0, 0x9f, 0xff, 0xa0, 0x0, 0x0,
    0x0, 0x0, 0x9, 0xff, 0xff, 0xfa, 0x0, 0x0,
    0x0, 0x0, 0x4f, 0xff, 0xff, 0xff, 0xa0, 0x0,
    0x0, 0x0, 0xc, 0xef, 0xff, 0xff, 0xfa, 0x92,
    0x0, 0x0, 0x0, 0x7, 0xff, 0xff, 0xff, 0xfd,
    0x0, 0x0, 0x0, 0x8, 0xff, 0xff, 0xff, 0xf8,
    0x0, 0x0, 0x0, 0x8f, 0x87, 0xff, 0xff, 0x90,
    0x0, 0x5, 0xfc, 0xf8, 0x0, 0xef, 0xf9, 0x0,
    0x0, 0x5f, 0xff, 0xc0, 0x0, 0xcf, 0x90, 0x0,
    0x5, 0xff, 0xff, 0xf0, 0x0, 0x4, 0x0, 0x0,
    0x5f, 0xff, 0xff, 0x50, 0x0, 0x0, 0x0, 0x0,
    0xff, 0xff, 0xf5, 0x0, 0x0, 0x0, 0x0, 0x0,
    0x7f, 0xff, 0x50, 0x0, 0x0, 0x0, 0x0, 0x0,
    0x7, 0xf5, 0x0, 0x0, 0x0, 0x0, 0x0, 0x0,

    /* U+F0E7 "" */
    0x0, 0xdf, 0xff, 0xfd, 0x0, 0x0, 0x1, 0xff,
    0xff, 0xfc, 0x0, 0x0, 0x3, 0xff, 0xff, 0xf7,
    0x0, 0x0, 0x6, 0xff, 0xff, 0xf2, 0x0, 0x0,
    0x8, 0xff, 0xff, 0xd0, 0x0, 0x0, 0xa, 0xff,
    0xff, 0xff, 0xff, 0xd0, 0xc, 0xff, 0xff, 0xff,
    0xff, 0xa0, 0xe, 0xff, 0xff, 0xff, 0xff, 0x20,
    0xd, 0xff, 0xff, 0xff, 0xf8, 0x0, 0x0, 0x0,
    0xa, 0xff, 0xe0, 0x0, 0x0, 0x0, 0xe, 0xff,
    0x50, 0x0, 0x0, 0x0, 0x2f, 0xfc, 0x0, 0x0,
    0x0, 0x0, 0x5f, 0xf3, 0x0, 0x0, 0x0, 0x0,
    0x9f, 0xa0, 0x0, 0x0, 0x0, 0x0, 0xdf, 0x10,
    0x0, 0x0, 0x0, 0x0, 0xd7, 0x0, 0x0, 0x0,

    /* U+F0E8 "" */
    0x0, 0x0, 0x0, 0xc, 0xff, 0xff, 0xc0, 0x0,
    0x0, 0x0, 0x0, 0x0, 0x0, 0xf, 0xff, 0xff,
    0xf0, 0x0, 0x0, 0x0, 0x0, 0x0, 0x0, 0xf,
    0xff, 0xff, 0xf0, 0x0, 0x0, 0x0, 0x0, 0x0,
    0x0, 0xf, 0xff, 0xff, 0xf0, 0x0, 0x0, 0x0,
    0x0, 0x0, 0x0, 0xc, 0xff, 0xff, 0xc0, 0x0,
    0x0, 0x0, 0x0, 0x0, 0x0, 0x0, 0xc, 0xc0,
    0x0, 0x0, 0x0, 0x0, 0x0, 0x0, 0x0, 0x0,
    0xc, 0xc0, 0x0, 0x0, 0x0, 0x0, 0x1, 0xdf,
    0xff, 0xff, 0xff, 0xff, 0xff, 0xff, 0xfd, 0x10,
    0x3, 0xfa, 0x88, 0x88, 0x8e, 0xe8, 0x88, 0x88,
    0xaf, 0x30, 0x4, 0xf4, 0x0, 0x0, 0xc, 0xc0,
    0x0, 0x0, 0x4f, 0x40, 0x0, 0x0, 0x0, 0x0,
    0x0, 0x0, 0x0, 0x0, 0x0, 0x0, 0xcf, 0xff,
    0xc0, 0x4, 0xff, 0xff, 0x40, 0xc, 0xff, 0xfc,
    0xff, 0xff, 0xf0, 0x8, 0xff, 0xff, 0x80, 0xf,
    0xff, 0xff, 0xff, 0xff, 0xf0, 0x8, 0xff, 0xff,
    0x80, 0xf, 0xff, 0xff, 0xff, 0xff, 0xf0, 0x8,
    0xff, 0xff, 0x80, 0xf, 0xff, 0xff, 0xcf, 0xff,
    0xc0, 0x4, 0xff, 0xff, 0x40, 0xc, 0xff, 0xfc,

    /* U+F0E9 "" */
    0x0, 0x0, 0x0, 0x0, 0xc, 0xc0, 0x0, 0x0,
    0x0, 0x0, 0x0, 0x0, 0x0, 0x2, 0x5f, 0xf5,
    0x20, 0x0, 0x0, 0x0, 0x0, 0x0, 0x4, 0xcf,
    0xff, 0xff, 0xfc, 0x40, 0x0, 0x0, 0x0, 0x0,
    0xaf, 0xff, 0xff, 0xff, 0xff, 0xfa, 0x0, 0x0,
    0x0, 0xc, 0xff, 0xff, 0xff, 0xff, 0xff, 0xff,
    0xc0, 0x0, 0x0, 0x9f, 0xff, 0xff, 0xff, 0xff,
    0xff, 0xff, 0xf9, 0x0, 0x3, 0xff, 0xff, 0xff,
    0xff, 0xff, 0xff, 0xff, 0xff, 0x30, 0x9, 0xff,
    0xff, 0xff, 0xff, 0xff, 0xff, 0xff, 0xff, 0x90,
    0xe, 0x60, 0x3d, 0xff, 0x91, 0x19, 0xff, 0xd3,
    0x6, 0xd0, 0x1, 0x0, 0x1, 0xea, 0xd, 0xd0,
    0xae, 0x10, 0x0, 0x10, 0x0, 0x0, 0x0, 0x31,
    0xf, 0xf0, 0x13, 0x0, 0x0, 0x0, 0x0, 0x0,
    0x0, 0x0, 0xf, 0xf0, 0x0, 0x0, 0x0, 0x0,
    0x0, 0x0, 0x0, 0x0, 0xf, 0xf0, 0x0, 0x0,
    0x0, 0x0, 0x0, 0x0, 0x0, 0xac, 0x2f, 0xf0,
    0x0, 0x0, 0x0, 0x0, 0x0, 0x0, 0x0, 0xbf,
    0xff, 0xb0, 0x0, 0x0, 0x0, 0x0, 0x0, 0x0,
    0x0, 0x2c, 0xfb, 0x10, 0x0, 0x0, 0x0, 0x0,

    /* U+F0EA "" */
    0x0, 0x4, 0xde, 0x40, 0x0, 0x0, 0x0, 0xdf,
    0xff, 0x99, 0xff, 0xfd, 0x0, 0x0, 0xff, 0xff,
    0x99, 0xff, 0xff, 0x0, 0x0, 0xff, 0xff, 0xff,
    0xff, 0xff, 0x0, 0x0, 0xff, 0xff, 0x90, 0x0,
    0x0, 0x0, 0x0, 0xff, 0xff, 0xd, 0xff, 0xff,
    0xd, 0x10, 0xff, 0xff, 0xf, 0xff, 0xff, 0xf,
    0xd1, 0xff, 0xff, 0xf, 0xff, 0xff, 0xf, 0xfd,
    0xff, 0xff, 0xf, 0xff, 0xff, 0x20, 0x0, 0xff,
    0xff, 0xf, 0xff, 0xff, 0xff, 0xff, 0xff, 0xff,
    0xf, 0xff, 0xff, 0xff, 0xff, 0xff, 0xff, 0xf,
    0xff, 0xff, 0xff, 0xff, 0xdf, 0xff, 0xf, 0xff,
    0xff, 0xff, 0xff, 0x0, 0x0, 0xf, 0xff, 0xff,
    0xff, 0xff, 0x0, 0x0, 0xf, 0xff, 0xff, 0xff,
    0xff, 0x0, 0x0, 0xd, 0xff, 0xff, 0xff, 0xfd,

    /* U+F0EB "" */
    0x0, 0x2a, 0xef, 0xe9, 0x20, 0x0, 0x4f, 0xff,
    0xff, 0xff, 0x40, 0x2f, 0xfa, 0x22, 0xff, 0xff,
    0x29, 0xfa, 0x1b, 0xff, 0xff, 0xf9, 0xef, 0x2b,
    0xff, 0xff, 0xff, 0xef, 0xf2, 0xff, 0xff, 0xff,
    0xff, 0xef, 0xff, 0xff, 0xff, 0xff, 0xe9, 0xff,
    0xff, 0xff, 0xff, 0xf9, 0x2f, 0xff, 0xff, 0xff,
    0xff, 0x20, 0x5f, 0xff, 0xff, 0xff, 0x50, 0x0,
    0xaf, 0xff, 0xff, 0xa0, 0x0, 0x3, 0xff, 0xff,
    0xf3, 0x0, 0x0, 0x0, 0x0, 0x0, 0x0, 0x0,
    0x0, 0xff, 0xff, 0xf0, 0x0, 0x0, 0xe, 0xff,
    0xfe, 0x0, 0x0, 0x0, 0x4f, 0xff, 0x50, 0x0,

    /* U+F0F0 "" */
    0x0, 0x0, 0x2b, 0xff, 0xb2, 0x0, 0x0, 0x0,
    0x2, 0xff, 0xff, 0xfe, 0x20, 0x0, 0x0, 0xb,
    0xff, 0xff, 0xff, 0xb0, 0x0, 0x0, 0xf, 0xff,
    0xff, 0xff, 0xf0, 0x0, 0x0, 0xf, 0xff, 0xff,
    0xff, 0xf0, 0x0, 0x0, 0xb, 0xff, 0xff, 0xff,
    0xb0, 0x0, 0x0, 0x2, 0xff, 0xff, 0xfe, 0x20,
    0x0, 0x0, 0x0, 0x2b, 0xff, 0xb2, 0x0, 0x0,
    0x0, 0x0, 0x0, 0x0, 0x0, 0x0, 0x0, 0x1,
    0x96, 0x7b, 0x88, 0xb0, 0xe9, 0x10, 0x1d, 0xf7,
    0x8f, 0xff, 0xc0, 0xcf, 0xe1, 0x9f, 0xf5, 0x5f,
    0xf8, 0x27, 0x28, 0xf9, 0xef, 0x73, 0x37, 0xf1,
    0xdf, 0xd1, 0xfe, 0xff, 0x49, 0x85, 0xf0, 0xff,
    0xf0, 0xff, 0xff, 0xc1, 0x2c, 0xf2, 0x4f, 0x43,
    0xff, 0x9f, 0xff, 0xff, 0xff, 0xff, 0xff, 0xf9,

    /* U+F0F1 "" */
    0x0, 0x0, 0x0, 0x0, 0x0, 0x0, 0x0, 0x0,
    0x7c, 0xe5, 0x0, 0x5f, 0xc7, 0x0, 0x0, 0x0,
    0xff, 0xf6, 0x0, 0x6f, 0xff, 0x0, 0x0, 0x0,
    0xff, 0x10, 0x0, 0x1, 0xff, 0x0, 0x0, 0x0,
    0xff, 0x0, 0x0, 0x0, 0xff, 0x0, 0x6, 0x60,
    0xff, 0x0, 0x0, 0x0, 0xff, 0x0, 0xaf, 0xfa,
    0xff, 0x0, 0x0, 0x0, 0xff, 0x0, 0xfa, 0xaf,
    0xff, 0x10, 0x0, 0x1, 0xff, 0x0, 0xbf, 0xfa,
    0xcf, 0x70, 0x0, 0x7, 0xfc, 0x0, 0xf, 0xf0,
    0x4f, 0xf7, 0x11, 0x7f, 0xf4, 0x0, 0xf, 0xf0,
    0x8, 0xff, 0xff, 0xff, 0x70, 0x0, 0xf, 0xf0,
    0x0, 0x5c, 0xff, 0xb4, 0x0, 0x0, 0xf, 0xf0,
    0x0, 0x0, 0xef, 0x20, 0x0, 0x0, 0x1f, 0xe0,
    0x0, 0x0, 0xaf, 0x90, 0x0, 0x0, 0x9f, 0xa0,
    0x0, 0x0, 0x3f, 0xf9, 0x20, 0x2a, 0xff, 0x20,
    0x0, 0x0, 0x5, 0xff, 0xff, 0xff, 0xf5, 0x0,
    0x0, 0x0, 0x0, 0x2a, 0xef, 0xea, 0x20, 0x0,

    /* U+F0F2 "" */
    0x0, 0x0, 0x8f, 0xff, 0xff, 0xf8, 0x0, 0x0,
    0x0, 0x0, 0xff, 0xff, 0xff, 0xff, 0x0, 0x0,
    0x0, 0x0, 0xff, 0x0, 0x0, 0xff, 0x0, 0x0,
    0x8f, 0xf0, 0xff, 0xff, 0xff, 0xff, 0xf, 0xf8,
    0xff, 0xf0, 0xff, 0xff, 0xff, 0xff, 0xf, 0xff,
    0xff, 0xf0, 0xff, 0xff, 0xff, 0xff, 0xf, 0xff,
    0xff, 0xf0, 0xff, 0xff, 0xff, 0xff, 0xf, 0xff,
    0xff, 0xf0, 0xff, 0xff, 0xff, 0xff, 0xf, 0xff,
    0xff, 0xf0, 0xff, 0xff, 0xff, 0xff, 0xf, 0xff,
    0xff, 0xf0, 0xff, 0xff, 0xff, 0xff, 0xf, 0xff,
    0xff, 0xf0, 0xff, 0xff, 0xff, 0xff, 0xf, 0xff,
    0xff, 0xf0, 0xff, 0xff, 0xff, 0xff, 0xf, 0xff,
    0xff, 0xf0, 0xff, 0xff, 0xff, 0xff, 0xf, 0xff,
    0x8f, 0xf0, 0xff, 0xff, 0xff, 0xff, 0xf, 0xf8,

    /* U+F0F3 "" */
    0x0, 0x0, 0x0, 0xcc, 0x0, 0x0, 0x0, 0x0,
    0x0, 0x2, 0xff, 0x30, 0x0, 0x0, 0x0, 0x1,
    0xbf, 0xff, 0xfc, 0x20, 0x0, 0x0, 0x1e, 0xff,
    0xff, 0xff, 0xe1, 0x0, 0x0, 0x9f, 0xff, 0xff,
    0xff, 0xf8, 0x0, 0x0, 0xef, 0xff, 0xff, 0xff,
    0xfd, 0x0, 0x0, 0xff, 0xff, 0xff, 0xff, 0xff,
    0x0, 0x1, 0xff, 0xff, 0xff, 0xff, 0xff, 0x0,
    0x3, 0xff, 0xff, 0xff, 0xff, 0xff, 0x30, 0x8,
    0xff, 0xff, 0xff, 0xff, 0xff, 0x80, 0x1e, 0xff,
    0xff, 0xff, 0xff, 0xff, 0xe1, 0xcf, 0xff, 0xff,
    0xff, 0xff, 0xff, 0xfc, 0xcf, 0xff, 0xff, 0xff,
    0xff, 0xff, 0xfc, 0x0, 0x0, 0x0, 0x0, 0x0,
    0x0, 0x0, 0x0, 0x0, 0xe, 0xff, 0xe0, 0x0,
    0x0, 0x0, 0x0, 0x4, 0xee, 0x40, 0x0, 0x0,

    /* U+F0F4 "" */
    0x0, 0x0, 0xdf, 0xff, 0xff, 0xff, 0xff, 0xff,
    0xff, 0xb2, 0x0, 0x0, 0xf, 0xff, 0xff, 0xff,
    0xff, 0xff, 0xff, 0xff, 0xe2, 0x0, 0x0, 0xff,
    0xff, 0xff, 0xff, 0xff, 0xff, 0x1, 0xbf, 0xb0,
    0x0, 0xf, 0xff, 0xff, 0xff, 0xff, 0xff, 0xf0,
    0x1, 0xff, 0x0, 0x0, 0xff, 0xff, 0xff, 0xff,
    0xff, 0xff, 0x0, 0x1f, 0xf0, 0x0, 0xf, 0xff,
    0xff, 0xff, 0xff, 0xff, 0xf0, 0x1b, 0xfb, 0x0,
    0x0, 0xff, 0xff, 0xff, 0xff, 0xff, 0xff, 0xff,
    0xfe, 0x20, 0x0, 0xf, 0xff, 0xff, 0xff, 0xff,
    0xff, 0xff, 0xfb, 0x20, 0x0, 0x0, 0xef, 0xff,
    0xff, 0xff, 0xff, 0xfe, 0x0, 0x0, 0x0, 0x0,
    0x8, 0xff, 0xff, 0xff, 0xff, 0xff, 0x80, 0x0,
    0x0, 0x0, 0x0, 0x8, 0xef, 0xff, 0xff, 0xfe,
    0x80, 0x0, 0x0, 0x0, 0x0, 0x0, 0x0, 0x0,
    0x0, 0x0, 0x0, 0x0, 0x0, 0x0, 0xe, 0xff,
    0xff, 0xff, 0xff, 0xff, 0xff, 0xff, 0xff, 0xfe,
    0x0, 0x7f, 0xff, 0xff, 0xff, 0xff, 0xff, 0xff,
    0xff, 0xff, 0x70,

    /* U+F0F8 "" */
    0x0, 0x0, 0x5f, 0xff, 0xf5, 0x0, 0x0, 0x0,
    0x0, 0x8f, 0x88, 0xf8, 0x0, 0x0, 0x0, 0x0,
    0x88, 0x0, 0x88, 0x0, 0x0, 0xd, 0xff, 0xff,
    0x88, 0xff, 0xff, 0xd0, 0xf, 0xff, 0xff, 0xff,
    0xff, 0xff, 0xf0, 0xf, 0xff, 0xff, 0xff, 0xff,
    0xff, 0xf0, 0xf, 0xff, 0x0, 0xff, 0x0, 0xff,
    0xf0, 0xf, 0xff, 0x0, 0xff, 0x0, 0xff, 0xf0,
    0xf, 0xff, 0xff, 0xff, 0xff, 0xff, 0xf0, 0xf,
    0xff, 0x0, 0xff, 0x0, 0xff, 0xf0, 0xf, 0xff,
    0x0, 0xff, 0x0, 0xff, 0xf0, 0xf, 0xff, 0xff,
    0xff, 0xff, 0xff, 0xf0, 0xf, 0xff, 0xff, 0x0,
    0xff, 0xff, 0xf0, 0xf, 0xff, 0xff, 0x0, 0xff,
    0xff, 0xf0, 0xf, 0xff, 0xff, 0x0, 0xff, 0xff,
    0xf0, 0xff, 0xff, 0xff, 0xff, 0xff, 0xff, 0xff,

    /* U+F0F9 "" */
    0x8f, 0xff, 0xff, 0xff, 0xff, 0xff, 0x80, 0x0,
    0x0, 0x0, 0xff, 0xff, 0xff, 0xff, 0xff, 0xff,
    0xf0, 0x0, 0x0, 0x0, 0xff, 0xff, 0xff, 0xff,
    0xff, 0xff, 0xf0, 0x0, 0x0, 0x0, 0xff, 0xff,
    0xf8, 0x8, 0xff, 0xff, 0xff, 0xf7, 0x0, 0x0,
    0xff, 0xff, 0xf8, 0x8, 0xff, 0xff, 0xf8, 0xbf,
    0x80, 0x0, 0xff, 0xf8, 0x0, 0x0, 0x8, 0xff,
    0xf0, 0x9, 0xf8, 0x0, 0xff, 0xf8, 0x0, 0x0,
    0x8, 0xff, 0xf0, 0x0, 0x9f, 0x70, 0xff, 0xff,
    0xf8, 0x8, 0xff, 0xff, 0xf0, 0x0, 0xb, 0xf0,
    0xff, 0xff, 0xf8, 0x8, 0xff, 0xff, 0xff, 0xff,
    0xff, 0xf0, 0xff, 0xff, 0xff, 0xff, 0xff, 0xff,
    0xff, 0xff, 0xff, 0xf0, 0xff, 0xff, 0xff, 0xff,
    0xff, 0xff, 0xff, 0xff, 0xff, 0xf0, 0xff, 0xff,
    0xaa, 0xff, 0xff, 0xff, 0xff, 0xaa, 0xff, 0xfe,
    0x8f, 0xfa, 0x0, 0xaf, 0xff, 0xff, 0xfa, 0x0,
    0xaf, 0xfe, 0x0, 0xea, 0x0, 0xae, 0x0, 0x0,
    0xea, 0x0, 0xae, 0x0, 0x0, 0x8f, 0xaa, 0xf8,
    0x0, 0x0, 0x8f, 0xaa, 0xf8, 0x0, 0x0, 0x8,
    0xee, 0x80, 0x0, 0x0, 0x8, 0xee, 0x80, 0x0,

    /* U+F0FA "" */
    0x0, 0x0, 0x8f, 0xff, 0xff, 0xf8, 0x0, 0x0,
    0x0, 0x0, 0xff, 0xff, 0xff, 0xff, 0x0, 0x0,
    0x0, 0x0, 0xff, 0x0, 0x0, 0xff, 0x0, 0x0,
    0x8f, 0xf, 0xff, 0xff, 0xff, 0xff, 0xf0, 0xf8,
    0xff, 0xf, 0xff, 0xff, 0xff, 0xff, 0xf0, 0xff,
    0xff, 0xf, 0xff, 0xf1, 0x1f, 0xff, 0xf0, 0xff,
    0xff, 0xf, 0xff, 0xf0, 0xf, 0xff, 0xf0, 0xff,
    0xff, 0xf, 0xf1, 0x0, 0x0, 0x1f, 0xf0, 0xff,
    0xff, 0xf, 0xf1, 0x0, 0x0, 0x1f, 0xf0, 0xff,
    0xff, 0xf, 0xff, 0xf0, 0xf, 0xff, 0xf0, 0xff,
    0xff, 0xf, 0xff, 0xf1, 0x1f, 0xff, 0xf0, 0xff,
    0xff, 0xf, 0xff, 0xff, 0xff, 0xff, 0xf0, 0xff,
    0xff, 0xf, 0xff, 0xff, 0xff, 0xff, 0xf0, 0xff,
    0x8f, 0xf, 0xff, 0xff, 0xff, 0xff, 0xf0, 0xf8,

    /* U+F0FB "" */
    0x0, 0x0, 0x1d, 0xf9, 0x50, 0x0, 0x0, 0x0,
    0x0, 0x0, 0x0, 0x0, 0xc, 0xfe, 0x10, 0x0,
    0x0, 0x0, 0x0, 0x0, 0x0, 0x0, 0xc, 0xff,
    0xc0, 0x0, 0x0, 0x0, 0x0, 0x0, 0xbe, 0x20,
    0xc, 0xff, 0xf9, 0x0, 0x0, 0x0, 0x0, 0x0,
    0xcf, 0xd1, 0xc, 0xff, 0xff, 0x50, 0x0, 0x0,
    0x0, 0x0, 0xaf, 0xfc, 0x8e, 0xff, 0xff, 0xff,
    0xa6, 0x42, 0x0, 0x0, 0xbd, 0xff, 0xff, 0xff,
    0xff, 0xff, 0xff, 0xff, 0xfe, 0xa4, 0xbd, 0xff,
    0xff, 0xff, 0xff, 0xff, 0xff, 0xff, 0xfe, 0xa4,
    0xaf, 0xfc, 0x8e, 0xff, 0xff, 0xff, 0xa7, 0x53,
    0x10, 0x0, 0xcf, 0xd1, 0xc, 0xff, 0xff, 0x50,
    0x0, 0x0, 0x0, 0x0, 0xbe, 0x20, 0xc, 0xff,
    0xf9, 0x0, 0x0, 0x0, 0x0, 0x0, 0x0, 0x0,
    0xc, 0xff, 0xc0, 0x0, 0x0, 0x0, 0x0, 0x0,
    0x0, 0x0, 0xc, 0xfe, 0x10, 0x0, 0x0, 0x0,
    0x0, 0x0, 0x0, 0x0, 0x1d, 0xf9, 0x50, 0x0,
    0x0, 0x0, 0x0, 0x0,

    /* U+F0FC "" */
    0xdf, 0xff, 0xff, 0xff, 0xfd, 0x0, 0x0, 0xff,
    0xff, 0xff, 0xff, 0xff, 0x0, 0x0, 0xff, 0xff,
    0xff, 0xff, 0xff, 0xff, 0xb1, 0xff, 0xf2, 0xff,
    0x2f, 0xff, 0xff, 0xfb, 0xff, 0xf0, 0xff, 0xf,
    0xff, 0x1, 0xff, 0xff, 0xf0, 0xff, 0xf, 0xff,
    0x0, 0xff, 0xff, 0xf0, 0xff, 0xf, 0xff, 0x0,
    0xff, 0xff, 0xf0, 0xff, 0xf, 0xff, 0x0, 0xff,
    0xff, 0xf0, 0xff, 0xf, 0xff, 0x0, 0xff, 0xff,
    0xf0, 0xff, 0xf, 0xff, 0x7e, 0xfc, 0xff, 0xf2,
    0xff, 0x2f, 0xff, 0xff, 0xc2, 0xff, 0xff, 0xff,
    0xff, 0xff, 0xb4, 0x0, 0xff, 0xff, 0xff, 0xff,
    0xff, 0x0, 0x0, 0xdf, 0xff, 0xff, 0xff, 0xfd,
    0x0, 0x0,

    /* U+F0FD "" */
    0x8f, 0xff, 0xff, 0xff, 0xff, 0xff, 0xf8, 0xff,
    0xff, 0xff, 0xff, 0xff, 0xff, 0xff, 0xff, 0xff,
    0xff, 0xff, 0xff, 0xff, 0xff, 0xff, 0xf1, 0x1f,
    0xff, 0xf1, 0x1f, 0xff, 0xff, 0xf0, 0xf, 0xff,
    0xf0, 0xf, 0xff, 0xff, 0xf0, 0xf, 0xff, 0xf0,
    0xf, 0xff, 0xff, 0xf0, 0x0, 0x0, 0x0, 0xf,
    0xff, 0xff, 0xf0, 0x0, 0x0, 0x0, 0xf, 0xff,
    0xff, 0xf0, 0xf, 0xff, 0xf0, 0xf, 0xff, 0xff,
    0xf0, 0xf, 0xff, 0xf0, 0xf, 0xff, 0xff, 0xf1,
    0x1f, 0xff, 0xf1, 0x1f, 0xff, 0xff, 0xff, 0xff,
    0xff, 0xff, 0xff, 0xff, 0xff, 0xff, 0xff, 0xff,
    0xff, 0xff, 0xff, 0x8f, 0xff, 0xff, 0xff, 0xff,
    0xff, 0xf8,

    /* U+F0FE "" */
    0x8f, 0xff, 0xff, 0xff, 0xff, 0xff, 0xf8, 0xff,
    0xff, 0xff, 0xff, 0xff, 0xff, 0xff, 0xff, 0xff,
    0xfe, 0x88, 0xef, 0xff, 0xff, 0xff, 0xff, 0xfc,
    0x0, 0xcf, 0xff, 0xff, 0xff, 0xff, 0xfc, 0x0,
    0xcf, 0xff, 0xff, 0xff, 0xec, 0xc9, 0x0, 0x9c,
    0xce, 0xff, 0xff, 0x80, 0x0, 0x0, 0x0, 0x8,
    0xff, 0xff, 0x80, 0x0, 0x0, 0x0, 0x8, 0xff,
    0xff, 0xec, 0xc9, 0x0, 0x9c, 0xce, 0xff, 0xff,
    0xff, 0xfc, 0x0, 0xcf, 0xff, 0xff, 0xff, 0xff,
    0xfc, 0x0, 0xcf, 0xff, 0xff, 0xff, 0xff, 0xfe,
    0x88, 0xef, 0xff, 0xff, 0xff, 0xff, 0xff, 0xff,
    0xff, 0xff, 0xff, 0x8f, 0xff, 0xff, 0xff, 0xff,
    0xff, 0xf8,

    /* U+F100 "" */
    0x0, 0x0, 0x2d, 0x80, 0x0, 0x2d, 0x80, 0x0,
    0x2, 0xef, 0xf1, 0x2, 0xef, 0xf1, 0x0, 0x2e,
    0xff, 0x70, 0x2e, 0xff, 0x70, 0x2, 0xef, 0xf7,
    0x2, 0xef, 0xf7, 0x0, 0xe, 0xff, 0x70, 0xe,
    0xff, 0x70, 0x0, 0xe, 0xff, 0x80, 0xe, 0xff,
    0x80, 0x0, 0x2, 0xef, 0xf8, 0x2, 0xef, 0xf8,
    0x0, 0x0, 0x2e, 0xff, 0x80, 0x2e, 0xff, 0x80,
    0x0, 0x2, 0xef, 0xf1, 0x2, 0xef, 0xf2, 0x0,
    0x0, 0x2d, 0x80, 0x0, 0x2d, 0x80,

    /* U+F101 "" */
    0x8, 0xd2, 0x0, 0x8, 0xd2, 0x0, 0x0, 0x1f,
    0xfe, 0x20, 0x1f, 0xfe, 0x20, 0x0, 0x8, 0xff,
    0xe2, 0x8, 0xff, 0xe2, 0x0, 0x0, 0x8f, 0xfe,
    0x20, 0x8f, 0xfe, 0x20, 0x0, 0x8, 0xff, 0xe0,
    0x8, 0xff, 0xe0, 0x0, 0x7, 0xff, 0xe0, 0x7,
    0xff, 0xe0, 0x0, 0x7f, 0xfe, 0x20, 0x7f, 0xfe,
    0x20, 0x7, 0xff, 0xe2, 0x7, 0xff, 0xe2, 0x0,
    0x1f, 0xfe, 0x20, 0x1f, 0xfe, 0x20, 0x0, 0x8,
    0xd2, 0x0, 0x8, 0xd2, 0x0, 0x0,

    /* U+F102 "" */
    0x0, 0x0, 0x0, 0x0, 0x0, 0x0, 0x2, 0xee,
    0x20, 0x0, 0x0, 0x2e, 0xff, 0xe2, 0x0, 0x2,
    0xef, 0xff, 0xfe, 0x20, 0x2e, 0xff, 0x78, 0xff,
    0xe2, 0xdf, 0xf7, 0x0, 0x8f, 0xfd, 0x8f, 0x70,
    0x0, 0x8, 0xf8, 0x2, 0x2, 0xee, 0x20, 0x10,
    0x0, 0x2e, 0xff, 0xe2, 0x0, 0x2, 0xef, 0xff,
    0xfe, 0x20, 0x2e, 0xff, 0x78, 0xff, 0xe2, 0xdf,
    0xf7, 0x0, 0x8f, 0xfd, 0x8f, 0x70, 0x0, 0x8,
    0xf8, 0x1, 0x0, 0x0, 0x0, 0x10,

    /* U+F103 "" */
    0x1, 0x0, 0x0, 0x0, 0x10, 0x8f, 0x80, 0x0,
    0x7, 0xf8, 0xdf, 0xf8, 0x0, 0x7f, 0xfd, 0x2e,
    0xff, 0x87, 0xff, 0xe2, 0x2, 0xef, 0xff, 0xfe,
    0x20, 0x0, 0x2e, 0xff, 0xe2, 0x0, 0x1, 0x2,
    0xee, 0x20, 0x10, 0x8f, 0x80, 0x0, 0x7, 0xf8,
    0xdf, 0xf8, 0x0, 0x7f, 0xfd, 0x2e, 0xff, 0x87,
    0xff, 0xe2, 0x2, 0xef, 0xff, 0xfe, 0x20, 0x0,
    0x2e, 0xff, 0xe2, 0x0, 0x0, 0x2, 0xee, 0x20,
    0x0, 0x0, 0x0, 0x0, 0x0, 0x0,

    /* U+F104 "" */
    0x0, 0x0, 0x2d, 0x80, 0x0, 0x2, 0xef, 0xf1,
    0x0, 0x2e, 0xff, 0x70, 0x2, 0xef, 0xf7, 0x0,
    0xe, 0xff, 0x70, 0x0, 0xe, 0xff, 0x80, 0x0,
    0x2, 0xef, 0xf8, 0x0, 0x0, 0x2e, 0xff, 0x80,
    0x0, 0x2, 0xef, 0xf2, 0x0, 0x0, 0x2d, 0x80,

    /* U+F105 "" */
    0x8, 0xd2, 0x0, 0x0, 0x1f, 0xfe, 0x20, 0x0,
    0x8, 0xff, 0xe2, 0x0, 0x0, 0x8f, 0xfe, 0x20,
    0x0, 0x8, 0xff, 0xe0, 0x0, 0x7, 0xff, 0xe0,
    0x0, 0x7f, 0xfe, 0x20, 0x7, 0xff, 0xe2, 0x0,
    0x1f, 0xfe, 0x20, 0x0, 0x8, 0xd2, 0x0, 0x0,

    /* U+F106 "" */
    0x0, 0x0, 0x0, 0x0, 0x0, 0x0, 0x2, 0xee,
    0x20, 0x0, 0x0, 0x2e, 0xff, 0xe2, 0x0, 0x2,
    0xef, 0xff, 0xfe, 0x20, 0x2e, 0xff, 0x78, 0xff,
    0xe2, 0xdf, 0xf7, 0x0, 0x8f, 0xfd, 0x8f, 0x70,
    0x0, 0x8, 0xf8, 0x1, 0x0, 0x0, 0x0, 0x10,

    /* U+F107 "" */
    0x1, 0x0, 0x0, 0x0, 0x10, 0x8f, 0x80, 0x0,
    0x7, 0xf8, 0xdf, 0xf8, 0x0, 0x7f, 0xfd, 0x2e,
    0xff, 0x87, 0xff, 0xe2, 0x2, 0xef, 0xff, 0xfe,
    0x20, 0x0, 0x2e, 0xff, 0xe2, 0x0, 0x0, 0x2,
    0xee, 0x20, 0x0, 0x0, 0x0, 0x0, 0x0, 0x0,

    /* U+F108 "" */
    0x8f, 0xff, 0xff, 0xff, 0xff, 0xff, 0xff, 0xff,
    0xf8, 0xff, 0xff, 0xff, 0xff, 0xff, 0xff, 0xff,
    0xff, 0xff, 0xff, 0x0, 0x0, 0x0, 0x0, 0x0,
    0x0, 0x0, 0xff, 0xff, 0x0, 0x0, 0x0, 0x0,
    0x0, 0x0, 0x0, 0xff, 0xff, 0x0, 0x0, 0x0,
    0x0, 0x0, 0x0, 0x0, 0xff, 0xff, 0x0, 0x0,
    0x0, 0x0, 0x0, 0x0, 0x0, 0xff, 0xff, 0x0,
    0x0, 0x0, 0x0, 0x0, 0x0, 0x0, 0xff, 0xff,
    0x0, 0x0, 0x0, 0x0, 0x0, 0x0, 0x0, 0xff,
    0xff, 0x0, 0x0, 0x0, 0x0, 0x0, 0x0, 0x0,
    0xff, 0xff, 0x0, 0x0, 0x0, 0x0, 0x0, 0x0,
    0x0, 0xff, 0xff, 0x0, 0x0, 0x0, 0x0, 0x0,
    0x0, 0x0, 0xff, 0xff, 0xff, 0xff, 0xff, 0xff,
    0xff, 0xff, 0xff, 0xff, 0x8f, 0xff, 0xff, 0xff,
    0xff, 0xff, 0xff, 0xff, 0xf8, 0x0, 0x0, 0x0,
    0xa, 0xff, 0xa0, 0x0, 0x0, 0x0, 0x0, 0x0,
    0x58, 0x8f, 0xff, 0xf8, 0x85, 0x0, 0x0, 0x0,
    0x0, 0xdf, 0xff, 0xff, 0xff, 0xfd, 0x0, 0x0,

    /* U+F109 "" */
    0x0, 0x8f, 0xff, 0xff, 0xff, 0xff, 0xff, 0xff,
    0xf8, 0x0, 0x0, 0xff, 0xff, 0xff, 0xff, 0xff,
    0xff, 0xff, 0xff, 0x0, 0x0, 0xff, 0x0, 0x0,
    0x0, 0x0, 0x0, 0x0, 0xff, 0x0, 0x0, 0xff,
    0x0, 0x0, 0x0, 0x0, 0x0, 0x0, 0xff, 0x0,
    0x0, 0xff, 0x0, 0x0, 0x0, 0x0, 0x0, 0x0,
    0xff, 0x0, 0x0, 0xff, 0x0, 0x0, 0x0, 0x0,
    0x0, 0x0, 0xff, 0x0, 0x0, 0xff, 0x0, 0x0,
    0x0, 0x0, 0x0, 0x0, 0xff, 0x0, 0x0, 0xff,
    0x0, 0x0, 0x0, 0x0, 0x0, 0x0, 0xff, 0x0,
    0x0, 0xff, 0x0, 0x0, 0x0, 0x0, 0x0, 0x0,
    0xff, 0x0, 0x0, 0xff, 0x0, 0x0, 0x0, 0x0,
    0x0, 0x0, 0xff, 0x0, 0x0, 0xff, 0xff, 0xff,
    0xff, 0xff, 0xff, 0xff, 0xff, 0x0, 0x0, 0xff,
    0xff, 0xff, 0xff, 0xff, 0xff, 0xff, 0xff, 0x0,
    0x0, 0x0, 0x0, 0x0, 0x0, 0x0, 0x0, 0x0,
    0x0, 0x0, 0xef, 0xff, 0xff, 0xff, 0x30, 0x5,
    0xff, 0xff, 0xff, 0xfe, 0xef, 0xff, 0xff, 0xff,
    0xff, 0xff, 0xff, 0xff, 0xff, 0xfe, 0x4e, 0xff,
    0xff, 0xff, 0xff, 0xff, 0xff, 0xff, 0xff, 0xe4,

    /* U+F10A "" */
    0x8f, 0xff, 0xff, 0xff, 0xff, 0xff, 0xf8, 0xff,
    0xff, 0xff, 0xff, 0xff, 0xff, 0xff, 0xff, 0xff,
    0xff, 0xff, 0xff, 0xff, 0xff, 0xff, 0xff, 0xff,
    0xff, 0xff, 0xff, 0xff, 0xff, 0xff, 0xff, 0xff,
    0xff, 0xff, 0xff, 0xff, 0xff, 0xff, 0xff, 0xff,
    0xff, 0xff, 0xff, 0xff, 0xff, 0xff, 0xff, 0xff,
    0xff, 0xff, 0xff, 0xff, 0xff, 0xff, 0xff, 0xff,
    0xff, 0xff, 0xff, 0xff, 0xff, 0xff, 0xff, 0xff,
    0xff, 0xff, 0xff, 0xff, 0xff, 0xff, 0xff, 0xff,
    0xff, 0xff, 0xff, 0xff, 0xff, 0xff, 0xff, 0xff,
    0xff, 0xff, 0xff, 0xff, 0xff, 0xff, 0xff, 0xff,
    0xff, 0xff, 0xff, 0xff, 0xff, 0xff, 0x33, 0xff,
    0xff, 0xff, 0xff, 0xff, 0xff, 0x33, 0xff, 0xff,
    0xff, 0x8f, 0xff, 0xff, 0xff, 0xff, 0xff, 0xf8,

    /* U+F10B "" */
    0x8f, 0xff, 0xff, 0xff, 0xf8, 0xff, 0xff, 0xff,
    0xff, 0xff, 0xff, 0xff, 0xff, 0xff, 0xff, 0xff,
    0xff, 0xff, 0xff, 0xff, 0xff, 0xff, 0xff, 0xff,
    0xff, 0xff, 0xff, 0xff, 0xff, 0xff, 0xff, 0xff,
    0xff, 0xff, 0xff, 0xff, 0xff, 0xff, 0xff, 0xff,
    0xff, 0xff, 0xff, 0xff, 0xff, 0xff, 0xff, 0xff,
    0xff, 0xff, 0xff, 0xff, 0xff, 0xff, 0xff, 0xff,
    0xff, 0xff, 0xff, 0xff, 0xff, 0xff, 0xff, 0xff,
    0xff, 0xff, 0xff, 0x33, 0xff, 0xff, 0xff, 0xff,
    0x33, 0xff, 0xff, 0x8f, 0xff, 0xff, 0xff, 0xf8,

    /* U+F10D "" */
    0x0, 0x4c, 0xfd, 0x0, 0x0, 0x4, 0xcf, 0xd0,
    0x8, 0xff, 0xff, 0x0, 0x0, 0x8f, 0xff, 0xf0,
    0x4f, 0xff, 0xfd, 0x0, 0x4, 0xff, 0xff, 0xd0,
    0xcf, 0xfb, 0x10, 0x0, 0xc, 0xff, 0xb1, 0x0,
    0xff, 0xf1, 0x0, 0x0, 0xf, 0xff, 0x10, 0x0,
    0xff, 0xf0, 0x0, 0x0, 0xf, 0xff, 0x0, 0x0,
    0xff, 0xf0, 0x0, 0x0, 0xf, 0xff, 0x0, 0x0,
    0xff, 0xff, 0xff, 0x80, 0xf, 0xff, 0xff, 0xf8,
    0xff, 0xff, 0xff, 0xf0, 0xf, 0xff, 0xff, 0xff,
    0xff, 0xff, 0xff, 0xf0, 0xf, 0xff, 0xff, 0xff,
    0xff, 0xff, 0xff, 0xf0, 0xf, 0xff, 0xff, 0xff,
    0xff, 0xff, 0xff, 0xf0, 0xf, 0xff, 0xff, 0xff,
    0xff, 0xff, 0xff, 0xf0, 0xf, 0xff, 0xff, 0xff,
    0x8f, 0xff, 0xff, 0x80, 0x8, 0xff, 0xff, 0xf8,

    /* U+F10E "" */
    0x8f, 0xff, 0xff, 0x80, 0x8, 0xff, 0xff, 0xf8,
    0xff, 0xff, 0xff, 0xf0, 0xf, 0xff, 0xff, 0xff,
    0xff, 0xff, 0xff, 0xf0, 0xf, 0xff, 0xff, 0xff,
    0xff, 0xff, 0xff, 0xf0, 0xf, 0xff, 0xff, 0xff,
    0xff, 0xff, 0xff, 0xf0, 0xf, 0xff, 0xff, 0xff,
    0xff, 0xff, 0xff, 0xf0, 0xf, 0xff, 0xff, 0xff,
    0x8f, 0xff, 0xff, 0xf0, 0x8, 0xff, 0xff, 0xff,
    0x0, 0x0, 0xff, 0xf0, 0x0, 0x0, 0xf, 0xff,
    0x0, 0x0, 0xff, 0xf0, 0x0, 0x0, 0xf, 0xff,
    0x0, 0x1, 0xff, 0xf0, 0x0, 0x0, 0x1f, 0xff,
    0x0, 0x1b, 0xff, 0xc0, 0x0, 0x1, 0xbf, 0xfc,
    0xd, 0xff, 0xff, 0x40, 0x0, 0xdf, 0xff, 0xf4,
    0xf, 0xff, 0xf8, 0x0, 0x0, 0xff, 0xff, 0x80,
    0xd, 0xfc, 0x40, 0x0, 0x0, 0xdf, 0xc4, 0x0,

    /* U+F110 "" */
    0x0, 0x0, 0x0, 0x4e, 0xc0, 0x0, 0x0, 0x0,
    0x0, 0x0, 0x0, 0xaf, 0xf3, 0x0, 0x0, 0x0,
    0x0, 0xbf, 0x60, 0x4e, 0xc0, 0x0, 0x0, 0x0,
    0x0, 0xff, 0xb0, 0x0, 0x0, 0x0, 0x0, 0x0,
    0x0, 0x8d, 0x40, 0x0, 0x0, 0x0, 0x0, 0x0,
    0x0, 0x0, 0x0, 0x0, 0x0, 0x0, 0x0, 0x0,
    0x3, 0x0, 0x0, 0x0, 0x0, 0x0, 0x0, 0x30,
    0xcf, 0xc0, 0x0, 0x0, 0x0, 0x0, 0xc, 0xfc,
    0xef, 0xe0, 0x0, 0x0, 0x0, 0x0, 0xe, 0xfe,
    0x4a, 0x40, 0x0, 0x0, 0x0, 0x0, 0x4, 0xa4,
    0x0, 0x0, 0x0, 0x0, 0x0, 0x0, 0x0, 0x0,
    0x0, 0x6b, 0x30, 0x0, 0x0, 0x4, 0xb6, 0x0,
    0x0, 0xff, 0xb0, 0x0, 0x0, 0xd, 0xff, 0x0,
    0x0, 0xbf, 0x60, 0x4e, 0xc0, 0x8, 0xfb, 0x0,
    0x0, 0x0, 0x0, 0xaf, 0xf3, 0x0, 0x0, 0x0,
    0x0, 0x0, 0x0, 0x4e, 0xc0, 0x0, 0x0, 0x0,

    /* U+F111 "" */
    0x0, 0x0, 0x3, 0x79, 0x97, 0x30, 0x0, 0x0,
    0x0, 0x3, 0xcf, 0xff, 0xff, 0xfc, 0x30, 0x0,
    0x0, 0x5f, 0xff, 0xff, 0xff, 0xff, 0xf5, 0x0,
    0x3, 0xff, 0xff, 0xff, 0xff, 0xff, 0xff, 0x30,
    0xd, 0xff, 0xff, 0xff, 0xff, 0xff, 0xff, 0xd0,
    0x4f, 0xff, 0xff, 0xff, 0xff, 0xff, 0xff, 0xf4,
    0x9f, 0xff, 0xff, 0xff, 0xff, 0xff, 0xff, 0xf8,
    0xbf, 0xff, 0xff, 0xff, 0xff, 0xff, 0xff, 0xfa,
    0xbf, 0xff, 0xff, 0xff, 0xff, 0xff, 0xff, 0xfb,
    0xaf, 0xff, 0xff, 0xff, 0xff, 0xff, 0xff, 0xf9,
    0x6f, 0xff, 0xff, 0xff, 0xff, 0xff, 0xff, 0xf5,
    0xe, 0xff, 0xff, 0xff, 0xff, 0xff, 0xff, 0xe0,
    0x6, 0xff, 0xff, 0xff, 0xff, 0xff, 0xff, 0x50,
    0x0, 0x8f, 0xff, 0xff, 0xff, 0xff, 0xf8, 0x0,
    0x0, 0x6, 0xff, 0xff, 0xff, 0xfe, 0x60, 0x0,
    0x0, 0x0, 0x17, 0xbd, 0xdb, 0x61, 0x0, 0x0,

    /* U+F113 "" */
    0xa, 0xea, 0x20, 0x12, 0x20, 0x2a, 0xec, 0x0,
    0xef, 0xff, 0xff, 0xff, 0xff, 0xff, 0xf0, 0xc,
    0xff, 0xff, 0xff, 0xff, 0xff, 0xfe, 0x1, 0xef,
    0xff, 0xff, 0xff, 0xff, 0xff, 0xf1, 0x8f, 0xff,
    0xff, 0xff, 0xff, 0xff, 0xff, 0x9d, 0xff, 0xeb,
    0xce, 0xfe, 0xcb, 0xdf, 0xfd, 0xff, 0xb0, 0x51,
    0x0, 0x1, 0x50, 0xaf, 0xfe, 0xf3, 0x4f, 0xa0,
    0x0, 0x9f, 0x62, 0xfe, 0xcf, 0x16, 0xfc, 0x0,
    0xb, 0xf8, 0xf, 0xc6, 0xf5, 0x1e, 0x60, 0x0,
    0x5e, 0x23, 0xf7, 0xa, 0xe3, 0x0, 0x0, 0x0,
    0x2, 0xdc, 0x0, 0x5, 0xab, 0x99, 0x99, 0x9b,
    0xb6, 0x0,

    /* U+F118 "" */
    0x0, 0x0, 0x28, 0xbd, 0xca, 0x50, 0x0, 0x0,
    0x0, 0x8, 0xff, 0xff, 0xff, 0xfd, 0x30, 0x0,
    0x0, 0xbf, 0xff, 0xff, 0xff, 0xff, 0xf4, 0x0,
    0x9, 0xff, 0xff, 0xff, 0xff, 0xff, 0xfe, 0x20,
    0x2f, 0xff, 0xff, 0xff, 0xff, 0xff, 0xff, 0xa0,
    0x9f, 0xff, 0xc8, 0xff, 0xfc, 0x8f, 0xff, 0xf1,
    0xdf, 0xff, 0x40, 0xdf, 0xf4, 0xd, 0xff, 0xf5,
    0xff, 0xff, 0xc8, 0xff, 0xfc, 0x8f, 0xff, 0xf7,
    0xff, 0xff, 0xff, 0xff, 0xff, 0xff, 0xff, 0xf6,
    0xdf, 0xff, 0xff, 0xff, 0xff, 0xff, 0xff, 0xf5,
    0x9f, 0xff, 0x29, 0xff, 0xfe, 0x3a, 0xff, 0xf1,
    0x3f, 0xff, 0xd1, 0x25, 0x40, 0x7f, 0xff, 0xa0,
    0x9, 0xff, 0xff, 0x96, 0x7c, 0xff, 0xfe, 0x20,
    0x0, 0xbf, 0xff, 0xff, 0xff, 0xff, 0xf4, 0x0,
    0x0, 0x9, 0xff, 0xff, 0xff, 0xfd, 0x30, 0x0,
    0x0, 0x0, 0x28, 0xbd, 0xca, 0x50, 0x0, 0x0,

    /* U+F119 "" */
    0x0, 0x0, 0x28, 0xbd, 0xca, 0x50, 0x0, 0x0,
    0x0, 0x9, 0xff, 0xff, 0xff, 0xfd, 0x30, 0x0,
    0x0, 0xbf, 0xff, 0xff, 0xff, 0xff, 0xf4, 0x0,
    0x9, 0xff, 0xff, 0xff, 0xff, 0xff, 0xff, 0x20,
    0x3f, 0xff, 0xff, 0xff, 0xff, 0xff, 0xff, 0xa0,
    0x9f, 0xff, 0xc7, 0xff, 0xfc, 0x7f, 0xff, 0xf1,
    0xdf, 0xff, 0x40, 0xdf, 0xf4, 0xd, 0xff, 0xf5,
    0xff, 0xff, 0xd9, 0xff, 0xfd, 0x9f, 0xff, 0xf7,
    0xff, 0xff, 0xff, 0xff, 0xff, 0xff, 0xff, 0xf6,
    0xdf, 0xff, 0xff, 0xff, 0xff, 0xff, 0xff, 0xf5,
    0x9f, 0xff, 0xf9, 0x20, 0x15, 0xdf, 0xff, 0xf1,
    0x2f, 0xff, 0x53, 0xcf, 0xe8, 0x1d, 0xff, 0x90,
    0x8, 0xff, 0xaf, 0xff, 0xff, 0xcd, 0xfe, 0x10,
    0x0, 0xaf, 0xff, 0xff, 0xff, 0xff, 0xe3, 0x0,
    0x0, 0x7, 0xff, 0xff, 0xff, 0xfc, 0x20, 0x0,
    0x0, 0x0, 0x16, 0xab, 0xa8, 0x30, 0x0, 0x0,

    /* U+F11A "" */
    0x0, 0x0, 0x28, 0xbd, 0xca, 0x50, 0x0, 0x0,
    0x0, 0x8, 0xff, 0xff, 0xff, 0xfd, 0x30, 0x0,
    0x0, 0xbf, 0xff, 0xff, 0xff, 0xff, 0xf4, 0x0,
    0x9, 0xff, 0xff, 0xff, 0xff, 0xff, 0xfe, 0x10,
    0x2f, 0xff, 0xff, 0xff, 0xff, 0xff, 0xff, 0xa0,
    0x9f, 0xff, 0xc8, 0xff, 0xfc, 0x8f, 0xff, 0xf1,
    0xdf, 0xff, 0x40, 0xcf, 0xf4, 0xc, 0xff, 0xf5,
    0xff, 0xff, 0xb6, 0xff, 0xfb, 0x6f, 0xff, 0xf6,
    0xff, 0xff, 0xff, 0xff, 0xff, 0xff, 0xff, 0xf7,
    0xdf, 0xff, 0xff, 0xff, 0xff, 0xff, 0xff, 0xf5,
    0x9f, 0xff, 0xdb, 0xbb, 0xbb, 0xbf, 0xff, 0xf1,
    0x3f, 0xff, 0x84, 0x44, 0x44, 0x4e, 0xff, 0xb0,
    0xa, 0xff, 0xff, 0xff, 0xff, 0xff, 0xff, 0x20,
    0x0, 0xcf, 0xff, 0xff, 0xff, 0xff, 0xf5, 0x0,
    0x0, 0xa, 0xff, 0xff, 0xff, 0xfe, 0x40, 0x0,
    0x0, 0x0, 0x39, 0xde, 0xeb, 0x60, 0x0, 0x0,

    /* U+F11B "" */
    0x0, 0x4c, 0xff, 0xff, 0xff, 0xff, 0xff, 0xff,
    0xc4, 0x0, 0x8, 0xff, 0xff, 0xff, 0xff, 0xff,
    0xff, 0xff, 0xff, 0x80, 0x4f, 0xff, 0x0, 0xff,
    0xff, 0xff, 0xff, 0xf8, 0x5d, 0xf4, 0xcf, 0xff,
    0x0, 0xff, 0xff, 0xff, 0xff, 0xd0, 0x5, 0xfc,
    0xff, 0x0, 0x0, 0x0, 0xff, 0xff, 0xfd, 0xd1,
    0x8, 0xff, 0xff, 0x0, 0x0, 0x0, 0xff, 0xff,
    0x80, 0x1d, 0xdf, 0xff, 0xcf, 0xff, 0x0, 0xff,
    0xff, 0xff, 0x50, 0xd, 0xff, 0xfc, 0x4f, 0xff,
    0x0, 0xff, 0xff, 0xff, 0xd5, 0x8f, 0xff, 0xf4,
    0x8, 0xff, 0xff, 0xff, 0xa8, 0x8a, 0xff, 0xff,
    0xff, 0x80, 0x0, 0x4c, 0xff, 0xc4, 0x0, 0x0,
    0x4c, 0xff, 0xc4, 0x0,

    /* U+F11C "" */
    0x8f, 0xff, 0xff, 0xff, 0xff, 0xff, 0xff, 0xff,
    0xf8, 0xff, 0xff, 0xff, 0xff, 0xff, 0xff, 0xff,
    0xff, 0xff, 0xff, 0x0, 0xf0, 0xf, 0x0, 0xf0,
    0xf, 0x0, 0xff, 0xff, 0x0, 0xf0, 0xf, 0x0,
    0xf0, 0xf, 0x0, 0xff, 0xff, 0xff, 0xff, 0xff,
    0xff, 0xff, 0xff, 0xff, 0xff, 0xff, 0xf8, 0x8,
    0x80, 0x88, 0x8, 0x80, 0x8f, 0xff, 0xff, 0xf8,
    0x8, 0x80, 0x88, 0x8, 0x80, 0x8f, 0xff, 0xff,
    0xff, 0xff, 0xff, 0xff, 0xff, 0xff, 0xff, 0xff,
    0xff, 0x0, 0xf0, 0x0, 0x0, 0x0, 0xf, 0x0,
    0xff, 0xff, 0x0, 0xf0, 0x0, 0x0, 0x0, 0xf,
    0x0, 0xff, 0xff, 0xff, 0xff, 0xff, 0xff, 0xff,
    0xff, 0xff, 0xff, 0x8f, 0xff, 0xff, 0xff, 0xff,
    0xff, 0xff, 0xff, 0xf8,

    /* U+F11E "" */
    0x0, 0x0, 0x0, 0x0, 0x0, 0x0, 0x0, 0x0,
    0x3e, 0xd3, 0x0, 0x0, 0x0, 0x0, 0x0, 0x0,
    0xbf, 0xfa, 0x0, 0x0, 0x0, 0x0, 0x0, 0x0,
    0x8f, 0xfe, 0xdf, 0xeb, 0x72, 0x0, 0x28, 0xdc,
    0xf, 0xff, 0xaf, 0xff, 0xff, 0xff, 0xff, 0xef,
    0xf, 0xf0, 0xe, 0xf6, 0x27, 0xff, 0x71, 0x8f,
    0xf, 0xf0, 0x1b, 0xc5, 0x1, 0xff, 0x30, 0x8f,
    0xf, 0xfc, 0xf5, 0x9, 0xb7, 0xbc, 0x7a, 0xff,
    0xf, 0xff, 0xf5, 0xa, 0xfe, 0x0, 0xdf, 0xff,
    0xf, 0xf5, 0xe, 0xf7, 0x59, 0x20, 0xb9, 0x9f,
    0xf, 0xf0, 0xe, 0xf6, 0x1, 0xff, 0x30, 0x8f,
    0xf, 0xf7, 0xbf, 0xfd, 0x85, 0xff, 0x33, 0xcf,
    0xf, 0xff, 0xdb, 0xac, 0xff, 0xff, 0xef, 0xf6,
    0xf, 0xf2, 0x0, 0x0, 0x4, 0x8a, 0x96, 0x10,
    0xf, 0xf0, 0x0, 0x0, 0x0, 0x0, 0x0, 0x0,
    0xf, 0xf0, 0x0, 0x0, 0x0, 0x0, 0x0, 0x0,
    0xd, 0xd0, 0x0, 0x0, 0x0, 0x0, 0x0, 0x0,

    /* U+F120 "" */
    0x3b, 0x20, 0x0, 0x0, 0x0, 0x0, 0x0, 0x0,
    0x0, 0x0, 0xef, 0xe2, 0x0, 0x0, 0x0, 0x0,
    0x0, 0x0, 0x0, 0x0, 0x6f, 0xfe, 0x20, 0x0,
    0x0, 0x0, 0x0, 0x0, 0x0, 0x0, 0x7, 0xff,
    0xe2, 0x0, 0x0, 0x0, 0x0, 0x0, 0x0, 0x0,
    0x0, 0x7f, 0xfe, 0x20, 0x0, 0x0, 0x0, 0x0,
    0x0, 0x0, 0x0, 0x7, 0xff, 0xe2, 0x0, 0x0,
    0x0, 0x0, 0x0, 0x0, 0x0, 0x0, 0x7f, 0xfe,
    0x10, 0x0, 0x0, 0x0, 0x0, 0x0, 0x0, 0x0,
    0x7f, 0xfe, 0x10, 0x0, 0x0, 0x0, 0x0, 0x0,
    0x0, 0x7, 0xff, 0xe2, 0x0, 0x0, 0x0, 0x0,
    0x0, 0x0, 0x0, 0x7f, 0xfe, 0x20, 0x0, 0x0,
    0x0, 0x0, 0x0, 0x0, 0x7, 0xff, 0xe2, 0x0,
    0x0, 0x0, 0x0, 0x0, 0x0, 0x0, 0x6f, 0xfe,
    0x20, 0x0, 0x5, 0x88, 0x88, 0x88, 0x88, 0x85,
    0xef, 0xe2, 0x0, 0x0, 0xf, 0xff, 0xff, 0xff,
    0xff, 0xff, 0x3b, 0x20, 0x0, 0x0, 0xd, 0xff,
    0xff, 0xff, 0xff, 0xfd,

    /* U+F121 "" */
    0x0, 0x0, 0x0, 0x0, 0x0, 0x0, 0x0, 0x0,
    0x0, 0x0, 0x0, 0x0, 0x0, 0x0, 0x0, 0x0,
    0x3, 0xea, 0x20, 0x0, 0x0, 0x0, 0x0, 0x0,
    0x0, 0x0, 0x0, 0x8, 0xff, 0x40, 0x0, 0x0,
    0x0, 0x0, 0x0, 0x0, 0x0, 0x0, 0xd, 0xff,
    0x0, 0x0, 0x0, 0x0, 0x0, 0x0, 0x5, 0x20,
    0x0, 0x1f, 0xfb, 0x2, 0x50, 0x0, 0x0, 0x0,
    0x0, 0x7f, 0xe2, 0x0, 0x6f, 0xf6, 0x2e, 0xf7,
    0x0, 0x0, 0x0, 0x8, 0xff, 0xf6, 0x0, 0xbf,
    0xf2, 0x6f, 0xff, 0x80, 0x0, 0x0, 0x9f, 0xff,
    0x60, 0x0, 0xff, 0xd0, 0x6, 0xff, 0xf9, 0x0,
    0x9, 0xff, 0xf4, 0x0, 0x4, 0xff, 0x90, 0x0,
    0x4f, 0xff, 0x90, 0x9, 0xff, 0xf4, 0x0, 0x9,
    0xff, 0x40, 0x0, 0x4f, 0xff, 0x90, 0x0, 0x9f,
    0xff, 0x60, 0xd, 0xff, 0x0, 0x6, 0xff, 0xf9,
    0x0, 0x0, 0x8, 0xff, 0xf6, 0x2f, 0xfb, 0x0,
    0x6f, 0xff, 0x80, 0x0, 0x0, 0x0, 0x7f, 0xe2,
    0x7f, 0xf6, 0x0, 0x2e, 0xf7, 0x0, 0x0, 0x0,
    0x0, 0x5, 0x20, 0xbf, 0xf1, 0x0, 0x2, 0x50,
    0x0, 0x0, 0x0, 0x0, 0x0, 0x0, 0xff, 0xd0,
    0x0, 0x0, 0x0, 0x0, 0x0, 0x0, 0x0, 0x0,
    0x4, 0xff, 0x80, 0x0, 0x0, 0x0, 0x0, 0x0,
    0x0, 0x0, 0x0, 0x2, 0xae, 0x30, 0x0, 0x0,
    0x0, 0x0, 0x0, 0x0, 0x0, 0x0, 0x0, 0x0,
    0x0, 0x0, 0x0, 0x0, 0x0, 0x0,

    /* U+F122 "" */
    0x0, 0x0, 0x0, 0x0, 0x0, 0x0, 0x0, 0x0,
    0x0, 0x0, 0x0, 0x9, 0xd0, 0x9, 0xd0, 0x0,
    0x0, 0x0, 0x0, 0x0, 0xbf, 0xa0, 0xbf, 0xf0,
    0x0, 0x0, 0x0, 0x0, 0x1d, 0xf8, 0x1d, 0xff,
    0xf0, 0x0, 0x0, 0x0, 0x3, 0xef, 0x63, 0xef,
    0xff, 0xf9, 0x74, 0x0, 0x0, 0x4f, 0xf6, 0x4f,
    0xff, 0xff, 0xff, 0xff, 0xe8, 0x0, 0xef, 0xf0,
    0xef, 0xff, 0xff, 0xff, 0xff, 0xff, 0xc0, 0x4f,
    0xf6, 0x4f, 0xff, 0xff, 0xff, 0xff, 0xff, 0xf7,
    0x3, 0xef, 0x63, 0xef, 0xff, 0xfb, 0xef, 0xff,
    0xfc, 0x0, 0x1d, 0xf8, 0x1d, 0xff, 0xf0, 0x5,
    0xff, 0xff, 0x0, 0x0, 0xbf, 0xa0, 0xbf, 0xf0,
    0x0, 0x5f, 0xff, 0x0, 0x0, 0x9, 0xd0, 0x9,
    0xd0, 0x0, 0x1f, 0xfc, 0x0, 0x0, 0x0, 0x0,
    0x0, 0x0, 0x0, 0x1f, 0xf5, 0x0, 0x0, 0x0,
    0x0, 0x0, 0x0, 0x0, 0x4f, 0xb0, 0x0, 0x0,
    0x0, 0x0, 0x0, 0x0, 0x0, 0x6b, 0x0, 0x0,
    0x0, 0x0, 0x0, 0x0, 0x0, 0x0, 0x0, 0x0,

    /* U+F124 "" */
    0x0, 0x0, 0x0, 0x0, 0x0, 0x0, 0x0, 0x0,
    0x0, 0x0, 0x0, 0x0, 0x0, 0x0, 0x0, 0x3,
    0xaf, 0x70, 0x0, 0x0, 0x0, 0x0, 0x0, 0x4,
    0xcf, 0xff, 0xf0, 0x0, 0x0, 0x0, 0x0, 0x6,
    0xdf, 0xff, 0xff, 0xa0, 0x0, 0x0, 0x0, 0x17,
    0xef, 0xff, 0xff, 0xff, 0x30, 0x0, 0x0, 0x18,
    0xff, 0xff, 0xff, 0xff, 0xfc, 0x0, 0x0, 0x2a,
    0xff, 0xff, 0xff, 0xff, 0xff, 0xf4, 0x0, 0x8,
    0xff, 0xff, 0xff, 0xff, 0xff, 0xff, 0xd0, 0x0,
    0xf, 0xff, 0xff, 0xff, 0xff, 0xff, 0xff, 0x60,
    0x0, 0x8, 0xff, 0xff, 0xff, 0xff, 0xff, 0xfe,
    0x0, 0x0, 0x0, 0x0, 0x0, 0x0, 0xff, 0xff,
    0xf7, 0x0, 0x0, 0x0, 0x0, 0x0, 0x0, 0xff,
    0xff, 0xf1, 0x0, 0x0, 0x0, 0x0, 0x0, 0x0,
    0xff, 0xff, 0x80, 0x0, 0x0, 0x0, 0x0, 0x0,
    0x0, 0xff, 0xff, 0x10, 0x0, 0x0, 0x0, 0x0,
    0x0, 0x0, 0xff, 0xfa, 0x0, 0x0, 0x0, 0x0,
    0x0, 0x0, 0x0, 0xff, 0xf2, 0x0, 0x0, 0x0,
    0x0, 0x0, 0x0, 0x0, 0x8f, 0x80, 0x0, 0x0,
    0x0, 0x0, 0x0, 0x0, 0x0, 0x0, 0x0, 0x0,
    0x0, 0x0,

    /* U+F125 "" */
    0x0, 0x0, 0x0, 0x0, 0x0, 0x0, 0x0, 0x0,
    0x0, 0xd, 0xfd, 0x0, 0x0, 0x0, 0x0, 0x1c,
    0x70, 0x0, 0xff, 0xf0, 0x0, 0x0, 0x0, 0x1d,
    0xfc, 0xd, 0xff, 0xff, 0xf, 0xff, 0xff, 0xff,
    0xfd, 0x10, 0xff, 0xff, 0xf0, 0xff, 0xff, 0xff,
    0xff, 0x10, 0xd, 0xff, 0xff, 0xf, 0xff, 0xff,
    0xff, 0xf0, 0x0, 0x0, 0xff, 0xf0, 0x0, 0x1d,
    0xff, 0xff, 0x0, 0x0, 0xf, 0xff, 0x0, 0x1d,
    0xfd, 0xff, 0xf0, 0x0, 0x0, 0xff, 0xf0, 0x1d,
    0xfd, 0x1f, 0xff, 0x0, 0x0, 0xf, 0xff, 0x1d,
    0xfd, 0x10, 0xff, 0xf0, 0x0, 0x0, 0xff, 0xfd,
    0xfd, 0x10, 0xf, 0xff, 0x0, 0x0, 0xf, 0xff,
    0xfd, 0x10, 0x0, 0xff, 0xf0, 0x0, 0x0, 0xff,
    0xff, 0xff, 0xff, 0xf, 0xff, 0xfd, 0x0, 0xf,
    0xff, 0xff, 0xff, 0xf0, 0xff, 0xff, 0xf0, 0x0,
    0xdf, 0xff, 0xff, 0xff, 0xf, 0xff, 0xfd, 0x0,
    0x0, 0x0, 0x0, 0x0, 0x0, 0xff, 0xf0, 0x0,
    0x0, 0x0, 0x0, 0x0, 0x0, 0xd, 0xfd, 0x0,
    0x0,

    /* U+F126 "" */
    0x1b, 0xfb, 0x10, 0x0, 0x0, 0x0, 0xbf, 0xff,
    0xb0, 0x0, 0x0, 0x0, 0xff, 0x4f, 0xf0, 0x1,
    0xbf, 0xb1, 0xcf, 0xff, 0xc0, 0xb, 0xff, 0xfb,
    0x2c, 0xfc, 0x20, 0xf, 0xf4, 0xff, 0x4, 0xf4,
    0x0, 0xb, 0xff, 0xfc, 0x4, 0xf4, 0x0, 0x1,
    0xcf, 0xc2, 0x4, 0xf4, 0x0, 0x0, 0x5f, 0x30,
    0x4, 0xf4, 0x1, 0x36, 0xed, 0x0, 0x4, 0xfd,
    0xff, 0xff, 0xc2, 0x0, 0x4, 0xfe, 0x96, 0x41,
    0x0, 0x0, 0x1c, 0xfd, 0x20, 0x0, 0x0, 0x0,
    0xbf, 0xff, 0xc0, 0x0, 0x0, 0x0, 0xff, 0x4f,
    0xf0, 0x0, 0x0, 0x0, 0xbf, 0xff, 0xb0, 0x0,
    0x0, 0x0, 0x1b, 0xfb, 0x10, 0x0, 0x0, 0x0,

    /* U+F127 "" */
    0x5e, 0x40, 0x0, 0x0, 0x2a, 0xef, 0xd6, 0x0,
    0xef, 0xf4, 0x0, 0x4, 0xff, 0xff, 0xff, 0xa0,
    0x4f, 0xff, 0x40, 0x3f, 0xff, 0xa8, 0xef, 0xf6,
    0x4, 0xff, 0xf4, 0x4f, 0xf5, 0x0, 0xe, 0xfd,
    0x0, 0x4f, 0xff, 0x45, 0x50, 0x0, 0x8, 0xff,
    0x0, 0x4, 0xff, 0xf4, 0x0, 0x0, 0xa, 0xfe,
    0x0, 0x34, 0x4f, 0xff, 0x40, 0x0, 0x5f, 0xfa,
    0x4, 0xff, 0x54, 0xff, 0xf4, 0x5, 0xff, 0xf2,
    0x2f, 0xff, 0x50, 0x4f, 0xff, 0x45, 0xff, 0x40,
    0xaf, 0xf5, 0x0, 0x4, 0xff, 0xf4, 0x43, 0x0,
    0xef, 0xa0, 0x0, 0x0, 0x4f, 0xff, 0x40, 0x0,
    0xff, 0x80, 0x0, 0x5, 0x54, 0xff, 0xf4, 0x0,
    0xdf, 0xe0, 0x0, 0x5f, 0xf4, 0x4f, 0xff, 0x40,
    0x6f, 0xfe, 0x8a, 0xff, 0xf3, 0x4, 0xff, 0xf4,
    0xa, 0xff, 0xff, 0xff, 0x40, 0x0, 0x4f, 0xfe,
    0x0, 0x6d, 0xfe, 0xa2, 0x0, 0x0, 0x4, 0xe5,

    /* U+F128 "" */
    0x0, 0x5, 0xbe, 0xfd, 0x81, 0x0, 0x1, 0xbf,
    0xff, 0xff, 0xfe, 0x30, 0xb, 0xff, 0xff, 0xff,
    0xff, 0xf2, 0x1f, 0xff, 0xc5, 0x4b, 0xff, 0xf9,
    0x3, 0xda, 0x0, 0x0, 0xdf, 0xfc, 0x0, 0x0,
    0x0, 0x2, 0xff, 0xfb, 0x0, 0x0, 0x0, 0x8f,
    0xff, 0xf6, 0x0, 0x0, 0x1d, 0xff, 0xff, 0xa0,
    0x0, 0x0, 0xaf, 0xff, 0xe5, 0x0, 0x0, 0x0,
    0xdf, 0xff, 0x10, 0x0, 0x0, 0x0, 0x7c, 0xc7,
    0x0, 0x0, 0x0, 0x0, 0x3, 0x30, 0x0, 0x0,
    0x0, 0x0, 0xaf, 0xfa, 0x0, 0x0, 0x0, 0x1,
    0xff, 0xff, 0x10, 0x0, 0x0, 0x0, 0xff, 0xff,
    0x0, 0x0, 0x0, 0x0, 0x5e, 0xe5, 0x0, 0x0,

    /* U+F129 "" */
    0x5, 0xee, 0x50, 0x1f, 0xff, 0xf1, 0x3f, 0xff,
    0xf3, 0xc, 0xff, 0xc0, 0x0, 0x66, 0x0, 0x0,
    0x0, 0x0, 0xef, 0xff, 0xa0, 0xff, 0xff, 0xc0,
    0xaf, 0xff, 0xc0, 0xc, 0xff, 0xc0, 0xc, 0xff,
    0xc0, 0xc, 0xff, 0xc0, 0xc, 0xff, 0xc0, 0xaf,
    0xff, 0xfa, 0xff, 0xff, 0xff, 0xef, 0xff, 0xfe,

    /* U+F12A "" */
    0x4f, 0xff, 0xd0, 0x6f, 0xff, 0xf0, 0x5f, 0xff,
    0xe0, 0x4f, 0xff, 0xd0, 0x3f, 0xff, 0xc0, 0x3f,
    0xff, 0xc0, 0x2f, 0xff, 0xb0, 0x1f, 0xff, 0xa0,
    0xf, 0xff, 0x90, 0xd, 0xff, 0x60, 0x0, 0x0,
    0x0, 0x9, 0xed, 0x40, 0x7f, 0xff, 0xf1, 0xaf,
    0xff, 0xf3, 0x7f, 0xff, 0xf1, 0x9, 0xfd, 0x40,

    /* U+F12B "" */
    0x0, 0x0, 0x0, 0x0, 0x0, 0x0, 0x8f, 0xe0,
    0x0, 0x0, 0x0, 0x0, 0x0, 0x0, 0xef, 0xf0,
    0xef, 0xf3, 0x0, 0x3, 0xff, 0xe0, 0xf, 0xf0,
    0xff, 0xfd, 0x0, 0xd, 0xff, 0xf0, 0xf, 0xf0,
    0x6a, 0xff, 0x90, 0x9f, 0xfa, 0x60, 0xf, 0xf0,
    0x0, 0xcf, 0xf8, 0xff, 0xc0, 0x0, 0xef, 0xfe,
    0x0, 0x2f, 0xff, 0xff, 0x20, 0x0, 0xef, 0xfe,
    0x0, 0x6, 0xff, 0xf6, 0x0, 0x0, 0x0, 0x0,
    0x0, 0x6, 0xff, 0xf6, 0x0, 0x0, 0x0, 0x0,
    0x0, 0x2f, 0xff, 0xff, 0x20, 0x0, 0x0, 0x0,
    0x0, 0xcf, 0xf8, 0xff, 0xc0, 0x0, 0x0, 0x0,
    0x6a, 0xff, 0x90, 0x9f, 0xfa, 0x60, 0x0, 0x0,
    0xff, 0xfd, 0x0, 0xd, 0xff, 0xf0, 0x0, 0x0,
    0xef, 0xf3, 0x0, 0x3, 0xff, 0xe0, 0x0, 0x0,

    /* U+F12C "" */
    0xef, 0xf3, 0x0, 0x3, 0xff, 0xe0, 0x0, 0x0,
    0xff, 0xfd, 0x0, 0xd, 0xff, 0xf0, 0x0, 0x0,
    0x6a, 0xff, 0x90, 0x9f, 0xfa, 0x60, 0x0, 0x0,
    0x0, 0xcf, 0xf8, 0xff, 0xc0, 0x0, 0x0, 0x0,
    0x0, 0x2f, 0xff, 0xff, 0x20, 0x0, 0x0, 0x0,
    0x0, 0x6, 0xff, 0xf6, 0x0, 0x0, 0x0, 0x0,
    0x0, 0x6, 0xff, 0xf6, 0x0, 0x0, 0x0, 0x0,
    0x0, 0x2f, 0xff, 0xff, 0x20, 0x0, 0x8f, 0xe0,
    0x0, 0xcf, 0xf8, 0xff, 0xc0, 0x0, 0xef, 0xf0,
    0x6a, 0xff, 0x90, 0x9f, 0xfa, 0x60, 0xf, 0xf0,
    0xff, 0xfd, 0x0, 0xd, 0xff, 0xf0, 0xf, 0xf0,
    0xef, 0xf3, 0x0, 0x3, 0xff, 0xe0, 0xf, 0xf0,
    0x0, 0x0, 0x0, 0x0, 0x0, 0x0, 0xef, 0xfe,
    0x0, 0x0, 0x0, 0x0, 0x0, 0x0, 0xef, 0xfe,

    /* U+F12D "" */
    0x0, 0x0, 0x0, 0x0, 0x9f, 0x90, 0x0, 0x0,
    0x0, 0x0, 0x0, 0x9, 0xff, 0xf9, 0x0, 0x0,
    0x0, 0x0, 0x0, 0x9f, 0xff, 0xff, 0x90, 0x0,
    0x0, 0x0, 0x9, 0xff, 0xff, 0xff, 0xf9, 0x0,
    0x0, 0x0, 0x9f, 0xff, 0xff, 0xff, 0xff, 0x90,
    0x0, 0x9, 0xff, 0xef, 0xff, 0xff, 0xff, 0xf9,
    0x0, 0x9f, 0xf3, 0x2e, 0xff, 0xff, 0xff, 0xff,
    0x9, 0xff, 0x30, 0x2, 0xef, 0xff, 0xff, 0xf9,
    0x9f, 0xf4, 0x0, 0x0, 0x2e, 0xff, 0xff, 0x90,
    0xff, 0x70, 0x0, 0x0, 0x2, 0xef, 0xf9, 0x0,
    0x9f, 0xf4, 0x0, 0x0, 0x3, 0xff, 0x90, 0x0,
    0x9, 0xff, 0x40, 0x0, 0x4f, 0xf9, 0x0, 0x0,
    0x0, 0x9f, 0xff, 0xff, 0xff, 0xff, 0xff, 0xff,
    0x0, 0x9, 0xff, 0xff, 0xff, 0xff, 0xff, 0xff,

    /* U+F12E "" */
    0x0, 0x0, 0x1b, 0xfc, 0x10, 0x0, 0x0, 0x0,
    0x0, 0x0, 0x0, 0x6f, 0xff, 0x60, 0x0, 0x0,
    0x0, 0x0, 0x0, 0x0, 0x5f, 0xff, 0x30, 0x0,
    0x0, 0x0, 0x0, 0x0, 0x0, 0xd, 0xfa, 0x0,
    0x0, 0x0, 0x0, 0x0, 0x0, 0x0, 0x9, 0xf6,
    0x0, 0x0, 0x22, 0x0, 0x0, 0xb8, 0x76, 0x9f,
    0xfe, 0x87, 0x9d, 0xf3, 0x0, 0x0, 0xff, 0xff,
    0xff, 0xff, 0xff, 0xff, 0xf0, 0x0, 0x0, 0xff,
    0xff, 0xff, 0xff, 0xff, 0xff, 0xd0, 0x0, 0x0,
    0xff, 0xff, 0xff, 0xff, 0xff, 0xff, 0xc0, 0x0,
    0x0, 0xff, 0xff, 0xff, 0xff, 0xff, 0xff, 0xf1,
    0x5d, 0xe5, 0xff, 0xff, 0xfa, 0x7c, 0xff, 0xff,
    0xff, 0xff, 0xfd, 0xff, 0xff, 0x80, 0x0, 0xef,
    0xff, 0xfe, 0xff, 0xfe, 0xff, 0xff, 0x60, 0x0,
    0xdf, 0xff, 0xa0, 0x3c, 0xf6, 0xff, 0xff, 0xd0,
    0x5, 0xff, 0xff, 0x70, 0x0, 0x0, 0xff, 0xff,
    0xf7, 0xc, 0xff, 0xff, 0x80, 0x0, 0x0, 0xbe,
    0xff, 0xd3, 0x7, 0xee, 0xdb, 0x70, 0x0, 0x0,

    /* U+F130 "" */
    0x0, 0x5, 0xdf, 0xb1, 0x0, 0x0, 0x4, 0xff,
    0xff, 0xc0, 0x0, 0x0, 0xaf, 0xff, 0xff, 0x20,
    0x0, 0xb, 0xff, 0xff, 0xf4, 0x0, 0x0, 0xbf,
    0xff, 0xff, 0x40, 0x0, 0xb, 0xff, 0xff, 0xf4,
    0x0, 0xe6, 0xbf, 0xff, 0xff, 0x46, 0xef, 0x8b,
    0xff, 0xff, 0xf4, 0x8f, 0xf9, 0xaf, 0xff, 0xff,
    0x28, 0xfb, 0xd4, 0xff, 0xff, 0xc0, 0xcc, 0x5f,
    0x75, 0xdf, 0xb1, 0x6f, 0x50, 0xaf, 0x92, 0x2,
    0x9f, 0xa0, 0x0, 0x9f, 0xff, 0xff, 0x80, 0x0,
    0x0, 0x2a, 0xf5, 0x10, 0x0, 0x0, 0x48, 0xbf,
    0x87, 0x10, 0x0, 0xa, 0xff, 0xff, 0xf3, 0x0,

    /* U+F131 "" */
    0x0, 0x0, 0x0, 0x0, 0x0, 0x0, 0x0, 0x0,
    0x0, 0x0, 0x0, 0x8, 0xc2, 0x0, 0x0, 0x8,
    0xee, 0x80, 0x0, 0x0, 0x0, 0x0, 0xd, 0xfe,
    0x40, 0x0, 0x8f, 0xff, 0xf8, 0x0, 0x0, 0x0,
    0x0, 0x1, 0xbf, 0xf8, 0x0, 0xef, 0xff, 0xfe,
    0x0, 0x0, 0x0, 0x0, 0x0, 0x7, 0xff, 0xb1,
    0xff, 0xff, 0xff, 0x0, 0x0, 0x0, 0x0, 0x0,
    0x0, 0x4e, 0xfe, 0xff, 0xff, 0xff, 0x0, 0x0,
    0x0, 0x0, 0x0, 0x0, 0x1, 0xcf, 0xff, 0xff,
    0xff, 0x0, 0x0, 0x0, 0x0, 0x0, 0x0, 0x0,
    0x9, 0xff, 0xff, 0xff, 0xe, 0x60, 0x0, 0x0,
    0x0, 0x0, 0x2, 0x0, 0x5f, 0xff, 0xff, 0xf,
    0x80, 0x0, 0x0, 0x0, 0x0, 0x6, 0xa0, 0x2,
    0xdf, 0xfe, 0xf, 0x60, 0x0, 0x0, 0x0, 0x0,
    0x3, 0xf5, 0x0, 0xa, 0xff, 0xbf, 0x30, 0x0,
    0x0, 0x0, 0x0, 0x0, 0xce, 0x20, 0x0, 0x6f,
    0xff, 0x10, 0x0, 0x0, 0x0, 0x0, 0x0, 0x2f,
    0xe5, 0x10, 0x3, 0xef, 0xe4, 0x0, 0x0, 0x0,
    0x0, 0x0, 0x3, 0xdf, 0xfc, 0x20, 0x1b, 0xff,
    0x70, 0x0, 0x0, 0x0, 0x0, 0x0, 0x4, 0xdd,
    0x30, 0x0, 0x8f, 0xfb, 0x10, 0x0, 0x0, 0x0,
    0x0, 0x68, 0xee, 0x86, 0x0, 0x4, 0xef, 0xd0,
    0x0, 0x0, 0x0, 0x0, 0xef, 0xff, 0xfe, 0x0,
    0x0, 0x2c, 0x80, 0x0, 0x0, 0x0, 0x0, 0x0,
    0x0, 0x0, 0x0, 0x0, 0x0, 0x0,

    /* U+F133 "" */
    0x0, 0xf, 0xf0, 0x0, 0xf, 0xf0, 0x0, 0x0,
    0xf, 0xf0, 0x0, 0xf, 0xf0, 0x0, 0x8f, 0xff,
    0xff, 0xff, 0xff, 0xff, 0xf8, 0xff, 0xff, 0xff,
    0xff, 0xff, 0xff, 0xff, 0xff, 0xff, 0xff, 0xff,
    0xff, 0xff, 0xff, 0x0, 0x0, 0x0, 0x0, 0x0,
    0x0, 0x0, 0xff, 0xff, 0xff, 0xff, 0xff, 0xff,
    0xff, 0xff, 0xff, 0xff, 0xff, 0xff, 0xff, 0xff,
    0xff, 0xff, 0xff, 0xff, 0xff, 0xff, 0xff, 0xff,
    0xff, 0xff, 0xff, 0xff, 0xff, 0xff, 0xff, 0xff,
    0xff, 0xff, 0xff, 0xff, 0xff, 0xff, 0xff, 0xff,
    0xff, 0xff, 0xff, 0xff, 0xff, 0xff, 0xff, 0xff,
    0xff, 0xff, 0xff, 0xff, 0xff, 0xff, 0xff, 0xff,
    0xff, 0xff, 0xff, 0xff, 0xff, 0xff, 0xff, 0xff,
    0xff, 0x8f, 0xff, 0xff, 0xff, 0xff, 0xff, 0xf8,

    /* U+F134 "" */
    0x0, 0x0, 0x9f, 0x90, 0x0, 0x0, 0x0, 0x0,
    0x0, 0x2f, 0x6f, 0x20, 0x36, 0x9b, 0xef, 0x0,
    0x7, 0xfc, 0xfb, 0xaf, 0xff, 0xff, 0xf0, 0xc,
    0xfe, 0xdf, 0xfd, 0xff, 0xff, 0xff, 0x8, 0xf5,
    0x0, 0xcc, 0x6, 0x9c, 0xff, 0xf0, 0xe9, 0x2,
    0xef, 0xfe, 0x20, 0x0, 0x13, 0x3, 0x0, 0xbf,
    0xff, 0xfb, 0x0, 0x0, 0x0, 0x0, 0xf, 0xff,
    0xff, 0xf0, 0x0, 0x0, 0x0, 0x0, 0xff, 0xff,
    0xff, 0x0, 0x0, 0x0, 0x0, 0xf, 0xff, 0xff,
    0xf0, 0x0, 0x0, 0x0, 0x0, 0xff, 0xff, 0xff,
    0x0, 0x0, 0x0, 0x0, 0xf, 0xff, 0xff, 0xf0,
    0x0, 0x0, 0x0, 0x0, 0xff, 0xff, 0xff, 0x0,
    0x0, 0x0, 0x0, 0xf, 0xff, 0xff, 0xf0, 0x0,
    0x0, 0x0, 0x0, 0xff, 0xff, 0xff, 0x0, 0x0,
    0x0, 0x0, 0xe, 0xff, 0xff, 0xe0, 0x0, 0x0,
    0x0, 0x0, 0x1, 0x11, 0x10, 0x0, 0x0, 0x0,

    /* U+F135 "" */
    0x0, 0x0, 0x0, 0x0, 0x3, 0xae, 0xff, 0xe8,
    0x0, 0x0, 0x0, 0x0, 0x8f, 0xff, 0xff, 0xfe,
    0x0, 0x0, 0x0, 0x9, 0xff, 0xfe, 0xef, 0xff,
    0x0, 0x0, 0x0, 0x6f, 0xff, 0xe0, 0xe, 0xff,
    0x2, 0xdf, 0xff, 0xff, 0xff, 0xe0, 0xe, 0xfe,
    0xb, 0xff, 0xff, 0xff, 0xff, 0xfe, 0xef, 0xfa,
    0x3f, 0xff, 0xff, 0xff, 0xff, 0xff, 0xff, 0xf3,
    0xbf, 0xff, 0xff, 0xff, 0xff, 0xff, 0xff, 0x80,
    0xdf, 0xff, 0xff, 0xff, 0xff, 0xff, 0xf9, 0x0,
    0x0, 0x8, 0xff, 0xff, 0xff, 0xff, 0x60, 0x0,
    0x0, 0xf, 0xff, 0xff, 0xff, 0xff, 0x0, 0x0,
    0x0, 0x5, 0xff, 0xff, 0xff, 0xff, 0x0, 0x0,
    0x0, 0x0, 0x5f, 0x8f, 0xff, 0xff, 0x0, 0x0,
    0x0, 0x0, 0x0, 0xf, 0xff, 0xfd, 0x0, 0x0,
    0x0, 0x0, 0x0, 0xf, 0xff, 0xb2, 0x0, 0x0,
    0x0, 0x0, 0x0, 0xd, 0xb3, 0x0, 0x0, 0x0,

    /* U+F136 "" */
    0x4f, 0xff, 0xff, 0xff, 0xff, 0xff, 0xeb, 0x30,
    0x0, 0xdf, 0xff, 0xff, 0xff, 0xff, 0xff, 0xff,
    0x30, 0x6, 0xff, 0xff, 0xff, 0xff, 0xff, 0xff,
    0xfb, 0x0, 0x3f, 0xfc, 0x0, 0x9f, 0xf7, 0x3,
    0xff, 0xf0, 0x7, 0xff, 0x90, 0xc, 0xff, 0x30,
    0x1f, 0xfe, 0x0, 0xaf, 0xf6, 0x0, 0xff, 0xf0,
    0x4, 0xff, 0xb0, 0xd, 0xff, 0x20, 0x3f, 0xfd,
    0x0, 0x8f, 0xf8, 0x1, 0xff, 0xf0, 0x7, 0xff,
    0x90, 0xb, 0xff, 0x50, 0x4f, 0xfb, 0x0, 0xaf,
    0xf6, 0x0, 0xef, 0xf1, 0x8, 0xff, 0x80, 0xd,
    0xff, 0x20, 0x2f, 0xfe, 0x0, 0xbf, 0xf4, 0x1,
    0xff, 0xf0, 0x5, 0xff, 0xa0, 0xa, 0xbb, 0x10,
    0x3b, 0xb8, 0x0, 0x6b, 0xb5, 0x0,

    /* U+F137 "" */
    0x0, 0x0, 0x5, 0x9b, 0xb9, 0x50, 0x0, 0x0,
    0x0, 0x4, 0xdf, 0xff, 0xff, 0xfd, 0x40, 0x0,
    0x0, 0x6f, 0xff, 0xff, 0xff, 0xff, 0xf6, 0x0,
    0x4, 0xff, 0xff, 0xff, 0x72, 0xef, 0xff, 0x40,
    0xd, 0xff, 0xff, 0xf6, 0x0, 0xaf, 0xff, 0xd0,
    0x5f, 0xff, 0xff, 0x60, 0x6, 0xff, 0xff, 0xf5,
    0x9f, 0xff, 0xf6, 0x0, 0x6f, 0xff, 0xff, 0xf9,
    0xbf, 0xff, 0x70, 0x6, 0xff, 0xff, 0xff, 0xfb,
    0xbf, 0xff, 0x70, 0x6, 0xff, 0xff, 0xff, 0xfb,
    0x9f, 0xff, 0xf6, 0x0, 0x6f, 0xff, 0xff, 0xf9,
    0x5f, 0xff, 0xff, 0x60, 0x6, 0xff, 0xff, 0xf5,
    0xe, 0xff, 0xff, 0xf6, 0x0, 0xaf, 0xff, 0xd0,
    0x4, 0xff, 0xff, 0xff, 0x72, 0xef, 0xff, 0x40,
    0x0, 0x6f, 0xff, 0xff, 0xff, 0xff, 0xf6, 0x0,
    0x0, 0x4, 0xef, 0xff, 0xff, 0xfd, 0x40, 0x0,
    0x0, 0x0, 0x5, 0x9b, 0xb9, 0x50, 0x0, 0x0,

    /* U+F138 "" */
    0x0, 0x0, 0x5, 0x9b, 0xb9, 0x50, 0x0, 0x0,
    0x0, 0x4, 0xdf, 0xff, 0xff, 0xfd, 0x40, 0x0,
    0x0, 0x6f, 0xff, 0xff, 0xff, 0xff, 0xf6, 0x0,
    0x4, 0xff, 0xfe, 0x27, 0xff, 0xff, 0xff, 0x40,
    0xd, 0xff, 0xfa, 0x0, 0x6f, 0xff, 0xff, 0xd0,
    0x5f, 0xff, 0xff, 0x60, 0x6, 0xff, 0xff, 0xf5,
    0x9f, 0xff, 0xff, 0xf6, 0x0, 0x6f, 0xff, 0xf9,
    0xbf, 0xff, 0xff, 0xff, 0x60, 0x7, 0xff, 0xfb,
    0xbf, 0xff, 0xff, 0xff, 0x60, 0x7, 0xff, 0xfb,
    0x9f, 0xff, 0xff, 0xf6, 0x0, 0x6f, 0xff, 0xf9,
    0x5f, 0xff, 0xff, 0x60, 0x6, 0xff, 0xff, 0xf5,
    0xe, 0xff, 0xfa, 0x0, 0x6f, 0xff, 0xff, 0xd0,
    0x4, 0xff, 0xfe, 0x27, 0xff, 0xff, 0xff, 0x40,
    0x0, 0x6f, 0xff, 0xff, 0xff, 0xff, 0xf6, 0x0,
    0x0, 0x4, 0xef, 0xff, 0xff, 0xfd, 0x40, 0x0,
    0x0, 0x0, 0x5, 0x9b, 0xb9, 0x50, 0x0, 0x0,

    /* U+F139 "" */
    0x0, 0x0, 0x6, 0xac, 0xca, 0x60, 0x0, 0x0,
    0x0, 0x5, 0xef, 0xff, 0xff, 0xfe, 0x50, 0x0,
    0x0, 0x8f, 0xff, 0xff, 0xff, 0xff, 0xf7, 0x0,
    0x5, 0xff, 0xff, 0xff, 0xff, 0xff, 0xff, 0x50,
    0xe, 0xff, 0xff, 0xf6, 0x6f, 0xff, 0xff, 0xe0,
    0x5f, 0xff, 0xff, 0x50, 0x5, 0xff, 0xff, 0xf5,
    0x9f, 0xff, 0xf5, 0x0, 0x0, 0x5f, 0xff, 0xf9,
    0xbf, 0xff, 0x50, 0x7, 0x70, 0x5, 0xff, 0xfb,
    0xbf, 0xf6, 0x0, 0x7f, 0xf7, 0x0, 0x6f, 0xfb,
    0x9f, 0xf3, 0x8, 0xff, 0xff, 0x80, 0x3f, 0xf9,
    0x4f, 0xfe, 0xbf, 0xff, 0xff, 0xfb, 0xef, 0xf4,
    0xd, 0xff, 0xff, 0xff, 0xff, 0xff, 0xff, 0xd0,
    0x4, 0xff, 0xff, 0xff, 0xff, 0xff, 0xff, 0x30,
    0x0, 0x5f, 0xff, 0xff, 0xff, 0xff, 0xf5, 0x0,
    0x0, 0x3, 0xdf, 0xff, 0xff, 0xfd, 0x30, 0x0,
    0x0, 0x0, 0x3, 0x8a, 0xa8, 0x30, 0x0, 0x0,

    /* U+F13A "" */
    0x0, 0x0, 0x3, 0x89, 0xa8, 0x30, 0x0, 0x0,
    0x0, 0x3, 0xdf, 0xff, 0xff, 0xfd, 0x30, 0x0,
    0x0, 0x5f, 0xff, 0xff, 0xff, 0xff, 0xf5, 0x0,
    0x3, 0xff, 0xff, 0xff, 0xff, 0xff, 0xff, 0x30,
    0xd, 0xff, 0xff, 0xff, 0xff, 0xff, 0xff, 0xd0,
    0x4f, 0xfe, 0xbf, 0xff, 0xff, 0xfb, 0xef, 0xf4,
    0x9f, 0xf3, 0x8, 0xff, 0xff, 0x80, 0x3f, 0xf9,
    0xbf, 0xf6, 0x0, 0x8f, 0xf8, 0x0, 0x6f, 0xfb,
    0xbf, 0xff, 0x50, 0x7, 0x70, 0x5, 0xff, 0xfb,
    0x9f, 0xff, 0xf5, 0x0, 0x0, 0x5f, 0xff, 0xf9,
    0x5f, 0xff, 0xff, 0x50, 0x5, 0xff, 0xff, 0xf5,
    0xe, 0xff, 0xff, 0xf6, 0x6f, 0xff, 0xff, 0xe0,
    0x5, 0xff, 0xff, 0xff, 0xff, 0xff, 0xff, 0x50,
    0x0, 0x8f, 0xff, 0xff, 0xff, 0xff, 0xf8, 0x0,
    0x0, 0x5, 0xef, 0xff, 0xff, 0xfe, 0x50, 0x0,
    0x0, 0x0, 0x6, 0xac, 0xca, 0x60, 0x0, 0x0,

    /* U+F13B "" */
    0xff, 0xff, 0xff, 0xff, 0xff, 0xff, 0xdf, 0xff,
    0xff, 0xff, 0xff, 0xfd, 0xcf, 0xa8, 0x88, 0x88,
    0x89, 0xfc, 0xbf, 0x50, 0x0, 0x0, 0x5, 0xfb,
    0x9f, 0x61, 0xff, 0xff, 0xff, 0xf9, 0x8f, 0x70,
    0x88, 0x88, 0x8c, 0xf8, 0x6f, 0x90, 0x0, 0x0,
    0x9, 0xf6, 0x5f, 0xec, 0xef, 0xfb, 0xb, 0xf5,
    0x4f, 0xc0, 0xbf, 0xfb, 0xc, 0xf3, 0x2f, 0xd0,
    0x4, 0x40, 0xe, 0xf2, 0x1f, 0xfa, 0x61, 0x16,
    0xaf, 0xf1, 0xf, 0xff, 0xff, 0xff, 0xff, 0xf0,
    0x7, 0xdf, 0xff, 0xff, 0xfd, 0x70, 0x0, 0x2,
    0x8d, 0xd8, 0x20, 0x0,

    /* U+F13C "" */
    0x0, 0xdf, 0xff, 0xff, 0xff, 0xff, 0xff, 0xe0,
    0xf, 0xff, 0xff, 0xff, 0xff, 0xff, 0xfb, 0x1,
    0x99, 0x99, 0x99, 0x99, 0x99, 0xef, 0x90, 0x0,
    0x0, 0x0, 0x0, 0x0, 0xf, 0xf6, 0x6, 0x99,
    0x99, 0x99, 0x99, 0x9a, 0xff, 0x30, 0xcf, 0xff,
    0xff, 0xff, 0xff, 0xff, 0xf0, 0xe, 0xff, 0xff,
    0xff, 0xff, 0xff, 0xfe, 0x0, 0x0, 0x0, 0x0,
    0x0, 0x0, 0xcf, 0xb0, 0x14, 0x40, 0x0, 0x0,
    0x0, 0xf, 0xf8, 0x8, 0xff, 0x0, 0x0, 0x0,
    0x2, 0xff, 0x50, 0xcf, 0xfc, 0x61, 0x0, 0x49,
    0xef, 0xf3, 0xd, 0xff, 0xff, 0xfb, 0xef, 0xff,
    0xfd, 0x0, 0x4, 0xbf, 0xff, 0xff, 0xfe, 0x82,
    0x0, 0x0, 0x0, 0x28, 0xef, 0xa4, 0x0, 0x0,
    0x0, 0x0, 0x0, 0x0, 0x0, 0x0, 0x0, 0x0,
    0x0,

    /* U+F13D "" */
    0x0, 0x0, 0x0, 0x0, 0x0, 0x0, 0x0, 0x0,
    0x0, 0x0, 0x0, 0x0, 0x0, 0x0, 0x8e, 0xe8,
    0x0, 0x0, 0x0, 0x0, 0x0, 0x0, 0x0, 0x8,
    0xff, 0xff, 0x80, 0x0, 0x0, 0x0, 0x0, 0x0,
    0x0, 0xe, 0xf3, 0x3f, 0xe0, 0x0, 0x0, 0x0,
    0x0, 0x0, 0x0, 0xe, 0xf3, 0x3f, 0xe0, 0x0,
    0x0, 0x0, 0x0, 0x0, 0x0, 0x8, 0xff, 0xff,
    0x80, 0x0, 0x0, 0x0, 0x0, 0x0, 0x0, 0x0,
    0x9f, 0xf9, 0x0, 0x0, 0x0, 0x0, 0x0, 0x0,
    0x0, 0xf, 0xff, 0xff, 0xf0, 0x0, 0x0, 0x0,
    0x0, 0x0, 0x0, 0xf, 0xff, 0xff, 0xf0, 0x0,
    0x0, 0x0, 0x0, 0x1b, 0x10, 0x0, 0xf, 0xf0,
    0x0, 0x1, 0xb1, 0x0, 0x1, 0xef, 0xd1, 0x0,
    0xf, 0xf0, 0x0, 0x1e, 0xfd, 0x10, 0xc, 0xff,
    0xfc, 0x0, 0xf, 0xf0, 0x0, 0xcf, 0xff, 0xc0,
    0x0, 0x6f, 0xc0, 0x0, 0xf, 0xf0, 0x0, 0xc,
    0xf6, 0x0, 0x0, 0x1e, 0xf9, 0x0, 0xf, 0xf0,
    0x0, 0x9f, 0xe1, 0x0, 0x0, 0x4, 0xff, 0xd7,
    0x2f, 0xf2, 0x7d, 0xff, 0x40, 0x0, 0x0, 0x0,
    0x3d, 0xff, 0xff, 0xff, 0xff, 0xd3, 0x0, 0x0,
    0x0, 0x0, 0x0, 0x5a, 0xdf, 0xfd, 0xa5, 0x0,
    0x0, 0x0,

    /* U+F13E "" */
    0x0, 0x0, 0x4b, 0xff, 0xb4, 0x0, 0x0, 0x0,
    0x6, 0xff, 0xff, 0xff, 0x60, 0x0, 0x0, 0x2f,
    0xff, 0x99, 0xff, 0xf2, 0x0, 0x0, 0x8f, 0xf3,
    0x0, 0x3f, 0xf9, 0x0, 0x0, 0xbf, 0xc0, 0x0,
    0xc, 0xfb, 0x0, 0x0, 0xcf, 0xc0, 0x0, 0x9,
    0xf9, 0x0, 0x0, 0xcf, 0xc0, 0x0, 0x0, 0x0,
    0x0, 0x0, 0xcf, 0xc0, 0x0, 0x0, 0x0, 0x0,
    0x8f, 0xff, 0xff, 0xff, 0xff, 0xff, 0xf8, 0xff,
    0xff, 0xff, 0xff, 0xff, 0xff, 0xff, 0xff, 0xff,
    0xfe, 0x22, 0xff, 0xff, 0xff, 0xff, 0xff, 0xfc,
    0x0, 0xcf, 0xff, 0xff, 0xff, 0xff, 0xfc, 0x0,
    0xcf, 0xff, 0xff, 0xff, 0xff, 0xfe, 0x22, 0xef,
    0xff, 0xff, 0xff, 0xff, 0xff, 0xff, 0xff, 0xff,
    0xff, 0x8f, 0xff, 0xff, 0xff, 0xff, 0xff, 0xf8,

    /* U+F140 "" */
    0x0, 0x0, 0x28, 0xbd, 0xc9, 0x40, 0x0, 0x0,
    0x0, 0x9, 0xff, 0xff, 0xff, 0xfc, 0x10, 0x0,
    0x0, 0xcf, 0xf9, 0x42, 0x37, 0xef, 0xe2, 0x0,
    0x9, 0xfe, 0x20, 0x0, 0x0, 0x1b, 0xfd, 0x0,
    0x3f, 0xf2, 0x4, 0xcf, 0xe9, 0x0, 0xdf, 0x70,
    0x9f, 0x80, 0x5f, 0xff, 0xff, 0xc0, 0x4f, 0xd0,
    0xdf, 0x30, 0xef, 0x81, 0x3d, 0xf7, 0xe, 0xf2,
    0xff, 0x2, 0xfd, 0x0, 0x5, 0xfb, 0xc, 0xf3,
    0xff, 0x3, 0xfd, 0x0, 0x5, 0xfb, 0xc, 0xf3,
    0xdf, 0x30, 0xef, 0x80, 0x3d, 0xf7, 0xe, 0xf2,
    0x9f, 0x80, 0x5f, 0xff, 0xff, 0xd0, 0x4f, 0xd0,
    0x3f, 0xf2, 0x4, 0xcf, 0xe9, 0x10, 0xdf, 0x70,
    0x9, 0xfe, 0x20, 0x0, 0x0, 0xb, 0xfd, 0x0,
    0x0, 0xcf, 0xf9, 0x42, 0x37, 0xef, 0xe2, 0x0,
    0x0, 0x9, 0xff, 0xff, 0xff, 0xfc, 0x10, 0x0,
    0x0, 0x0, 0x28, 0xcd, 0xc9, 0x40, 0x0, 0x0,

    /* U+F141 "" */
    0x1, 0x41, 0x0, 0x4, 0x40, 0x0, 0x14, 0x10,
    0x3f, 0xff, 0x30, 0xbf, 0xfa, 0x3, 0xff, 0xf3,
    0xbf, 0xff, 0xa3, 0xff, 0xff, 0x2b, 0xff, 0xfa,
    0xaf, 0xff, 0x92, 0xff, 0xff, 0x1a, 0xff, 0xf9,
    0x2d, 0xfd, 0x10, 0x8f, 0xf7, 0x2, 0xdf, 0xd1,
    0x0, 0x10, 0x0, 0x0, 0x0, 0x0, 0x1, 0x0,

    /* U+F142 "" */
    0x3, 0xcc, 0x40, 0xf, 0xff, 0xf1, 0x2f, 0xff,
    0xf3, 0xd, 0xff, 0xe0, 0x1, 0x88, 0x10, 0x0,
    0x44, 0x0, 0xa, 0xff, 0xb0, 0x2f, 0xff, 0xf3,
    0x1f, 0xff, 0xf2, 0x7, 0xff, 0x70, 0x0, 0x0,
    0x0, 0x1, 0x88, 0x10, 0xd, 0xff, 0xe0, 0x2f,
    0xff, 0xf3, 0xf, 0xff, 0xf1, 0x3, 0xcc, 0x40,

    /* U+F143 "" */
    0x8f, 0xff, 0xff, 0xff, 0xff, 0xff, 0xf8, 0xff,
    0xff, 0xff, 0xff, 0xff, 0xff, 0xff, 0xff, 0x12,
    0x5a, 0xff, 0xff, 0xff, 0xff, 0xff, 0x31, 0x0,
    0x1a, 0xff, 0xff, 0xff, 0xff, 0xff, 0xd6, 0x0,
    0x7f, 0xff, 0xff, 0xff, 0x46, 0xbf, 0xd2, 0x7,
    0xff, 0xff, 0xff, 0x0, 0x3, 0xde, 0x20, 0xaf,
    0xff, 0xff, 0xfc, 0x50, 0x1d, 0xd0, 0x1f, 0xff,
    0xff, 0xff, 0xf8, 0x3, 0xf6, 0xa, 0xff, 0xff,
    0x70, 0x7f, 0x50, 0xbd, 0x5, 0xff, 0xff, 0x0,
    0xf, 0xc0, 0x6f, 0x12, 0xff, 0xff, 0x70, 0x7f,
    0xf0, 0x4f, 0x31, 0xff, 0xff, 0xff, 0xff, 0xff,
    0xff, 0xff, 0xff, 0x8f, 0xff, 0xff, 0xff, 0xff,
    0xff, 0xf8,

    /* U+F144 "" */
    0x0, 0x0, 0x3, 0x79, 0x97, 0x30, 0x0, 0x0,
    0x0, 0x3, 0xcf, 0xff, 0xff, 0xfc, 0x30, 0x0,
    0x0, 0x5f, 0xff, 0xff, 0xff, 0xff, 0xf5, 0x0,
    0x3, 0xff, 0xff, 0xff, 0xff, 0xff, 0xff, 0x30,
    0xd, 0xff, 0xf2, 0x5e, 0xff, 0xff, 0xff, 0xd0,
    0x4f, 0xff, 0xf0, 0x0, 0x8f, 0xff, 0xff, 0xf4,
    0x9f, 0xff, 0xf0, 0x0, 0x2, 0xcf, 0xff, 0xf9,
    0xbf, 0xff, 0xf0, 0x0, 0x0, 0x6, 0xff, 0xfb,
    0xbf, 0xff, 0xf0, 0x0, 0x0, 0x3, 0xff, 0xfb,
    0x9f, 0xff, 0xf0, 0x0, 0x1, 0x9f, 0xff, 0xf9,
    0x5f, 0xff, 0xf0, 0x0, 0x7f, 0xff, 0xff, 0xf5,
    0xe, 0xff, 0xf2, 0x4d, 0xff, 0xff, 0xff, 0xe0,
    0x5, 0xff, 0xff, 0xff, 0xff, 0xff, 0xff, 0x50,
    0x0, 0x8f, 0xff, 0xff, 0xff, 0xff, 0xf8, 0x0,
    0x0, 0x6, 0xff, 0xff, 0xff, 0xff, 0x60, 0x0,
    0x0, 0x0, 0x16, 0xbd, 0xdb, 0x61, 0x0, 0x0,

    /* U+F146 "" */
    0x8f, 0xff, 0xff, 0xff, 0xff, 0xff, 0xf8, 0xff,
    0xff, 0xff, 0xff, 0xff, 0xff, 0xff, 0xff, 0xff,
    0xff, 0xff, 0xff, 0xff, 0xff, 0xff, 0xff, 0xff,
    0xff, 0xff, 0xff, 0xff, 0xff, 0xff, 0xff, 0xff,
    0xff, 0xff, 0xff, 0xff, 0xec, 0xcc, 0xcc, 0xcc,
    0xce, 0xff, 0xff, 0x80, 0x0, 0x0, 0x0, 0x8,
    0xff, 0xff, 0x80, 0x0, 0x0, 0x0, 0x8, 0xff,
    0xff, 0xec, 0xcc, 0xcc, 0xcc, 0xce, 0xff, 0xff,
    0xff, 0xff, 0xff, 0xff, 0xff, 0xff, 0xff, 0xff,
    0xff, 0xff, 0xff, 0xff, 0xff, 0xff, 0xff, 0xff,
    0xff, 0xff, 0xff, 0xff, 0xff, 0xff, 0xff, 0xff,
    0xff, 0xff, 0xff, 0x8f, 0xff, 0xff, 0xff, 0xff,
    0xff, 0xf8,

    /* U+F14A "" */
    0x8f, 0xff, 0xff, 0xff, 0xff, 0xff, 0xf8, 0xff,
    0xff, 0xff, 0xff, 0xff, 0xff, 0xff, 0xff, 0xff,
    0xff, 0xff, 0xff, 0xff, 0xff, 0xff, 0xff, 0xff,
    0xff, 0xff, 0xce, 0xff, 0xff, 0xff, 0xff, 0xff,
    0xfb, 0x3, 0xff, 0xff, 0xff, 0xff, 0xff, 0xb0,
    0x7, 0xff, 0xff, 0x95, 0xff, 0xfb, 0x0, 0x7f,
    0xff, 0xff, 0x20, 0x4f, 0xb0, 0x7, 0xff, 0xff,
    0xff, 0xd1, 0x3, 0x0, 0x7f, 0xff, 0xff, 0xff,
    0xfd, 0x10, 0x7, 0xff, 0xff, 0xff, 0xff, 0xff,
    0xd1, 0x7f, 0xff, 0xff, 0xff, 0xff, 0xff, 0xff,
    0xff, 0xff, 0xff, 0xff, 0xff, 0xff, 0xff, 0xff,
    0xff, 0xff, 0xff, 0x8f, 0xff, 0xff, 0xff, 0xff,
    0xff, 0xf8,

    /* U+F14B "" */
    0x8f, 0xff, 0xff, 0xff, 0xff, 0xff, 0xf8, 0xff,
    0xff, 0xff, 0xff, 0xff, 0xff, 0xff, 0xff, 0xff,
    0xff, 0xff, 0xff, 0xff, 0xff, 0xff, 0xff, 0xff,
    0xff, 0x82, 0xcf, 0xff, 0xff, 0xff, 0xff, 0xfb,
    0x50, 0x2f, 0xff, 0xff, 0xff, 0xff, 0x70, 0x55,
    0x8f, 0xff, 0xff, 0xff, 0xf7, 0x0, 0xb, 0xff,
    0xff, 0xff, 0xff, 0x70, 0x0, 0x7f, 0xff, 0xff,
    0xff, 0xf8, 0x0, 0x7, 0xff, 0xff, 0xff, 0xff,
    0xf1, 0x0, 0x7f, 0xff, 0xff, 0xff, 0xff, 0xf1,
    0x18, 0xff, 0xff, 0xff, 0xff, 0xff, 0xff, 0xff,
    0xff, 0xff, 0xff, 0xff, 0xff, 0xff, 0xff, 0xff,
    0xff, 0xff, 0xff, 0x8f, 0xff, 0xff, 0xff, 0xff,
    0xff, 0xf8,

    /* U+F14D "" */
    0x0, 0x0, 0x0, 0x0, 0x0, 0x0, 0x0, 0x0,
    0x0, 0x0, 0x0, 0x0, 0x0, 0x0, 0x0, 0xd8,
    0x0, 0x0, 0x0, 0x0, 0x0, 0x0, 0x0, 0x0,
    0xff, 0x90, 0x0, 0x8f, 0xff, 0xf7, 0x0, 0x0,
    0x0, 0xff, 0xfa, 0x0, 0xff, 0xff, 0x50, 0x27,
    0xad, 0xff, 0xff, 0xff, 0xb0, 0xff, 0x0, 0x8,
    0xff, 0xff, 0xff, 0xff, 0xff, 0xfb, 0xff, 0x0,
    0x6f, 0xff, 0xff, 0xff, 0xff, 0xff, 0xfb, 0xff,
    0x0, 0xef, 0xff, 0xff, 0xff, 0xff, 0xff, 0xb0,
    0xff, 0x2, 0xff, 0xfe, 0x73, 0x10, 0xff, 0xfa,
    0x0, 0xff, 0x3, 0xff, 0xe1, 0x0, 0x0, 0xff,
    0x90, 0x0, 0xff, 0x1, 0xff, 0x90, 0x0, 0x0,
    0xd8, 0x0, 0x0, 0xff, 0x0, 0xbf, 0x80, 0x0,
    0x0, 0x0, 0x0, 0x0, 0xff, 0x0, 0x3f, 0xa0,
    0x0, 0x0, 0x79, 0x0, 0x0, 0xff, 0x0, 0x5,
    0xc0, 0x0, 0x0, 0xff, 0x0, 0x0, 0xff, 0x0,
    0x0, 0x0, 0x0, 0x0, 0xff, 0x0, 0x0, 0xff,
    0xff, 0xff, 0xff, 0xff, 0xff, 0xff, 0x0, 0x0,
    0x8f, 0xff, 0xff, 0xff, 0xff, 0xff, 0xf8, 0x0,
    0x0,

    /* U+F14E "" */
    0x0, 0x0, 0x16, 0xab, 0xa8, 0x30, 0x0, 0x0,
    0x0, 0x7, 0xff, 0xff, 0xff, 0xfc, 0x20, 0x0,
    0x0, 0xaf, 0xff, 0xff, 0xff, 0xff, 0xf3, 0x0,
    0x8, 0xff, 0xff, 0xff, 0xff, 0xff, 0xfe, 0x20,
    0x2f, 0xff, 0xff, 0xff, 0xfb, 0x36, 0xff, 0xa0,
    0x8f, 0xff, 0xff, 0xf9, 0x20, 0x9, 0xff, 0xf1,
    0xdf, 0xff, 0xfe, 0x20, 0x0, 0x1f, 0xff, 0xf5,
    0xff, 0xff, 0xf7, 0x1e, 0x80, 0x8f, 0xff, 0xf7,
    0xff, 0xff, 0xf1, 0x1e, 0x80, 0xef, 0xff, 0xf7,
    0xdf, 0xff, 0x80, 0x0, 0x8, 0xff, 0xff, 0xf5,
    0x8f, 0xff, 0x10, 0x6, 0xdf, 0xff, 0xff, 0xf1,
    0x2f, 0xfd, 0x17, 0xef, 0xff, 0xff, 0xff, 0xa0,
    0x8, 0xff, 0xff, 0xff, 0xff, 0xff, 0xfe, 0x20,
    0x0, 0xaf, 0xff, 0xff, 0xff, 0xff, 0xf3, 0x0,
    0x0, 0x7, 0xff, 0xff, 0xff, 0xfc, 0x20, 0x0,
    0x0, 0x0, 0x16, 0xab, 0xa8, 0x30, 0x0, 0x0,

    /* U+F150 "" */
    0x8f, 0xff, 0xff, 0xff, 0xff, 0xff, 0xf8, 0xff,
    0xff, 0xff, 0xff, 0xff, 0xff, 0xff, 0xff, 0xff,
    0xff, 0xff, 0xff, 0xff, 0xff, 0xff, 0xff, 0xff,
    0xff, 0xff, 0xff, 0xff, 0xff, 0xff, 0xff, 0xff,
    0xff, 0xff, 0xff, 0xff, 0xe4, 0x44, 0x44, 0x44,
    0x4e, 0xff, 0xff, 0xf8, 0x0, 0x0, 0x0, 0x7f,
    0xff, 0xff, 0xff, 0x80, 0x0, 0x7, 0xff, 0xff,
    0xff, 0xff, 0xf8, 0x0, 0x7f, 0xff, 0xff, 0xff,
    0xff, 0xff, 0x88, 0xff, 0xff, 0xff, 0xff, 0xff,
    0xff, 0xff, 0xff, 0xff, 0xff, 0xff, 0xff, 0xff,
    0xff, 0xff, 0xff, 0xff, 0xff, 0xff, 0xff, 0xff,
    0xff, 0xff, 0xff, 0x8f, 0xff, 0xff, 0xff, 0xff,
    0xff, 0xf8,

    /* U+F151 "" */
    0x8f, 0xff, 0xff, 0xff, 0xff, 0xff, 0xf8, 0xff,
    0xff, 0xff, 0xff, 0xff, 0xff, 0xff, 0xff, 0xff,
    0xff, 0xff, 0xff, 0xff, 0xff, 0xff, 0xff, 0xff,
    0xff, 0xff, 0xff, 0xff, 0xff, 0xff, 0xff, 0x88,
    0xff, 0xff, 0xff, 0xff, 0xff, 0xf7, 0x0, 0x8f,
    0xff, 0xff, 0xff, 0xff, 0x70, 0x0, 0x8, 0xff,
    0xff, 0xff, 0xf7, 0x0, 0x0, 0x0, 0x8f, 0xff,
    0xff, 0xe4, 0x44, 0x44, 0x44, 0x4e, 0xff, 0xff,
    0xff, 0xff, 0xff, 0xff, 0xff, 0xff, 0xff, 0xff,
    0xff, 0xff, 0xff, 0xff, 0xff, 0xff, 0xff, 0xff,
    0xff, 0xff, 0xff, 0xff, 0xff, 0xff, 0xff, 0xff,
    0xff, 0xff, 0xff, 0x8f, 0xff, 0xff, 0xff, 0xff,
    0xff, 0xf8,

    /* U+F152 "" */
    0x8f, 0xff, 0xff, 0xff, 0xff, 0xff, 0xf8, 0xff,
    0xff, 0xff, 0xff, 0xff, 0xff, 0xff, 0xff, 0xff,
    0xfe, 0xff, 0xff, 0xff, 0xff, 0xff, 0xff, 0xf4,
    0x8f, 0xff, 0xff, 0xff, 0xff, 0xff, 0xf4, 0x8,
    0xff, 0xff, 0xff, 0xff, 0xff, 0xf4, 0x0, 0x8f,
    0xff, 0xff, 0xff, 0xff, 0xf4, 0x0, 0x8, 0xff,
    0xff, 0xff, 0xff, 0xf4, 0x0, 0x8, 0xff, 0xff,
    0xff, 0xff, 0xf4, 0x0, 0x7f, 0xff, 0xff, 0xff,
    0xff, 0xf4, 0x7, 0xff, 0xff, 0xff, 0xff, 0xff,
    0xf4, 0x7f, 0xff, 0xff, 0xff, 0xff, 0xff, 0xfe,
    0xff, 0xff, 0xff, 0xff, 0xff, 0xff, 0xff, 0xff,
    0xff, 0xff, 0xff, 0x8f, 0xff, 0xff, 0xff, 0xff,
    0xff, 0xf8,

    /* U+F153 "" */
    0x0, 0x0, 0x29, 0xdf, 0xe9, 0x0, 0x0, 0x7f,
    0xff, 0xff, 0x80, 0x0, 0x7f, 0xfc, 0x53, 0x31,
    0x0, 0x2f, 0xfb, 0x0, 0x0, 0x0, 0x8c, 0xff,
    0xa8, 0x88, 0x50, 0xf, 0xff, 0xff, 0xff, 0xf9,
    0x0, 0x1f, 0xfa, 0x22, 0x22, 0x0, 0x7, 0xff,
    0xc8, 0x88, 0x70, 0x0, 0xff, 0xff, 0xff, 0xff,
    0x0, 0x1, 0x9f, 0xf5, 0x22, 0x10, 0x0, 0x2,
    0xff, 0xd1, 0x0, 0x0, 0x0, 0x7, 0xff, 0xe7,
    0x34, 0x30, 0x0, 0x8, 0xff, 0xff, 0xfd, 0x0,
    0x0, 0x3, 0x9d, 0xfe, 0xb0,

    /* U+F154 "" */
    0x0, 0x6, 0xcf, 0xfb, 0x40, 0x0, 0x9f, 0xff,
    0xff, 0xf1, 0x3, 0xff, 0xc4, 0x5b, 0x60, 0x7,
    0xff, 0x10, 0x0, 0x0, 0x8, 0xff, 0x0, 0x0,
    0x0, 0x8, 0xff, 0x0, 0x0, 0x0, 0xbf, 0xff,
    0xff, 0xf0, 0x0, 0xbf, 0xff, 0xff, 0xf0, 0x0,
    0x8, 0xff, 0x0, 0x0, 0x0, 0x8, 0xff, 0x0,
    0x0, 0x0, 0x8, 0xff, 0x0, 0x2, 0xff, 0x8,
    0xff, 0x0, 0x2, 0xff, 0xff, 0xff, 0xff, 0xff,
    0xff, 0xff, 0xff, 0xff, 0xff, 0xff,

    /* U+F155 "" */
    0x0, 0x0, 0xaf, 0x30, 0x0, 0x0, 0x0, 0xb,
    0xf4, 0x0, 0x0, 0x0, 0x8e, 0xff, 0xfc, 0x50,
    0x0, 0x9f, 0xff, 0xff, 0xff, 0x10, 0x1f, 0xfd,
    0x88, 0x8c, 0x40, 0x3, 0xff, 0x50, 0x0, 0x0,
    0x0, 0xf, 0xfe, 0x83, 0x0, 0x0, 0x0, 0x6f,
    0xff, 0xfe, 0x91, 0x0, 0x0, 0x4c, 0xff, 0xff,
    0xe1, 0x0, 0x0, 0x1, 0x5a, 0xff, 0x90, 0x0,
    0x0, 0x0, 0xc, 0xfc, 0x0, 0x9, 0xb8, 0x88,
    0xff, 0xa0, 0x7, 0xff, 0xff, 0xff, 0xf2, 0x0,
    0x19, 0xdf, 0xff, 0xb3, 0x0, 0x0, 0x0, 0xbf,
    0x40, 0x0, 0x0, 0x0, 0xa, 0xf3, 0x0, 0x0,

    /* U+F156 "" */
    0xff, 0xff, 0xff, 0xff, 0xff, 0xff, 0xff, 0xff,
    0xff, 0xff, 0x22, 0x23, 0xaf, 0xf8, 0x0, 0xff,
    0xff, 0xff, 0xff, 0xff, 0xff, 0xff, 0xff, 0xff,
    0xff, 0x0, 0x0, 0xd, 0xfe, 0x0, 0x22, 0x23,
    0xaf, 0xf9, 0x0, 0xff, 0xff, 0xff, 0xd1, 0x0,
    0xff, 0xff, 0xe9, 0x10, 0x0, 0x7f, 0xff, 0x40,
    0x0, 0x0, 0x6, 0xff, 0xf5, 0x0, 0x0, 0x0,
    0x5f, 0xff, 0x60, 0x0, 0x0, 0x4, 0xff, 0xf7,
    0x0, 0x0, 0x0, 0x3e, 0xff, 0x50,

    /* U+F157 "" */
    0x3f, 0xf8, 0x0, 0x0, 0x8f, 0xf3, 0xc, 0xff,
    0x10, 0x1, 0xff, 0xc0, 0x4, 0xff, 0x80, 0x8,
    0xff, 0x40, 0x0, 0xbf, 0xf0, 0xf, 0xfb, 0x0,
    0x0, 0x3f, 0xf6, 0x6f, 0xf3, 0x0, 0xb, 0xcf,
    0xfc, 0xcf, 0xfc, 0xb0, 0xf, 0xff, 0xff, 0xff,
    0xff, 0xf0, 0x0, 0x0, 0x9f, 0xf9, 0x0, 0x0,
    0x0, 0x0, 0x4f, 0xf4, 0x0, 0x0, 0xf, 0xff,
    0xff, 0xff, 0xff, 0xf0, 0xb, 0xcc, 0xdf, 0xfd,
    0xcc, 0xb0, 0x0, 0x0, 0x4f, 0xf4, 0x0, 0x0,
    0x0, 0x0, 0x4f, 0xf4, 0x0, 0x0, 0x0, 0x0,
    0x3f, 0xf3, 0x0, 0x0,

    /* U+F158 "" */
    0x0, 0xff, 0xff, 0xff, 0xe9, 0x10, 0x0, 0xff,
    0xff, 0xff, 0xff, 0xd1, 0x0, 0xff, 0xa2, 0x23,
    0xaf, 0xf9, 0x0, 0xff, 0x90, 0x0, 0xd, 0xfe,
    0x0, 0xff, 0x90, 0x0, 0xa, 0xff, 0x0, 0xff,
    0x90, 0x0, 0xd, 0xfe, 0x22, 0xff, 0xa2, 0x23,
    0xaf, 0xf8, 0xff, 0xff, 0xff, 0xff, 0xff, 0xd1,
    0xff, 0xff, 0xff, 0xff, 0xe9, 0x10, 0x0, 0xff,
    0x90, 0x0, 0x0, 0x0, 0xff, 0xff, 0xff, 0xff,
    0xff, 0x0, 0xff, 0xff, 0xff, 0xff, 0xff, 0x0,
    0x0, 0xff, 0x90, 0x0, 0x0, 0x0, 0x0, 0xff,
    0x80, 0x0, 0x0, 0x0,

    /* U+F159 "" */
    0x9, 0xf6, 0x0, 0x1, 0xff, 0x10, 0x0, 0x7f,
    0x90, 0x7, 0xf9, 0x0, 0x5, 0xff, 0x40, 0x0,
    0xaf, 0x70, 0x3, 0xfc, 0x0, 0x9, 0xff, 0x80,
    0x0, 0xdf, 0x30, 0xff, 0xff, 0xff, 0xff, 0xff,
    0xff, 0xff, 0xff, 0xff, 0xff, 0xff, 0xff, 0xff,
    0xff, 0xff, 0xff, 0xff, 0xff, 0x0, 0x9f, 0x60,
    0x4f, 0xab, 0xf3, 0x7, 0xf8, 0x0, 0xff, 0xff,
    0xff, 0xff, 0xff, 0xff, 0xff, 0xff, 0xff, 0xff,
    0xff, 0xff, 0xff, 0xff, 0xff, 0xff, 0xff, 0xff,
    0x0, 0xe, 0xf1, 0xff, 0x1, 0xfe, 0x1f, 0xd0,
    0x0, 0x0, 0xa, 0xf7, 0xfb, 0x0, 0xdf, 0x7f,
    0x90, 0x0, 0x0, 0x7, 0xfc, 0xf8, 0x0, 0x9f,
    0xcf, 0x60, 0x0, 0x0, 0x3, 0xff, 0xf4, 0x0,
    0x5f, 0xff, 0x20, 0x0, 0x0, 0x0, 0xff, 0xf1,
    0x0, 0x2f, 0xfe, 0x0, 0x0, 0x0, 0x0, 0xbf,
    0xc0, 0x0, 0xe, 0xfa, 0x0, 0x0,

    /* U+F15A "" */
    0x0, 0x2, 0x10, 0x21, 0x0, 0x0, 0x0, 0x0,
    0xda, 0x1f, 0x70, 0x0, 0x0, 0x0, 0xd, 0xa1,
    0xf7, 0x0, 0x0, 0x9, 0xbb, 0xfe, 0xcf, 0xd8,
    0x20, 0x0, 0xdf, 0xff, 0xff, 0xff, 0xff, 0x50,
    0x0, 0x1f, 0xfb, 0x1, 0x6f, 0xfd, 0x0, 0x0,
    0xef, 0xb0, 0x0, 0xcf, 0xe0, 0x0, 0xe, 0xfb,
    0x0, 0x1e, 0xfa, 0x0, 0x0, 0xef, 0xeb, 0xcf,
    0xff, 0x30, 0x0, 0xe, 0xff, 0xdd, 0xff, 0xff,
    0x40, 0x0, 0xef, 0xb0, 0x0, 0x9f, 0xfc, 0x0,
    0xe, 0xfb, 0x0, 0x2, 0xff, 0xd0, 0x0, 0xff,
    0xb0, 0x2, 0xaf, 0xf9, 0x9, 0xff, 0xff, 0xef,
    0xff, 0xfe, 0x20, 0xbe, 0xef, 0xfe, 0xfe, 0xb7,
    0x10, 0x0, 0x0, 0xda, 0x1f, 0x70, 0x0, 0x0,
    0x0, 0xd, 0xa1, 0xf7, 0x0, 0x0, 0x0,

    /* U+F15B "" */
    0xdf, 0xff, 0xff, 0xf0, 0xd1, 0x0, 0xff, 0xff,
    0xff, 0xf0, 0xfd, 0x10, 0xff, 0xff, 0xff, 0xf0,
    0xff, 0xd1, 0xff, 0xff, 0xff, 0xf0, 0xff, 0xfd,
    0xff, 0xff, 0xff, 0xf2, 0x0, 0x0, 0xff, 0xff,
    0xff, 0xff, 0xff, 0xff, 0xff, 0xff, 0xff, 0xff,
    0xff, 0xff, 0xff, 0xff, 0xff, 0xff, 0xff, 0xff,
    0xff, 0xff, 0xff, 0xff, 0xff, 0xff, 0xff, 0xff,
    0xff, 0xff, 0xff, 0xff, 0xff, 0xff, 0xff, 0xff,
    0xff, 0xff, 0xff, 0xff, 0xff, 0xff, 0xff, 0xff,
    0xff, 0xff, 0xff, 0xff, 0xff, 0xff, 0xff, 0xff,
    0xff, 0xff, 0xff, 0xff, 0xff, 0xff, 0xff, 0xff,
    0xff, 0xff, 0xdf, 0xff, 0xff, 0xff, 0xff, 0xfd,

    /* U+F15C "" */
    0xdf, 0xff, 0xff, 0xf0, 0xd1, 0x0, 0xff, 0xff,
    0xff, 0xf0, 0xfd, 0x10, 0xff, 0xff, 0xff, 0xf0,
    0xff, 0xd1, 0xff, 0xff, 0xff, 0xf0, 0xff, 0xfd,
    0xff, 0xff, 0xff, 0xf2, 0x0, 0x0, 0xff, 0xff,
    0xff, 0xff, 0xff, 0xff, 0xff, 0xff, 0xff, 0xff,
    0xff, 0xff, 0xff, 0xf1, 0x0, 0x0, 0x1f, 0xff,
    0xff, 0xff, 0xff, 0xff, 0xff, 0xff, 0xff, 0xf1,
    0x0, 0x0, 0x1f, 0xff, 0xff, 0xff, 0xff, 0xff,
    0xff, 0xff, 0xff, 0xf1, 0x0, 0x0, 0x1f, 0xff,
    0xff, 0xff, 0xff, 0xff, 0xff, 0xff, 0xff, 0xff,
    0xff, 0xff, 0xff, 0xff, 0xff, 0xff, 0xff, 0xff,
    0xff, 0xff, 0xdf, 0xff, 0xff, 0xff, 0xff, 0xfd,

    /* U+F15D "" */
    0x0, 0xe, 0xe0, 0x0, 0x0, 0x2f, 0xf2, 0x0,
    0x0, 0xff, 0x0, 0x0, 0x8, 0xff, 0x80, 0x0,
    0xf, 0xf0, 0x0, 0x0, 0xed, 0xde, 0x0, 0x0,
    0xff, 0x0, 0x0, 0x4f, 0xcc, 0xf4, 0x0, 0xf,
    0xf0, 0x0, 0xa, 0xff, 0xff, 0xa0, 0x0, 0xff,
    0x0, 0x0, 0xec, 0x44, 0xce, 0x0, 0xf, 0xf0,
    0x0, 0x0, 0x0, 0x0, 0x0, 0x0, 0xff, 0x0,
    0x0, 0x0, 0x0, 0x0, 0x0, 0xf, 0xf0, 0x0,
    0x6, 0xff, 0xff, 0x60, 0x0, 0xff, 0x0, 0x0,
    0x6f, 0xff, 0xf5, 0xe, 0xff, 0xff, 0xe0, 0x0,
    0xa, 0xf8, 0x0, 0x4f, 0xff, 0xf4, 0x0, 0x8,
    0xfa, 0x0, 0x0, 0x7f, 0xf7, 0x0, 0x5, 0xff,
    0xff, 0x60, 0x0, 0x99, 0x0, 0x0, 0x6f, 0xff,
    0xf6,

    /* U+F15E "" */
    0x0, 0x9, 0x90, 0x0, 0x0, 0x2f, 0xf2, 0x0,
    0x7, 0xff, 0x70, 0x0, 0x8, 0xff, 0x80, 0x4,
    0xff, 0xff, 0x40, 0x0, 0xed, 0xde, 0x0, 0xef,
    0xff, 0xfe, 0x0, 0x4f, 0xcc, 0xf4, 0x0, 0xf,
    0xf0, 0x0, 0xa, 0xff, 0xff, 0xa0, 0x0, 0xff,
    0x0, 0x0, 0xec, 0x44, 0xce, 0x0, 0xf, 0xf0,
    0x0, 0x0, 0x0, 0x0, 0x0, 0x0, 0xff, 0x0,
    0x0, 0x0, 0x0, 0x0, 0x0, 0xf, 0xf0, 0x0,
    0x6, 0xff, 0xff, 0x60, 0x0, 0xff, 0x0, 0x0,
    0x6f, 0xff, 0xf5, 0x0, 0xf, 0xf0, 0x0, 0x0,
    0xa, 0xf8, 0x0, 0x0, 0xff, 0x0, 0x0, 0x8,
    0xfa, 0x0, 0x0, 0xf, 0xf0, 0x0, 0x5, 0xff,
    0xff, 0x60, 0x0, 0xee, 0x0, 0x0, 0x6f, 0xff,
    0xf6,

    /* U+F160 "" */
    0x0, 0xe, 0xe0, 0x0, 0xef, 0xff, 0xff, 0xff,
    0xe0, 0x0, 0xff, 0x0, 0xe, 0xff, 0xff, 0xff,
    0xfe, 0x0, 0xf, 0xf0, 0x0, 0x0, 0x0, 0x0,
    0x0, 0x0, 0x0, 0xff, 0x0, 0x0, 0x0, 0x0,
    0x0, 0x0, 0x0, 0xf, 0xf0, 0x0, 0xef, 0xff,
    0xff, 0xe0, 0x0, 0x0, 0xff, 0x0, 0xe, 0xff,
    0xff, 0xfe, 0x0, 0x0, 0xf, 0xf0, 0x0, 0x0,
    0x0, 0x0, 0x0, 0x0, 0x0, 0xff, 0x0, 0x0,
    0x0, 0x0, 0x0, 0x0, 0x0, 0xf, 0xf0, 0x0,
    0xef, 0xff, 0xe0, 0x0, 0x0, 0x0, 0xff, 0x0,
    0xe, 0xff, 0xfe, 0x0, 0x0, 0xe, 0xff, 0xff,
    0xe0, 0x0, 0x0, 0x0, 0x0, 0x0, 0x4f, 0xff,
    0xf4, 0x0, 0x0, 0x0, 0x0, 0x0, 0x0, 0x7f,
    0xf7, 0x0, 0xef, 0xe0, 0x0, 0x0, 0x0, 0x0,
    0x99, 0x0, 0xe, 0xfe, 0x0, 0x0, 0x0,

    /* U+F161 "" */
    0x0, 0x9, 0x90, 0x0, 0xef, 0xff, 0xff, 0xff,
    0xe0, 0x7, 0xff, 0x70, 0xe, 0xff, 0xff, 0xff,
    0xfe, 0x4, 0xff, 0xff, 0x40, 0x0, 0x0, 0x0,
    0x0, 0x0, 0xef, 0xff, 0xfe, 0x0, 0x0, 0x0,
    0x0, 0x0, 0x0, 0xf, 0xf0, 0x0, 0xef, 0xff,
    0xff, 0xe0, 0x0, 0x0, 0xff, 0x0, 0xe, 0xff,
    0xff, 0xfe, 0x0, 0x0, 0xf, 0xf0, 0x0, 0x0,
    0x0, 0x0, 0x0, 0x0, 0x0, 0xff, 0x0, 0x0,
    0x0, 0x0, 0x0, 0x0, 0x0, 0xf, 0xf0, 0x0,
    0xef, 0xff, 0xe0, 0x0, 0x0, 0x0, 0xff, 0x0,
    0xe, 0xff, 0xfe, 0x0, 0x0, 0x0, 0xf, 0xf0,
    0x0, 0x0, 0x0, 0x0, 0x0, 0x0, 0x0, 0xff,
    0x0, 0x0, 0x0, 0x0, 0x0, 0x0, 0x0, 0xf,
    0xf0, 0x0, 0xef, 0xe0, 0x0, 0x0, 0x0, 0x0,
    0xee, 0x0, 0xe, 0xfe, 0x0, 0x0, 0x0,

    /* U+F162 "" */
    0x0, 0xe, 0xe0, 0x0, 0x0, 0x8f, 0xe0, 0x0,
    0x0, 0xff, 0x0, 0x0, 0xe, 0xff, 0x0, 0x0,
    0xf, 0xf0, 0x0, 0x0, 0xf, 0xf0, 0x0, 0x0,
    0xff, 0x0, 0x0, 0x0, 0xff, 0x0, 0x0, 0xf,
    0xf0, 0x0, 0x0, 0xef, 0xfe, 0x0, 0x0, 0xff,
    0x0, 0x0, 0xe, 0xff, 0xe0, 0x0, 0xf, 0xf0,
    0x0, 0x0, 0x0, 0x0, 0x0, 0x0, 0xff, 0x0,
    0x0, 0x7, 0xee, 0x70, 0x0, 0xf, 0xf0, 0x0,
    0x4, 0xff, 0xff, 0x30, 0x0, 0xff, 0x0, 0x0,
    0x7f, 0x77, 0xf7, 0xe, 0xff, 0xff, 0xe0, 0x3,
    0xff, 0xff, 0x70, 0x4f, 0xff, 0xf4, 0x0, 0x6,
    0xef, 0xf3, 0x0, 0x7f, 0xf7, 0x0, 0x0, 0x1d,
    0xfb, 0x0, 0x0, 0x99, 0x0, 0x0, 0x0, 0xd9,
    0x0, 0x0, 0x0, 0x0, 0x0, 0x0, 0x0, 0x0,
    0x0,

    /* U+F163 "" */
    0x0, 0x9, 0x90, 0x0, 0x0, 0x8f, 0xe0, 0x0,
    0x7, 0xff, 0x70, 0x0, 0xe, 0xff, 0x0, 0x4,
    0xff, 0xff, 0x40, 0x0, 0xf, 0xf0, 0x0, 0xef,
    0xff, 0xfe, 0x0, 0x0, 0xff, 0x0, 0x0, 0xf,
    0xf0, 0x0, 0x0, 0xef, 0xfe, 0x0, 0x0, 0xff,
    0x0, 0x0, 0xe, 0xff, 0xe0, 0x0, 0xf, 0xf0,
    0x0, 0x0, 0x0, 0x0, 0x0, 0x0, 0xff, 0x0,
    0x0, 0x6, 0xee, 0x70, 0x0, 0xf, 0xf0, 0x0,
    0x4, 0xff, 0xff, 0x30, 0x0, 0xff, 0x0, 0x0,
    0x7f, 0x77, 0xf7, 0x0, 0xf, 0xf0, 0x0, 0x3,
    0xff, 0xff, 0x70, 0x0, 0xff, 0x0, 0x0, 0x6,
    0xef, 0xf3, 0x0, 0xf, 0xf0, 0x0, 0x0, 0x1d,
    0xfb, 0x0, 0x0, 0xee, 0x0, 0x0, 0x0, 0xd9,
    0x0, 0x0, 0x0, 0x0, 0x0, 0x0, 0x0, 0x0,
    0x0,

    /* U+F164 "" */
    0x0, 0x0, 0x0, 0x0, 0xc, 0xd4, 0x0, 0x0,
    0x0, 0x0, 0x0, 0x0, 0x3f, 0xfd, 0x0, 0x0,
    0x0, 0x0, 0x0, 0x0, 0x8f, 0xff, 0x0, 0x0,
    0x0, 0x0, 0x0, 0x1, 0xef, 0xfc, 0x0, 0x0,
    0x0, 0x0, 0x0, 0xc, 0xff, 0xf6, 0x0, 0x0,
    0x0, 0x0, 0x0, 0x8f, 0xff, 0xf8, 0x88, 0x60,
    0x0, 0x0, 0x4, 0xff, 0xff, 0xff, 0xff, 0xfb,
    0xdf, 0xfd, 0xf, 0xff, 0xff, 0xff, 0xff, 0xff,
    0xff, 0xff, 0xf, 0xff, 0xff, 0xff, 0xff, 0xfa,
    0xff, 0xff, 0xf, 0xff, 0xff, 0xff, 0xff, 0xf8,
    0xff, 0xff, 0xf, 0xff, 0xff, 0xff, 0xff, 0xf7,
    0xff, 0xff, 0xf, 0xff, 0xff, 0xff, 0xff, 0xf2,
    0xff, 0xff, 0xf, 0xff, 0xff, 0xff, 0xff, 0xf1,
    0xf9, 0x9f, 0xf, 0xff, 0xff, 0xff, 0xff, 0xb0,
    0xf9, 0x9f, 0x7, 0xcf, 0xff, 0xff, 0xff, 0x90,
    0xdf, 0xfd, 0x0, 0x2, 0x8d, 0xff, 0xea, 0x10,

    /* U+F165 "" */
    0x0, 0x0, 0x0, 0x2, 0x8d, 0xff, 0xea, 0x10,
    0xdf, 0xfd, 0x7, 0xcf, 0xff, 0xff, 0xff, 0x90,
    0xff, 0xff, 0xf, 0xff, 0xff, 0xff, 0xff, 0xb0,
    0xff, 0xff, 0xf, 0xff, 0xff, 0xff, 0xff, 0xf1,
    0xff, 0xff, 0xf, 0xff, 0xff, 0xff, 0xff, 0xf2,
    0xff, 0xff, 0xf, 0xff, 0xff, 0xff, 0xff, 0xf7,
    0xff, 0xff, 0xf, 0xff, 0xff, 0xff, 0xff, 0xf8,
    0xf9, 0x9f, 0xf, 0xff, 0xff, 0xff, 0xff, 0xfa,
    0xf9, 0x9f, 0xf, 0xff, 0xff, 0xff, 0xff, 0xff,
    0xdf, 0xfd, 0x5, 0xff, 0xff, 0xff, 0xff, 0xfb,
    0x0, 0x0, 0x0, 0x8f, 0xff, 0xf8, 0x88, 0x60,
    0x0, 0x0, 0x0, 0xc, 0xff, 0xf6, 0x0, 0x0,
    0x0, 0x0, 0x0, 0x1, 0xef, 0xfc, 0x0, 0x0,
    0x0, 0x0, 0x0, 0x0, 0x8f, 0xff, 0x0, 0x0,
    0x0, 0x0, 0x0, 0x0, 0x3f, 0xfd, 0x0, 0x0,
    0x0, 0x0, 0x0, 0x0, 0xc, 0xd4, 0x0, 0x0,

    /* U+F167 "" */
    0x3, 0xac, 0xde, 0xef, 0xff, 0xee, 0xed, 0xc8,
    0x10, 0x2f, 0xff, 0xff, 0xff, 0xff, 0xff, 0xff,
    0xff, 0xc0, 0x7f, 0xff, 0xff, 0xff, 0xff, 0xff,
    0xff, 0xff, 0xf1, 0x9f, 0xff, 0xff, 0xfc, 0xff,
    0xff, 0xff, 0xff, 0xf3, 0xaf, 0xff, 0xff, 0xf1,
    0x5d, 0xff, 0xff, 0xff, 0xf5, 0xbf, 0xff, 0xff,
    0xf1, 0x0, 0x7f, 0xff, 0xff, 0xf5, 0xbf, 0xff,
    0xff, 0xf1, 0x0, 0x5e, 0xff, 0xff, 0xf5, 0xaf,
    0xff, 0xff, 0xf1, 0x3c, 0xff, 0xff, 0xff, 0xf5,
    0x9f, 0xff, 0xff, 0xfa, 0xff, 0xff, 0xff, 0xff,
    0xf4, 0x7f, 0xff, 0xff, 0xff, 0xff, 0xff, 0xff,
    0xff, 0xf2, 0x3f, 0xff, 0xff, 0xff, 0xff, 0xff,
    0xff, 0xff, 0xd0, 0x5, 0xce, 0xff, 0xff, 0xff,
    0xff, 0xfe, 0xda, 0x20, 0x0, 0x0, 0x0, 0x0,
    0x0, 0x0, 0x0, 0x0, 0x0,

    /* U+F168 "" */
    0x0, 0x0, 0x0, 0x0, 0x0, 0xef, 0xd0, 0x0,
    0x0, 0x0, 0x0, 0x8, 0xff, 0x50, 0x0, 0x34,
    0x10, 0x0, 0x2f, 0xfc, 0x0, 0x1, 0xef, 0xd0,
    0x0, 0xaf, 0xf3, 0x0, 0x0, 0x6f, 0xf7, 0x4,
    0xff, 0xa0, 0x0, 0x0, 0xf, 0xfe, 0xc, 0xff,
    0x10, 0x0, 0x0, 0x5f, 0xf9, 0x6f, 0xf8, 0x0,
    0x0, 0x0, 0xef, 0xe1, 0xef, 0xe0, 0x0, 0x0,
    0x7, 0xff, 0x64, 0xff, 0x90, 0x0, 0x0, 0xb,
    0xdb, 0x0, 0xcf, 0xf2, 0x0, 0x0, 0x0, 0x0,
    0x0, 0x4f, 0xfa, 0x0, 0x0, 0x0, 0x0, 0x0,
    0xb, 0xff, 0x30, 0x0, 0x0, 0x0, 0x0, 0x2,
    0xff, 0xb0, 0x0, 0x0, 0x0, 0x0, 0x0, 0x9f,
    0xf3, 0x0,

    /* U+F169 "" */
    0x8f, 0xff, 0xff, 0xff, 0xff, 0xff, 0xf8, 0xff,
    0xff, 0xff, 0xff, 0xff, 0xff, 0xff, 0xff, 0xff,
    0xff, 0xff, 0xf2, 0xe, 0xff, 0xff, 0xff, 0xff,
    0xff, 0x80, 0x6f, 0xff, 0xff, 0xf7, 0x8, 0xfe,
    0x1, 0xef, 0xff, 0xff, 0xfe, 0x10, 0xe6, 0x9,
    0xff, 0xff, 0xff, 0xfe, 0x0, 0xb0, 0x2f, 0xff,
    0xff, 0xff, 0xf6, 0x8, 0x30, 0xbf, 0xff, 0xff,
    0xff, 0xe0, 0x2f, 0x40, 0xaf, 0xff, 0xff, 0xff,
    0xff, 0xff, 0xc0, 0x2f, 0xff, 0xff, 0xff, 0xff,
    0xff, 0xf5, 0x9, 0xff, 0xff, 0xff, 0xff, 0xff,
    0xfe, 0x1, 0xff, 0xff, 0xff, 0xff, 0xff, 0xff,
    0xff, 0xff, 0xff, 0x8f, 0xff, 0xff, 0xff, 0xff,
    0xff, 0xf8,

    /* U+F16B "" */
    0x0, 0x19, 0xb2, 0x0, 0x0, 0x7, 0xd4, 0x0,
    0x0, 0x5e, 0xff, 0xf7, 0x0, 0x3c, 0xff, 0xfa,
    0x10, 0x9f, 0xff, 0xff, 0xfc, 0x6f, 0xff, 0xff,
    0xfe, 0x20, 0x9f, 0xff, 0xfb, 0x20, 0x6f, 0xff,
    0xfd, 0x40, 0x0, 0x3d, 0xf6, 0x0, 0x0, 0x1b,
    0xf8, 0x0, 0x0, 0x0, 0x58, 0x0, 0x0, 0x0,
    0x3a, 0x10, 0x0, 0x1, 0xbf, 0xfd, 0x30, 0x0,
    0x8f, 0xfe, 0x50, 0x6, 0xff, 0xff, 0xff, 0x94,
    0xef, 0xff, 0xff, 0xb1, 0x3d, 0xff, 0xff, 0xe6,
    0x3a, 0xff, 0xff, 0xf8, 0x0, 0x7, 0xff, 0xa4,
    0xcf, 0x75, 0xef, 0xc3, 0x0, 0x0, 0x2, 0x48,
    0xff, 0xff, 0xd4, 0x50, 0x0, 0x0, 0x0, 0x7,
    0xff, 0xff, 0xff, 0xd1, 0x0, 0x0, 0x0, 0x0,
    0x4, 0xdf, 0xff, 0x90, 0x0, 0x0, 0x0, 0x0,
    0x0, 0x0, 0x8c, 0x30, 0x0, 0x0, 0x0,

    /* U+F16C "" */
    0x0, 0x0, 0x0, 0x5, 0x90, 0x0, 0x0, 0x0,
    0x0, 0x3, 0xf5, 0x0, 0x0, 0x0, 0x6, 0x80,
    0x7f, 0x20, 0x0, 0x0, 0x3, 0xeb, 0xb, 0xc0,
    0x0, 0x0, 0x30, 0x2d, 0xc3, 0xe8, 0x0, 0x3,
    0xfc, 0x41, 0xce, 0x74, 0x0, 0x0, 0x2a, 0xfd,
    0x5a, 0x40, 0x0, 0x7, 0x41, 0x18, 0xf9, 0x0,
    0x0, 0x1c, 0xff, 0xeb, 0x92, 0x0, 0xe5, 0x0,
    0x2, 0x58, 0xb0, 0xf4, 0xe5, 0x5f, 0xff, 0xff,
    0xe0, 0xf4, 0xe5, 0x14, 0x44, 0x44, 0x40, 0xf4,
    0xe7, 0x44, 0x44, 0x44, 0x44, 0xf4, 0xef, 0xff,
    0xff, 0xff, 0xff, 0xf4,

    /* U+F16D "" */
    0x0, 0x0, 0x0, 0x0, 0x0, 0x0, 0x0, 0x1,
    0xae, 0xff, 0xff, 0xff, 0xd9, 0x10, 0x1e, 0xc6,
    0x43, 0x33, 0x34, 0x6c, 0xe1, 0x8c, 0x0, 0x0,
    0x0, 0x0, 0x51, 0xc9, 0xc6, 0x0, 0x1, 0x44,
    0x11, 0xf6, 0x6d, 0xf4, 0x0, 0x5e, 0xff, 0xe5,
    0x30, 0x4f, 0xf4, 0x2, 0xf7, 0x0, 0x8f, 0x20,
    0x4f, 0xf4, 0x6, 0xd0, 0x0, 0xd, 0x60, 0x4f,
    0xf4, 0x6, 0xd0, 0x0, 0xd, 0x60, 0x4f, 0xf4,
    0x2, 0xf7, 0x0, 0x7f, 0x20, 0x4f, 0xf4, 0x0,
    0x5f, 0xff, 0xf5, 0x0, 0x4f, 0xd6, 0x0, 0x1,
    0x44, 0x10, 0x0, 0x6d, 0x9c, 0x0, 0x0, 0x0,
    0x0, 0x0, 0xc9, 0x1d, 0xc6, 0x44, 0x44, 0x44,
    0x6c, 0xe1, 0x0, 0x8c, 0xff, 0xff, 0xff, 0xc9,
    0x10,

    /* U+F16E "" */
    0x8f, 0xff, 0xff, 0xff, 0xff, 0xff, 0xf8, 0xff,
    0xff, 0xff, 0xff, 0xff, 0xff, 0xff, 0xff, 0xff,
    0xff, 0xff, 0xff, 0xff, 0xff, 0xff, 0xff, 0xff,
    0xff, 0xff, 0xff, 0xff, 0xff, 0xff, 0xff, 0xff,
    0xff, 0xff, 0xff, 0xff, 0xf4, 0x7, 0xfe, 0x30,
    0x5f, 0xff, 0xff, 0xa0, 0x0, 0xd6, 0x0, 0xa,
    0xff, 0xff, 0xa0, 0x0, 0xd6, 0x0, 0xa, 0xff,
    0xff, 0xf5, 0x17, 0xfe, 0x41, 0x6f, 0xff, 0xff,
    0xff, 0xff, 0xff, 0xff, 0xff, 0xff, 0xff, 0xff,
    0xff, 0xff, 0xff, 0xff, 0xff, 0xff, 0xff, 0xff,
    0xff, 0xff, 0xff, 0xff, 0xff, 0xff, 0xff, 0xff,
    0xff, 0xff, 0xff, 0x8f, 0xff, 0xff, 0xff, 0xff,
    0xff, 0xf8,

    /* U+F170 "" */
    0x0, 0x0, 0x16, 0xab, 0xa8, 0x30, 0x0, 0x0,
    0x0, 0x7, 0xff, 0xff, 0xff, 0xfc, 0x20, 0x0,
    0x0, 0xaf, 0xff, 0xff, 0xff, 0xff, 0xe3, 0x0,
    0x8, 0xff, 0xff, 0xfe, 0xff, 0xff, 0xfe, 0x10,
    0x2f, 0xff, 0xff, 0xf3, 0xaf, 0xff, 0xff, 0xa0,
    0x9f, 0xff, 0xff, 0x85, 0x2e, 0xff, 0xff, 0xf1,
    0xdf, 0xff, 0xfd, 0x2f, 0x95, 0xff, 0xff, 0xf5,
    0xff, 0xff, 0xf3, 0xbf, 0xf3, 0xaf, 0xff, 0xf7,
    0xff, 0xff, 0x81, 0x55, 0x53, 0x1e, 0xff, 0xf7,
    0xdf, 0xfd, 0x4f, 0xff, 0xff, 0xb5, 0xff, 0xf5,
    0x9f, 0xf9, 0xdf, 0xff, 0xff, 0xf8, 0xef, 0xf1,
    0x2f, 0xff, 0xff, 0xff, 0xff, 0xff, 0xff, 0xa0,
    0x8, 0xff, 0xff, 0xff, 0xff, 0xff, 0xfe, 0x10,
    0x0, 0xaf, 0xff, 0xff, 0xff, 0xff, 0xe3, 0x0,
    0x0, 0x7, 0xff, 0xff, 0xff, 0xfc, 0x20, 0x0,
    0x0, 0x0, 0x16, 0xab, 0xa8, 0x30, 0x0, 0x0,

    /* U+F171 "" */
    0xbf, 0xff, 0xff, 0xff, 0xff, 0xff, 0xff, 0xfb,
    0xaf, 0xff, 0xff, 0xff, 0xff, 0xff, 0xff, 0xfa,
    0x8f, 0xff, 0xff, 0xff, 0xff, 0xff, 0xff, 0xf7,
    0x5f, 0xff, 0xff, 0xff, 0xff, 0xff, 0xff, 0xf4,
    0x2f, 0xff, 0xfd, 0xbb, 0xbb, 0xef, 0xff, 0xf2,
    0xf, 0xff, 0xfa, 0x0, 0x0, 0xbf, 0xff, 0xf0,
    0xd, 0xff, 0xfd, 0x0, 0x0, 0xef, 0xff, 0xd0,
    0xa, 0xff, 0xff, 0x0, 0x1, 0xff, 0xff, 0xa0,
    0x8, 0xff, 0xff, 0x30, 0x3, 0xff, 0xff, 0x70,
    0x5, 0xff, 0xff, 0xcb, 0xbc, 0xff, 0xff, 0x50,
    0x2, 0xff, 0xff, 0xff, 0xff, 0xff, 0xff, 0x20,
    0x0, 0xff, 0xff, 0xff, 0xff, 0xff, 0xff, 0x0,
    0x0, 0xdf, 0xff, 0xff, 0xff, 0xff, 0xfd, 0x0,
    0x0, 0x9f, 0xff, 0xff, 0xff, 0xff, 0xfa, 0x0,
    0x0, 0x0, 0x0, 0x0, 0x0, 0x0, 0x0, 0x0,

    /* U+F173 "" */
    0x0, 0xd, 0xff, 0x10, 0x0, 0x0, 0x1f, 0xff,
    0x20, 0x0, 0x0, 0x8f, 0xff, 0x20, 0x0, 0x6,
    0xff, 0xff, 0x31, 0x10, 0xbf, 0xff, 0xff, 0xff,
    0xf1, 0xdf, 0xff, 0xff, 0xff, 0xf1, 0xdf, 0xff,
    0xff, 0xff, 0xf1, 0x12, 0xff, 0xff, 0x31, 0x10,
    0x1, 0xff, 0xff, 0x20, 0x0, 0x1, 0xff, 0xff,
    0x20, 0x0, 0x1, 0xff, 0xff, 0x20, 0x0, 0x1,
    0xff, 0xff, 0x30, 0x0, 0x0, 0xff, 0xff, 0xc7,
    0x90, 0x0, 0xaf, 0xff, 0xff, 0xf3, 0x0, 0x2e,
    0xff, 0xff, 0xf8, 0x0, 0x2, 0xae, 0xfe, 0xa2,

    /* U+F174 "" */
    0x8f, 0xff, 0xff, 0xff, 0xff, 0xff, 0xf8, 0xff,
    0xff, 0xff, 0xff, 0xff, 0xff, 0xff, 0xff, 0xff,
    0xfe, 0x3, 0xff, 0xff, 0xff, 0xff, 0xff, 0xf8,
    0x3, 0xff, 0xff, 0xff, 0xff, 0xff, 0x70, 0x1,
    0x7a, 0xff, 0xff, 0xff, 0xff, 0x0, 0x0, 0x6,
    0xff, 0xff, 0xff, 0xff, 0x91, 0x1, 0x9c, 0xff,
    0xff, 0xff, 0xff, 0xf2, 0x3, 0xff, 0xff, 0xff,
    0xff, 0xff, 0xf2, 0x3, 0xff, 0xff, 0xff, 0xff,
    0xff, 0xf3, 0x1, 0xcd, 0xff, 0xff, 0xff, 0xff,
    0xf7, 0x0, 0x4, 0xff, 0xff, 0xff, 0xff, 0xff,
    0x50, 0x16, 0xff, 0xff, 0xff, 0xff, 0xff, 0xff,
    0xff, 0xff, 0xff, 0x8f, 0xff, 0xff, 0xff, 0xff,
    0xff, 0xf8,

    /* U+F179 "" */
    0x0, 0x0, 0x0, 0x6, 0xc0, 0x0, 0x0, 0x0,
    0x0, 0x7f, 0x90, 0x0, 0x0, 0x0, 0x0, 0xed,
    0x10, 0x0, 0x0, 0x59, 0x72, 0x67, 0xa8, 0x20,
    0xb, 0xff, 0xff, 0xff, 0xff, 0xf3, 0x7f, 0xff,
    0xff, 0xff, 0xff, 0xa0, 0xcf, 0xff, 0xff, 0xff,
    0xff, 0x10, 0xdf, 0xff, 0xff, 0xff, 0xff, 0x0,
    0xcf, 0xff, 0xff, 0xff, 0xff, 0x20, 0x9f, 0xff,
    0xff, 0xff, 0xff, 0xc0, 0x4f, 0xff, 0xff, 0xff,
    0xff, 0xfb, 0xc, 0xff, 0xff, 0xff, 0xff, 0xf5,
    0x2, 0xff, 0xff, 0xff, 0xff, 0xb0, 0x0, 0x4e,
    0xe9, 0x7b, 0xfb, 0x10, 0x0, 0x0, 0x0, 0x0,
    0x0, 0x0,

    /* U+F17A "" */
    0x0, 0x0, 0x0, 0x1, 0x35, 0x8a, 0xce, 0x24,
    0x68, 0xb9, 0x9f, 0xff, 0xff, 0xff, 0xff, 0xff,
    0xfc, 0xaf, 0xff, 0xff, 0xff, 0xff, 0xff, 0xfc,
    0xaf, 0xff, 0xff, 0xff, 0xff, 0xff, 0xfc, 0xaf,
    0xff, 0xff, 0xff, 0xff, 0xff, 0xfc, 0xaf, 0xff,
    0xff, 0xff, 0xbb, 0xbb, 0xb8, 0x6b, 0xbb, 0xbb,
    0xbb, 0xaa, 0xaa, 0xa7, 0x6a, 0xaa, 0xaa, 0xaa,
    0xff, 0xff, 0xfc, 0xaf, 0xff, 0xff, 0xff, 0xff,
    0xff, 0xfc, 0xaf, 0xff, 0xff, 0xff, 0xff, 0xff,
    0xfc, 0xaf, 0xff, 0xff, 0xff, 0xff, 0xff, 0xfc,
    0xaf, 0xff, 0xff, 0xff, 0x24, 0x68, 0xb9, 0x9f,
    0xff, 0xff, 0xff, 0x0, 0x0, 0x0, 0x1, 0x36,
    0x8a, 0xce,

    /* U+F17B "" */
    0x0, 0x0, 0x0, 0x0, 0x0, 0x0, 0x0, 0x1,
    0x34, 0x52, 0x30, 0x0, 0x0, 0x5, 0xff, 0xff,
    0x80, 0x0, 0x0, 0x5f, 0xbf, 0xfc, 0xe6, 0x0,
    0x0, 0xcf, 0xff, 0xff, 0xfc, 0x0, 0x65, 0x9b,
    0xbb, 0xbb, 0xb9, 0x57, 0xfc, 0xdf, 0xff, 0xff,
    0xfe, 0xcf, 0xfd, 0xdf, 0xff, 0xff, 0xfe, 0xdf,
    0xfd, 0xdf, 0xff, 0xff, 0xfe, 0xdf, 0xfc, 0xdf,
    0xff, 0xff, 0xfe, 0xcf, 0x75, 0xdf, 0xff, 0xff,
    0xfe, 0x67, 0x0, 0xaf, 0xff, 0xff, 0xfb, 0x0,
    0x0, 0x2, 0xfa, 0x4f, 0x60, 0x0, 0x0, 0x1,
    0xf9, 0x3f, 0x60, 0x0, 0x0, 0x0, 0xb5, 0x1c,
    0x20, 0x0,

    /* U+F17C "" */
    0x0, 0x0, 0x5, 0xef, 0xb0, 0x0, 0x0, 0x0,
    0x0, 0xe, 0xff, 0xf6, 0x0, 0x0, 0x0, 0x0,
    0x29, 0xe6, 0xca, 0x0, 0x0, 0x0, 0x0, 0x2a,
    0x79, 0xab, 0x0, 0x0, 0x0, 0x0, 0x26, 0x1,
    0xac, 0x0, 0x0, 0x0, 0x0, 0x66, 0x22, 0x5f,
    0x20, 0x0, 0x0, 0x1, 0xe1, 0x0, 0xe, 0xd0,
    0x0, 0x0, 0xa, 0xa0, 0x0, 0x7, 0xe8, 0x0,
    0x0, 0x4d, 0x30, 0x0, 0x1, 0xdf, 0x10, 0x0,
    0xaa, 0x0, 0x0, 0x0, 0x7f, 0x60, 0x0, 0xc7,
    0x0, 0x0, 0x1, 0xdb, 0x60, 0x3, 0x17, 0x60,
    0x0, 0x3, 0xa7, 0x40, 0x30, 0x0, 0xd4, 0x0,
    0x3, 0x0, 0x21, 0x30, 0x0, 0x33, 0x0, 0x22,
    0x0, 0x4, 0x31, 0x0, 0xa, 0xbb, 0xf0, 0x1,
    0x30, 0x1, 0x33, 0x33, 0x0, 0x13, 0x32, 0x0,
    0x0, 0x0, 0x0, 0x0, 0x0, 0x0, 0x0,

    /* U+F17D "" */
    0x0, 0x0, 0x3, 0x79, 0x97, 0x30, 0x0, 0x0,
    0x0, 0x3, 0xcf, 0xd8, 0x8b, 0xfc, 0x30, 0x0,
    0x0, 0x5f, 0x99, 0xe1, 0x0, 0x18, 0xf5, 0x0,
    0x3, 0xf5, 0x0, 0xeb, 0x0, 0x1, 0xdf, 0x30,
    0xd, 0x70, 0x0, 0x4f, 0x40, 0x4d, 0x97, 0xd0,
    0x4e, 0x0, 0x0, 0xa, 0xdc, 0xe6, 0x0, 0xe4,
    0x9b, 0x45, 0x69, 0xdf, 0xfb, 0x0, 0x0, 0x99,
    0xbf, 0xed, 0xb9, 0x62, 0x9d, 0x23, 0x31, 0x6b,
    0xb6, 0x0, 0x0, 0x6, 0xdf, 0xed, 0xdf, 0xfb,
    0xa8, 0x0, 0x3, 0xde, 0x8c, 0x90, 0x0, 0x99,
    0x6d, 0x0, 0x5f, 0x90, 0x6, 0xe0, 0x0, 0xd5,
    0xe, 0x53, 0xf6, 0x0, 0x1, 0xf3, 0x4, 0xe0,
    0x6, 0xed, 0x70, 0x0, 0x0, 0xc7, 0x2e, 0x60,
    0x0, 0x8f, 0x50, 0x0, 0x0, 0x9c, 0xe8, 0x0,
    0x0, 0x6, 0xfc, 0x74, 0x47, 0xdf, 0x60, 0x0,
    0x0, 0x0, 0x16, 0xbd, 0xdb, 0x61, 0x0, 0x0,

    /* U+F17E "" */
    0x2, 0xac, 0x93, 0x22, 0x0, 0x0, 0x0, 0x3,
    0xff, 0xff, 0xff, 0xff, 0xb3, 0x0, 0x0, 0xcf,
    0xff, 0xff, 0xef, 0xff, 0xf6, 0x0, 0xf, 0xff,
    0xf8, 0x10, 0x1, 0x7f, 0xf4, 0x0, 0xdf, 0xfa,
    0x0, 0x55, 0x10, 0xaf, 0xe0, 0x6, 0xff, 0x70,
    0x1e, 0xff, 0xbf, 0xff, 0x40, 0x5f, 0xfb, 0x0,
    0x2, 0x6c, 0xff, 0xf6, 0x5, 0xff, 0xfb, 0x40,
    0x0, 0xa, 0xff, 0x70, 0x3f, 0xfd, 0x7e, 0xfc,
    0x30, 0x4f, 0xf7, 0x0, 0xef, 0x80, 0x2b, 0xc3,
    0x7, 0xff, 0xe0, 0x5, 0xff, 0x71, 0x0, 0x7,
    0xff, 0xff, 0x0, 0x7, 0xff, 0xfe, 0xef, 0xff,
    0xff, 0xe0, 0x0, 0x4, 0xdf, 0xff, 0xff, 0xff,
    0xf5, 0x0, 0x0, 0x0, 0x24, 0x44, 0xbe, 0xb4,
    0x0,

    /* U+F180 "" */
    0x8e, 0xff, 0xff, 0xff, 0xff, 0xe3, 0xff, 0xdc,
    0xcc, 0xcc, 0xce, 0xf7, 0xfd, 0x0, 0x0, 0x0,
    0x7, 0xf5, 0xfd, 0x0, 0x0, 0x0, 0x9, 0xf2,
    0xfd, 0x0, 0x1, 0x11, 0x1d, 0xe0, 0xfd, 0x0,
    0x3f, 0xff, 0xff, 0xb0, 0xfd, 0x0, 0x19, 0x99,
    0xcf, 0x80, 0xfd, 0x0, 0x0, 0x0, 0x6f, 0x50,
    0xfd, 0x0, 0x0, 0x0, 0xaf, 0x20, 0xfd, 0x0,
    0x4c, 0xdd, 0xff, 0x0, 0xfd, 0x2, 0xef, 0xff,
    0xf7, 0x0, 0xfd, 0x1d, 0xf5, 0x0, 0x0, 0x0,
    0xfd, 0xbf, 0x70, 0x0, 0x0, 0x0, 0xff, 0xf9,
    0x0, 0x0, 0x0, 0x0, 0xff, 0xb0, 0x0, 0x0,
    0x0, 0x0, 0xdc, 0x0, 0x0, 0x0, 0x0, 0x0,
    0x0, 0x0, 0x0, 0x0, 0x0, 0x0,

    /* U+F181 "" */
    0x6f, 0xff, 0xff, 0xff, 0xff, 0xff, 0xf6, 0xff,
    0xed, 0xde, 0xff, 0xed, 0xde, 0xff, 0xff, 0x0,
    0x0, 0xef, 0x0, 0x0, 0xef, 0xfe, 0x0, 0x0,
    0xdf, 0x0, 0x0, 0xdf, 0xfe, 0x0, 0x0, 0xdf,
    0x0, 0x0, 0xdf, 0xfe, 0x0, 0x0, 0xdf, 0x0,
    0x0, 0xdf, 0xfe, 0x0, 0x0, 0xdf, 0x0, 0x0,
    0xdf, 0xfe, 0x0, 0x0, 0xdf, 0x31, 0x12, 0xff,
    0xfe, 0x0, 0x0, 0xdf, 0xff, 0xff, 0xff, 0xfe,
    0x0, 0x0, 0xdf, 0xff, 0xff, 0xff, 0xfe, 0x0,
    0x0, 0xef, 0xff, 0xff, 0xff, 0xff, 0xa9, 0x9a,
    0xff, 0xff, 0xff, 0xff, 0xff, 0xff, 0xff, 0xff,
    0xff, 0xff, 0xfe, 0x6f, 0xff, 0xff, 0xff, 0xff,
    0xff, 0xe6,

    /* U+F182 "" */
    0x0, 0x4e, 0xe4, 0x0, 0x0, 0xef, 0xfe, 0x0,
    0x0, 0xef, 0xfe, 0x0, 0x0, 0x4e, 0xe4, 0x0,
    0x0, 0x74, 0x47, 0x0, 0x5, 0xff, 0xff, 0x50,
    0x9, 0xff, 0xff, 0x90, 0xd, 0xff, 0xff, 0xd0,
    0x1f, 0xff, 0xff, 0xf1, 0x5f, 0xff, 0xff, 0xf5,
    0x9f, 0xff, 0xff, 0xf9, 0x9f, 0xff, 0xff, 0xf9,
    0x0, 0x4f, 0xf4, 0x0, 0x0, 0x4f, 0xf4, 0x0,
    0x0, 0x4f, 0xf4, 0x0, 0x0, 0x2f, 0xf2, 0x0,

    /* U+F183 "" */
    0x4, 0xee, 0x40, 0xe, 0xff, 0xe0, 0xe, 0xff,
    0xe0, 0x4, 0xee, 0x40, 0x27, 0x44, 0x72, 0xdf,
    0xff, 0xfd, 0xff, 0xff, 0xff, 0xff, 0xff, 0xff,
    0xff, 0xff, 0xff, 0xff, 0xff, 0xff, 0xdf, 0xff,
    0xfd, 0xc, 0xff, 0xc0, 0xc, 0xff, 0xc0, 0xc,
    0xff, 0xc0, 0xc, 0xff, 0xc0, 0x9, 0xff, 0x90,

    /* U+F184 "" */
    0x0, 0x0, 0x5, 0x9b, 0xb9, 0x40, 0x0, 0x0,
    0x0, 0x5, 0xef, 0xff, 0xff, 0xfd, 0x30, 0x0,
    0x0, 0x8f, 0xff, 0xff, 0xff, 0xff, 0xf5, 0x0,
    0x5, 0xff, 0xff, 0xff, 0xff, 0xff, 0xff, 0x30,
    0xe, 0xff, 0xfe, 0xff, 0xff, 0xef, 0xff, 0xd0,
    0x6f, 0xff, 0x80, 0x1b, 0xb1, 0x9, 0xff, 0xf3,
    0xaf, 0xff, 0x30, 0x0, 0x0, 0x4, 0xff, 0xf8,
    0xcf, 0xff, 0x90, 0x0, 0x0, 0xa, 0xff, 0xfa,
    0xcf, 0xff, 0xf5, 0x0, 0x0, 0x5f, 0xff, 0xf9,
    0xaf, 0xff, 0xff, 0x20, 0x2, 0xff, 0xff, 0xf8,
    0x6f, 0xff, 0xff, 0xc0, 0xc, 0xff, 0xff, 0xf3,
    0xe, 0xff, 0xff, 0xf8, 0x9f, 0xff, 0xff, 0xd0,
    0x5, 0xff, 0xff, 0xff, 0xff, 0xff, 0xff, 0x30,
    0x0, 0x8f, 0xff, 0xff, 0xff, 0xff, 0xf5, 0x0,
    0x0, 0x5, 0xef, 0xff, 0xff, 0xfd, 0x30, 0x0,
    0x0, 0x0, 0x5, 0x9b, 0xb9, 0x40, 0x0, 0x0,

    /* U+F185 "" */
    0x0, 0x0, 0x0, 0x9, 0x90, 0x0, 0x0, 0x0,
    0x0, 0x0, 0x0, 0x1f, 0xf1, 0x0, 0x0, 0x0,
    0x0, 0x99, 0x40, 0x9f, 0xf9, 0x4, 0x99, 0x0,
    0x0, 0x9f, 0xfe, 0xff, 0xff, 0xef, 0xf9, 0x0,
    0x0, 0x4f, 0xfd, 0x40, 0x4, 0xdf, 0xf4, 0x0,
    0x0, 0xe, 0xd1, 0x8e, 0xe8, 0x1d, 0xe0, 0x0,
    0x1, 0x9f, 0x48, 0xff, 0xff, 0x84, 0xf9, 0x10,
    0x9f, 0xff, 0xe, 0xff, 0xff, 0xe0, 0xff, 0xf9,
    0x9f, 0xff, 0xe, 0xff, 0xff, 0xe0, 0xff, 0xf9,
    0x1, 0x9f, 0x48, 0xff, 0xff, 0x84, 0xf9, 0x10,
    0x0, 0xe, 0xd1, 0x8e, 0xe8, 0x1d, 0xe0, 0x0,
    0x0, 0x4f, 0xfd, 0x40, 0x4, 0xdf, 0xf4, 0x0,
    0x0, 0x9f, 0xfe, 0xff, 0xff, 0xef, 0xf9, 0x0,
    0x0, 0x99, 0x40, 0x9f, 0xf9, 0x4, 0x99, 0x0,
    0x0, 0x0, 0x0, 0x1f, 0xf1, 0x0, 0x0, 0x0,
    0x0, 0x0, 0x0, 0x9, 0x80, 0x0, 0x0, 0x0,

    /* U+F186 "" */
    0x0, 0x0, 0x4, 0xad, 0xff, 0x60, 0x0, 0x0,
    0x0, 0x1, 0xbf, 0xff, 0xf8, 0x0, 0x0, 0x0,
    0x0, 0x1d, 0xff, 0xff, 0x90, 0x0, 0x0, 0x0,
    0x0, 0xbf, 0xff, 0xfe, 0x0, 0x0, 0x0, 0x0,
    0x5, 0xff, 0xff, 0xf8, 0x0, 0x0, 0x0, 0x0,
    0xb, 0xff, 0xff, 0xf5, 0x0, 0x0, 0x0, 0x0,
    0xf, 0xff, 0xff, 0xf4, 0x0, 0x0, 0x0, 0x0,
    0x1f, 0xff, 0xff, 0xf6, 0x0, 0x0, 0x0, 0x0,
    0x2f, 0xff, 0xff, 0xfa, 0x0, 0x0, 0x0, 0x0,
    0xf, 0xff, 0xff, 0xff, 0x20, 0x0, 0x0, 0x0,
    0xc, 0xff, 0xff, 0xff, 0xd1, 0x0, 0x0, 0x0,
    0x5, 0xff, 0xff, 0xff, 0xfd, 0x40, 0x0, 0x0,
    0x0, 0xbf, 0xff, 0xff, 0xff, 0xfc, 0x87, 0x80,
    0x0, 0x1d, 0xff, 0xff, 0xff, 0xff, 0xff, 0x90,
    0x0, 0x0, 0xaf, 0xff, 0xff, 0xff, 0xf7, 0x0,
    0x0, 0x0, 0x3, 0xad, 0xff, 0xc8, 0x20, 0x0,

    /* U+F187 "" */
    0xcf, 0xff, 0xff, 0xff, 0xff, 0xff, 0xff, 0xfc,
    0xff, 0xff, 0xff, 0xff, 0xff, 0xff, 0xff, 0xff,
    0xef, 0xff, 0xff, 0xff, 0xff, 0xff, 0xff, 0xfe,
    0x0, 0x0, 0x0, 0x0, 0x0, 0x0, 0x0, 0x0,
    0xf, 0xff, 0xff, 0xff, 0xff, 0xff, 0xff, 0xf0,
    0xf, 0xff, 0xff, 0xff, 0xff, 0xff, 0xff, 0xf0,
    0xf, 0xff, 0xff, 0x10, 0x1, 0xff, 0xff, 0xf0,
    0xf, 0xff, 0xff, 0xff, 0xff, 0xff, 0xff, 0xf0,
    0xf, 0xff, 0xff, 0xff, 0xff, 0xff, 0xff, 0xf0,
    0xf, 0xff, 0xff, 0xff, 0xff, 0xff, 0xff, 0xf0,
    0xf, 0xff, 0xff, 0xff, 0xff, 0xff, 0xff, 0xf0,
    0xf, 0xff, 0xff, 0xff, 0xff, 0xff, 0xff, 0xf0,
    0xf, 0xff, 0xff, 0xff, 0xff, 0xff, 0xff, 0xf0,
    0xc, 0xff, 0xff, 0xff, 0xff, 0xff, 0xff, 0xc0,

    /* U+F188 "" */
    0x0, 0x0, 0x1, 0x9e, 0xfa, 0x10, 0x0, 0x0,
    0x0, 0x0, 0xc, 0xff, 0xff, 0xd0, 0x0, 0x0,
    0x0, 0x0, 0x4f, 0xff, 0xff, 0xf5, 0x0, 0x0,
    0xc, 0xc1, 0x38, 0x88, 0x88, 0x84, 0x1c, 0xc0,
    0xc, 0xfd, 0x10, 0x0, 0x0, 0x1, 0xdf, 0xc0,
    0x1, 0xdf, 0xff, 0xff, 0xff, 0xff, 0xfd, 0x10,
    0x0, 0x4f, 0xff, 0xff, 0xff, 0xff, 0xf4, 0x0,
    0x0, 0x4f, 0xff, 0xf4, 0x4f, 0xff, 0xf4, 0x0,
    0xcf, 0xff, 0xff, 0xf4, 0x4f, 0xff, 0xff, 0xfc,
    0xcf, 0xff, 0xff, 0xf4, 0x4f, 0xff, 0xff, 0xfc,
    0x0, 0x3f, 0xff, 0xf4, 0x4f, 0xff, 0xf3, 0x0,
    0x0, 0x1f, 0xff, 0xf4, 0x4f, 0xff, 0xf1, 0x0,
    0x0, 0x1e, 0xff, 0xf4, 0x4f, 0xff, 0xe1, 0x0,
    0x1, 0xdf, 0xff, 0xf4, 0x4f, 0xff, 0xfd, 0x10,
    0xc, 0xfd, 0x29, 0xe3, 0x3e, 0x92, 0xdf, 0xc0,
    0xc, 0xc1, 0x0, 0x0, 0x0, 0x0, 0x1c, 0xc0,

    /* U+F189 "" */
    0x8f, 0xf8, 0x0, 0x8f, 0xff, 0x20, 0x4, 0xff,
    0xb0, 0x6f, 0xff, 0x0, 0x1f, 0xff, 0x30, 0xd,
    0xff, 0x70, 0x1f, 0xff, 0x60, 0xe, 0xff, 0x30,
    0x6f, 0xfe, 0x0, 0x9, 0xff, 0xe0, 0xe, 0xff,
    0x31, 0xef, 0xf4, 0x0, 0x1, 0xff, 0xf8, 0xe,
    0xff, 0x6c, 0xff, 0xa0, 0x0, 0x0, 0x7f, 0xff,
    0x8f, 0xff, 0xff, 0xff, 0x40, 0x0, 0x0, 0xc,
    0xff, 0xff, 0xff, 0xff, 0xff, 0xe2, 0x0, 0x0,
    0x1, 0xdf, 0xff, 0xff, 0x45, 0xff, 0xfe, 0x10,
    0x0, 0x0, 0x1c, 0xff, 0xff, 0x30, 0x3f, 0xff,
    0xc0, 0x0, 0x0, 0x0, 0x6c, 0xff, 0x10, 0x4,
    0xef, 0xf2,

    /* U+F18A "" */
    0x0, 0x0, 0x0, 0x0, 0x0, 0x0, 0x0, 0x0,
    0x0, 0x0, 0x0, 0x0, 0x0, 0x7, 0xfe, 0x91,
    0x0, 0x0, 0x0, 0x0, 0x10, 0x0, 0x13, 0x5c,
    0xd1, 0x0, 0x0, 0x7, 0xef, 0xc0, 0x0, 0xca,
    0x1c, 0x90, 0x0, 0x1c, 0xff, 0xfe, 0x3, 0x44,
    0xaa, 0x5e, 0x0, 0xc, 0xff, 0xff, 0xfe, 0xff,
    0xd4, 0xc4, 0xf0, 0xb, 0xff, 0xfd, 0xbb, 0xef,
    0xfd, 0x1, 0x4b, 0x5, 0xff, 0x91, 0x0, 0x0,
    0x4e, 0xf8, 0x0, 0x0, 0xcf, 0x40, 0x6e, 0xfa,
    0x0, 0x2f, 0xfb, 0x0, 0xf, 0xb0, 0x3f, 0xeb,
    0xf7, 0x0, 0xdf, 0xe0, 0x0, 0xda, 0x6, 0x80,
    0xef, 0x70, 0xf, 0xfa, 0x0, 0x6, 0xf2, 0x1c,
    0xbf, 0xd0, 0xb, 0xfe, 0x10, 0x0, 0x6, 0xe7,
    0x25, 0x43, 0x6e, 0xfb, 0x10, 0x0, 0x0, 0x1,
    0x6b, 0xdf, 0xec, 0x93, 0x0, 0x0, 0x0,

    /* U+F18B "" */
    0x0, 0x0, 0x5, 0x40, 0x7, 0x30, 0x0, 0x0,
    0x0, 0x5, 0xef, 0x80, 0xe, 0xfc, 0x20, 0x0,
    0x0, 0x8f, 0xff, 0x80, 0xe, 0xff, 0xf3, 0x0,
    0x6, 0xff, 0xff, 0x80, 0xe, 0xff, 0xfe, 0x10,
    0x1f, 0xff, 0xff, 0x80, 0xe, 0xff, 0xff, 0xa0,
    0x7f, 0xff, 0xff, 0x70, 0xe, 0xff, 0xff, 0xf1,
    0xbf, 0xff, 0xff, 0x60, 0xd, 0xff, 0xff, 0xf5,
    0xdf, 0xff, 0xff, 0x30, 0xa, 0xff, 0xff, 0xf7,
    0xef, 0xff, 0xfe, 0x0, 0x5, 0xff, 0xff, 0xf7,
    0xcf, 0xff, 0xf7, 0x0, 0x0, 0xdf, 0xff, 0xf5,
    0x8f, 0xff, 0xc0, 0x5, 0x0, 0x3f, 0xff, 0xf1,
    0x1f, 0xfd, 0x10, 0xd, 0x50, 0x5, 0xff, 0xa0,
    0x7, 0xa1, 0x0, 0x7f, 0xe1, 0x0, 0x4c, 0x10,
    0x0, 0x0, 0x5, 0xff, 0xfc, 0x0, 0x0, 0x0,
    0x0, 0x0, 0x7f, 0xff, 0xff, 0xd1, 0x0, 0x0,
    0x0, 0x0, 0x5, 0x9b, 0xa8, 0x30, 0x0, 0x0,

    /* U+F18C "" */
    0x0, 0x0, 0x3, 0x30, 0x0, 0x0, 0x0, 0x0,
    0x0, 0xcf, 0x60, 0x0, 0x0, 0x0, 0x0, 0xf,
    0xff, 0x0, 0x0, 0x0, 0x0, 0x0, 0xbf, 0xf1,
    0x0, 0x0, 0x0, 0x47, 0x53, 0xff, 0x3, 0x64,
    0x0, 0xd, 0xff, 0xb5, 0xb8, 0xff, 0xc0, 0x0,
    0x6f, 0xff, 0x9e, 0xff, 0xf7, 0x0, 0x0, 0x5c,
    0xff, 0xff, 0xe9, 0x0, 0x5, 0x87, 0x10, 0x76,
    0x10, 0x0, 0x4, 0xff, 0xff, 0x5b, 0x39, 0xee,
    0x80, 0xb, 0xff, 0xff, 0xef, 0xff, 0xfd, 0x0,
    0x8, 0xcc, 0xdc, 0xff, 0xfe, 0x30, 0x0, 0x0,
    0x2b, 0x1, 0x34, 0x0, 0x0, 0x0, 0x2c, 0x20,
    0x0, 0x0, 0x0, 0x2, 0x7c, 0x20, 0x0, 0x0,
    0x0, 0x8, 0xa6, 0x0, 0x0, 0x0, 0x0, 0x0,

    /* U+F18D "" */
    0x0, 0x12, 0x22, 0x22, 0x22, 0x22, 0x0, 0x9,
    0xff, 0xff, 0xff, 0xff, 0xff, 0xe1, 0x2f, 0xff,
    0xff, 0xff, 0xff, 0xff, 0xf8, 0x2a, 0xaa, 0xaa,
    0xaa, 0xaa, 0xaa, 0xa6, 0x29, 0x99, 0x99, 0x99,
    0x99, 0x99, 0x96, 0x3f, 0xff, 0xff, 0xff, 0xff,
    0xff, 0xfa, 0x3f, 0xff, 0xff, 0xff, 0xff, 0xff,
    0xfa, 0x3, 0x33, 0x33, 0x33, 0x33, 0x33, 0x32,
    0x3f, 0xff, 0xff, 0xff, 0xff, 0xff, 0xfa, 0x3f,
    0xff, 0xff, 0xff, 0xff, 0xff, 0xfa, 0x18, 0x88,
    0x88, 0x88, 0x88, 0x88, 0x85, 0x2c, 0xcc, 0xcc,
    0xcc, 0xcc, 0xcc, 0xc7, 0x1f, 0xff, 0xff, 0xff,
    0xff, 0xff, 0xf8, 0x7, 0xff, 0xff, 0xff, 0xff,
    0xff, 0xc1, 0x0, 0x0, 0x0, 0x0, 0xbf, 0x90,
    0x0, 0x0, 0x0, 0x0, 0x0, 0xb9, 0x0, 0x0,
    0x0, 0x0, 0x0, 0x0, 0x50, 0x0, 0x0,

    /* U+F191 "" */
    0x8f, 0xff, 0xff, 0xff, 0xff, 0xff, 0xf8, 0xff,
    0xff, 0xff, 0xff, 0xff, 0xff, 0xff, 0xff, 0xff,
    0xff, 0xff, 0xef, 0xff, 0xff, 0xff, 0xff, 0xff,
    0xf7, 0x4f, 0xff, 0xff, 0xff, 0xff, 0xff, 0x70,
    0x4f, 0xff, 0xff, 0xff, 0xff, 0xf7, 0x0, 0x4f,
    0xff, 0xff, 0xff, 0xff, 0x80, 0x0, 0x4f, 0xff,
    0xff, 0xff, 0xff, 0x80, 0x0, 0x4f, 0xff, 0xff,
    0xff, 0xff, 0xf8, 0x0, 0x4f, 0xff, 0xff, 0xff,
    0xff, 0xff, 0x80, 0x4f, 0xff, 0xff, 0xff, 0xff,
    0xff, 0xf8, 0x4f, 0xff, 0xff, 0xff, 0xff, 0xff,
    0xff, 0xef, 0xff, 0xff, 0xff, 0xff, 0xff, 0xff,
    0xff, 0xff, 0xff, 0x8f, 0xff, 0xff, 0xff, 0xff,
    0xff, 0xf8,

    /* U+F192 "" */
    0x0, 0x0, 0x16, 0xbc, 0xdb, 0x61, 0x0, 0x0,
    0x0, 0x6, 0xef, 0xff, 0xff, 0xfe, 0x60, 0x0,
    0x0, 0x8f, 0xff, 0xff, 0xff, 0xff, 0xf8, 0x0,
    0x5, 0xff, 0xff, 0xff, 0xff, 0xff, 0xff, 0x50,
    0xe, 0xff, 0xff, 0xff, 0xff, 0xff, 0xff, 0xe0,
    0x5f, 0xff, 0xff, 0xe7, 0x7e, 0xff, 0xff, 0xf5,
    0x9f, 0xff, 0xfe, 0x10, 0x1, 0xef, 0xff, 0xf9,
    0xbf, 0xff, 0xf9, 0x0, 0x0, 0x9f, 0xff, 0xfb,
    0xbf, 0xff, 0xf9, 0x0, 0x0, 0x9f, 0xff, 0xfb,
    0x9f, 0xff, 0xfe, 0x10, 0x1, 0xef, 0xff, 0xf9,
    0x5f, 0xff, 0xff, 0xe7, 0x7e, 0xff, 0xff, 0xf5,
    0xe, 0xff, 0xff, 0xff, 0xff, 0xff, 0xff, 0xe0,
    0x5, 0xff, 0xff, 0xff, 0xff, 0xff, 0xff, 0x50,
    0x0, 0x8f, 0xff, 0xff, 0xff, 0xff, 0xf8, 0x0,
    0x0, 0x6, 0xef, 0xff, 0xff, 0xfe, 0x60, 0x0,
    0x0, 0x0, 0x16, 0xbd, 0xdb, 0x61, 0x0, 0x0,

    /* U+F193 "" */
    0x0, 0x0, 0x0, 0x0, 0x0, 0x0, 0x0, 0x0,
    0x0, 0x0, 0x4, 0xee, 0x40, 0x0, 0x0, 0x0,
    0x0, 0x0, 0x0, 0xef, 0xfe, 0x0, 0x0, 0x0,
    0x0, 0x0, 0x0, 0xe, 0xff, 0xd0, 0x0, 0x0,
    0x0, 0x0, 0x0, 0x0, 0xcf, 0xe4, 0x0, 0x0,
    0x0, 0x0, 0x0, 0x0, 0xa, 0xf5, 0x0, 0x0,
    0x0, 0x0, 0x0, 0x0, 0x13, 0x8f, 0xff, 0xff,
    0xe0, 0x0, 0x0, 0x0, 0x4f, 0x96, 0xff, 0xff,
    0xfe, 0x0, 0x0, 0x0, 0x1f, 0xf8, 0x3f, 0xc0,
    0x0, 0x0, 0x0, 0x0, 0x9, 0xfa, 0x1, 0xff,
    0xff, 0xff, 0xc0, 0x0, 0x0, 0xdf, 0x20, 0xb,
    0xff, 0xff, 0xff, 0x50, 0x0, 0xf, 0xf0, 0x0,
    0x0, 0x0, 0x6, 0xfc, 0x0, 0x0, 0xef, 0x20,
    0x0, 0x0, 0x3e, 0x1e, 0xf4, 0x10, 0x9, 0xfa,
    0x0, 0x0, 0xa, 0xf6, 0x7f, 0xdf, 0xb0, 0x2f,
    0xfa, 0x20, 0x3a, 0xff, 0x10, 0xff, 0xfb, 0x0,
    0x4f, 0xff, 0xff, 0xfe, 0x40, 0x5, 0xa3, 0x0,
    0x0, 0x29, 0xef, 0xd9, 0x10, 0x0, 0x0, 0x0,
    0x0,

    /* U+F194 "" */
    0x8f, 0xff, 0xff, 0xff, 0xff, 0xff, 0xf8, 0xff,
    0xff, 0xff, 0xff, 0xff, 0xff, 0xff, 0xff, 0xff,
    0xee, 0xff, 0xfd, 0xbf, 0xff, 0xff, 0xfa, 0x0,
    0xef, 0x90, 0x3, 0xff, 0xff, 0x80, 0x0, 0x9e,
    0x10, 0x0, 0xff, 0xff, 0xa9, 0x0, 0x7f, 0xf1,
    0x3, 0xff, 0xff, 0xff, 0x10, 0x3f, 0xd0, 0x9,
    0xff, 0xff, 0xff, 0x60, 0xe, 0x40, 0x3f, 0xff,
    0xff, 0xff, 0xb0, 0x1, 0x1, 0xdf, 0xff, 0xff,
    0xff, 0xf0, 0x0, 0xb, 0xff, 0xff, 0xff, 0xff,
    0xf6, 0x1, 0xbf, 0xff, 0xff, 0xff, 0xff, 0xff,
    0xbf, 0xff, 0xff, 0xff, 0xff, 0xff, 0xff, 0xff,
    0xff, 0xff, 0xff, 0x8f, 0xff, 0xff, 0xff, 0xff,
    0xff, 0xf8,

    /* U+F195 "" */
    0x0, 0xff, 0x70, 0x0, 0x0, 0x0, 0x0, 0xff,
    0x84, 0x7b, 0xd0, 0x0, 0x25, 0xff, 0xff, 0xff,
    0xf0, 0x0, 0xff, 0xff, 0xfc, 0x95, 0x20, 0x0,
    0xdb, 0xff, 0x84, 0x7b, 0xd0, 0x0, 0x25, 0xff,
    0xff, 0xff, 0xf0, 0x0, 0xff, 0xff, 0xfc, 0x95,
    0x20, 0x0, 0xdb, 0xff, 0x80, 0x0, 0x3, 0xfe,
    0x0, 0xff, 0x80, 0x0, 0x6, 0xfd, 0x0, 0xff,
    0x80, 0x0, 0xb, 0xfa, 0x0, 0xff, 0x80, 0x0,
    0x7f, 0xf3, 0x0, 0xff, 0x81, 0x5c, 0xff, 0x90,
    0x0, 0xff, 0xff, 0xff, 0xf9, 0x0, 0x0, 0xff,
    0xff, 0xd9, 0x30, 0x0,

    /* U+F197 "" */
    0x6, 0x7f, 0xc5, 0x0, 0x0, 0x0, 0x0, 0x0,
    0x0, 0x0, 0xe, 0x8f, 0xff, 0xb0, 0x0, 0x0,
    0x0, 0x0, 0x0, 0x0, 0xf, 0x8f, 0xff, 0xfd,
    0x20, 0x0, 0x0, 0x0, 0x0, 0x0, 0xf, 0x8f,
    0xff, 0xff, 0xf8, 0x10, 0x0, 0x0, 0x0, 0x0,
    0xcf, 0xff, 0xfc, 0x88, 0x88, 0x75, 0x44, 0x32,
    0x10, 0x0, 0xff, 0xff, 0xff, 0xff, 0xff, 0xff,
    0xff, 0xfe, 0xfd, 0x70, 0x9f, 0xff, 0xff, 0xff,
    0xff, 0xff, 0xff, 0xf1, 0xff, 0xfc, 0x8f, 0xff,
    0xff, 0xff, 0xff, 0xff, 0xff, 0xf1, 0xff, 0xfc,
    0xff, 0xff, 0xff, 0xff, 0xff, 0xff, 0xff, 0xfe,
    0xfd, 0x70, 0xdf, 0xff, 0xfc, 0x88, 0x88, 0x75,
    0x44, 0x32, 0x10, 0x0, 0xf, 0x8f, 0xff, 0xff,
    0xf8, 0x10, 0x0, 0x0, 0x0, 0x0, 0xf, 0x8f,
    0xff, 0xfd, 0x20, 0x0, 0x0, 0x0, 0x0, 0x0,
    0xe, 0x8f, 0xff, 0xb0, 0x0, 0x0, 0x0, 0x0,
    0x0, 0x0, 0x6, 0x7f, 0xc5, 0x0, 0x0, 0x0,
    0x0, 0x0, 0x0, 0x0,

    /* U+F198 "" */
    0x0, 0x0, 0xaf, 0x61, 0xdd, 0x10, 0x0, 0x0,
    0x0, 0xff, 0xd6, 0xff, 0x60, 0x0, 0x0, 0x0,
    0x7d, 0xb6, 0xff, 0x60, 0x0, 0x5, 0x66, 0x66,
    0x6, 0xff, 0x61, 0x51, 0x9f, 0xff, 0xff, 0xb6,
    0xff, 0x6b, 0xfd, 0xaf, 0xff, 0xff, 0xa4, 0xff,
    0x4d, 0xfd, 0x5, 0x66, 0x66, 0x0, 0x44, 0x5,
    0x61, 0x3c, 0xd2, 0x7c, 0x40, 0xad, 0xdd, 0xd6,
    0xbf, 0xf3, 0xff, 0xc5, 0xff, 0xff, 0xff, 0x6f,
    0xc1, 0xff, 0xd2, 0xef, 0xff, 0xfa, 0x0, 0x1,
    0xff, 0xd1, 0x22, 0x11, 0x10, 0x0, 0x1, 0xff,
    0xd6, 0xff, 0x20, 0x0, 0x0, 0x0, 0xff, 0xc5,
    0xff, 0x50, 0x0, 0x0, 0x0, 0x6b, 0x30, 0x9a,
    0x0, 0x0,

    /* U+F199 "" */
    0x8f, 0xff, 0xff, 0xff, 0xff, 0xff, 0xf8, 0xff,
    0xff, 0xff, 0xff, 0xff, 0xff, 0xff, 0xff, 0xff,
    0xff, 0xff, 0xff, 0xff, 0xff, 0xff, 0x20, 0x0,
    0x0, 0x0, 0x2, 0xff, 0xff, 0x20, 0x0, 0x0,
    0x0, 0x2, 0xff, 0xff, 0xe5, 0x0, 0x0, 0x0,
    0x5e, 0xff, 0xff, 0x3d, 0x90, 0x0, 0x9, 0xd3,
    0xff, 0xff, 0x0, 0xad, 0x33, 0xda, 0x0, 0xff,
    0xff, 0x0, 0x6, 0xee, 0x60, 0x0, 0xff, 0xff,
    0x0, 0x0, 0x0, 0x0, 0x0, 0xff, 0xff, 0x20,
    0x0, 0x0, 0x0, 0x2, 0xff, 0xff, 0xff, 0xff,
    0xff, 0xff, 0xff, 0xff, 0xff, 0xff, 0xff, 0xff,
    0xff, 0xff, 0xff, 0x8f, 0xff, 0xff, 0xff, 0xff,
    0xff, 0xf8,

    /* U+F19A "" */
    0x0, 0x0, 0x25, 0x55, 0x55, 0x52, 0x0, 0x0,
    0x0, 0x5, 0x45, 0xac, 0xdb, 0x64, 0x50, 0x0,
    0x0, 0x63, 0xcf, 0xff, 0xff, 0xfd, 0x36, 0x0,
    0x5, 0x3e, 0xff, 0xff, 0xff, 0xf7, 0x1, 0x50,
    0x5, 0x11, 0x5e, 0x31, 0x15, 0xf6, 0x0, 0x50,
    0x53, 0x10, 0xdf, 0xf0, 0xd, 0xfd, 0x2, 0x35,
    0x57, 0x70, 0x8f, 0xf6, 0x8, 0xff, 0x44, 0x75,
    0x59, 0xd0, 0x2f, 0xfb, 0x2, 0xff, 0x79, 0x95,
    0x59, 0xf2, 0xd, 0xf8, 0x10, 0xdf, 0x5e, 0x95,
    0x56, 0xf8, 0x7, 0xf7, 0x80, 0x7f, 0x5f, 0x65,
    0x42, 0xfe, 0x2, 0xd9, 0xe0, 0x2b, 0x9f, 0x24,
    0x6, 0x7f, 0x40, 0x5e, 0xf4, 0x4, 0xe7, 0x60,
    0x3, 0x39, 0xa0, 0x4f, 0xf9, 0x4, 0xa3, 0x30,
    0x0, 0x53, 0x50, 0xaf, 0xff, 0x2, 0x35, 0x0,
    0x0, 0x3, 0x51, 0x36, 0x64, 0x15, 0x30, 0x0,
    0x0, 0x0, 0x4, 0x55, 0x55, 0x40, 0x0, 0x0,

    /* U+F19B "" */
    0x0, 0x0, 0x0, 0x2, 0x10, 0x0, 0x0, 0x0,
    0x0, 0x0, 0x9f, 0x40, 0x0, 0x0, 0x0, 0x0,
    0x0, 0xef, 0x40, 0x0, 0x0, 0x0, 0x0, 0x0,
    0xef, 0x40, 0x0, 0x0, 0x0, 0x0, 0x35, 0xef,
    0x66, 0x20, 0x0, 0x0, 0x7e, 0xfb, 0xef, 0x8f,
    0xfc, 0x77, 0x1c, 0xfb, 0x20, 0xef, 0x40, 0xaf,
    0xfa, 0x9f, 0xa0, 0x0, 0xef, 0x40, 0x59, 0xdb,
    0xff, 0x30, 0x0, 0xef, 0x40, 0x0, 0x0, 0xef,
    0x30, 0x0, 0xef, 0x40, 0x0, 0x0, 0x8f, 0xb0,
    0x0, 0xef, 0x40, 0x0, 0x0, 0xb, 0xfd, 0x40,
    0xef, 0x40, 0x0, 0x0, 0x0, 0x6e, 0xff, 0xfd,
    0x20, 0x0, 0x0, 0x0, 0x0, 0x36, 0x50, 0x0,
    0x0, 0x0,

    /* U+F19C "" */
    0x0, 0x0, 0x2, 0x8e, 0xb5, 0x0, 0x0, 0x0,
    0x0, 0x6, 0xcf, 0xff, 0xff, 0xe9, 0x30, 0x0,
    0x39, 0xff, 0xff, 0xff, 0xff, 0xff, 0xfd, 0x70,
    0x8e, 0xff, 0xff, 0xff, 0xff, 0xff, 0xff, 0xd2,
    0x5, 0x88, 0x88, 0x88, 0x88, 0x88, 0x87, 0x10,
    0x0, 0x3f, 0xc0, 0x3f, 0xc0, 0x3f, 0xc0, 0x0,
    0x0, 0x3f, 0xc0, 0x3f, 0xc0, 0x3f, 0xc0, 0x0,
    0x0, 0x3f, 0xc0, 0x3f, 0xc0, 0x3f, 0xc0, 0x0,
    0x0, 0x3f, 0xc0, 0x3f, 0xc0, 0x3f, 0xc0, 0x0,
    0x0, 0x3f, 0xc0, 0x3f, 0xc0, 0x3f, 0xc0, 0x0,
    0x0, 0x3f, 0xc0, 0x3f, 0xc0, 0x3f, 0xc0, 0x0,
    0xa, 0xff, 0xff, 0xff, 0xff, 0xff, 0xff, 0x30,
    0x37, 0x88, 0x88, 0x88, 0x88, 0x88, 0x88, 0x70,
    0xaf, 0xff, 0xff, 0xff, 0xff, 0xff, 0xff, 0xf3,

    /* U+F19D "" */
    0x0, 0x0, 0x0, 0x0, 0x0, 0x0, 0x0, 0x0,
    0x0, 0x0, 0x0, 0x0, 0x0, 0x5, 0xae, 0xea,
    0x50, 0x0, 0x0, 0x0, 0x0, 0x1, 0x6b, 0xff,
    0xff, 0xff, 0xff, 0xb6, 0x10, 0x0, 0x28, 0xcf,
    0xff, 0xff, 0xff, 0xff, 0xff, 0xff, 0xfc, 0x82,
    0xef, 0xff, 0xff, 0xff, 0xff, 0xff, 0xff, 0xff,
    0xff, 0xfe, 0x28, 0xff, 0xff, 0xff, 0xff, 0xff,
    0xff, 0xff, 0xfd, 0x82, 0x5, 0xc1, 0x6b, 0xff,
    0xff, 0xff, 0xff, 0xb6, 0x10, 0x0, 0xc, 0xc0,
    0x43, 0x5, 0xae, 0xea, 0x50, 0x34, 0x0, 0x0,
    0xc, 0xc0, 0xbf, 0xe9, 0x41, 0x14, 0x9e, 0xfb,
    0x0, 0x0, 0xb, 0xb0, 0xdf, 0xff, 0xff, 0xff,
    0xff, 0xfd, 0x0, 0x0, 0xe, 0xe0, 0xff, 0xff,
    0xff, 0xff, 0xff, 0xff, 0x0, 0x0, 0x2f, 0xf2,
    0xbf, 0xff, 0xff, 0xff, 0xff, 0xfb, 0x0, 0x0,
    0x4f, 0xf4, 0x5, 0x9c, 0xef, 0xfe, 0xc9, 0x50,
    0x0, 0x0,

    /* U+F19E "" */
    0x1d, 0xe1, 0x0, 0x0, 0x0, 0x1e, 0xd1, 0x5,
    0xfa, 0x0, 0x0, 0x0, 0xaf, 0x50, 0x0, 0xbf,
    0x30, 0x0, 0x3, 0xfb, 0x0, 0x0, 0x2f, 0xd0,
    0x0, 0xd, 0xf2, 0x0, 0x0, 0x8, 0xf7, 0x0,
    0x7f, 0x80, 0x0, 0x0, 0x0, 0xef, 0x11, 0xfe,
    0x0, 0x0, 0x0, 0x0, 0x6f, 0xaa, 0xf6, 0x0,
    0x0, 0x0, 0x0, 0xd, 0xff, 0xc0, 0x0, 0x0,
    0x0, 0x0, 0x4, 0xff, 0x30, 0x0, 0x0, 0x0,
    0x0, 0x0, 0xee, 0x0, 0x0, 0x0, 0x0, 0x0,
    0x0, 0xee, 0x0, 0x0, 0x0, 0x0, 0x0, 0x0,
    0xfe, 0x0, 0x0, 0x0, 0x0, 0x0, 0x0, 0xfe,
    0x0, 0x0, 0x0, 0x0, 0x0, 0x0, 0xff, 0x0,
    0x0, 0x0, 0x0, 0x0, 0x0, 0xff, 0x0, 0x0,
    0x0, 0x0, 0x0, 0x0, 0xee, 0x0, 0x0, 0x0,

    /* U+F1A0 "" */
    0x0, 0x0, 0x4, 0x8a, 0x97, 0x30, 0x0, 0x0,
    0x0, 0x5, 0xef, 0xff, 0xff, 0xfc, 0x20, 0x0,
    0x0, 0x8f, 0xff, 0xff, 0xff, 0xff, 0xc0, 0x0,
    0x7, 0xff, 0xfd, 0x74, 0x48, 0xed, 0x10, 0x0,
    0x2f, 0xff, 0x90, 0x0, 0x0, 0x11, 0x0, 0x0,
    0x8f, 0xfb, 0x0, 0x0, 0x0, 0x0, 0x0, 0x0,
    0xdf, 0xf3, 0x0, 0x0, 0x0, 0x0, 0x0, 0x0,
    0xff, 0xf0, 0x0, 0x1, 0xff, 0xff, 0xff, 0xf5,
    0xff, 0xf0, 0x0, 0x1, 0xff, 0xff, 0xff, 0xf6,
    0xdf, 0xf2, 0x0, 0x0, 0xaa, 0xaa, 0xef, 0xf4,
    0x9f, 0xf9, 0x0, 0x0, 0x0, 0x1, 0xff, 0xf1,
    0x2f, 0xff, 0x60, 0x0, 0x0, 0xb, 0xff, 0xc0,
    0x8, 0xff, 0xfb, 0x41, 0x25, 0xcf, 0xff, 0x30,
    0x0, 0xaf, 0xff, 0xff, 0xff, 0xff, 0xf6, 0x0,
    0x0, 0x7, 0xff, 0xff, 0xff, 0xfe, 0x40, 0x0,
    0x0, 0x0, 0x16, 0x9b, 0xb9, 0x50, 0x0, 0x0,

    /* U+F1A1 "" */
    0x0, 0x0, 0x16, 0xbc, 0xdb, 0x61, 0x0, 0x0,
    0x0, 0x6, 0xef, 0xff, 0xff, 0xfe, 0x60, 0x0,
    0x0, 0x8f, 0xff, 0xff, 0xff, 0xff, 0xf8, 0x0,
    0x5, 0xff, 0xff, 0xff, 0xa9, 0x86, 0xff, 0x50,
    0xe, 0xff, 0xff, 0xff, 0xaf, 0xa4, 0xff, 0xe0,
    0x5f, 0xff, 0xff, 0xfe, 0xbf, 0xff, 0xff, 0xf5,
    0x9f, 0xff, 0xcc, 0x52, 0x15, 0xdc, 0xff, 0xf9,
    0xbf, 0xf7, 0x0, 0x0, 0x0, 0x0, 0x6f, 0xfb,
    0xbf, 0xfb, 0x4, 0xd0, 0xd, 0x40, 0xaf, 0xfb,
    0x9f, 0xfe, 0x1, 0x60, 0x6, 0x10, 0xef, 0xf9,
    0x5f, 0xff, 0x50, 0x44, 0x44, 0x6, 0xff, 0xf5,
    0xd, 0xff, 0xf8, 0x11, 0x11, 0x8f, 0xff, 0xd0,
    0x4, 0xff, 0xff, 0xff, 0xff, 0xff, 0xff, 0x40,
    0x0, 0x6f, 0xff, 0xff, 0xff, 0xff, 0xf6, 0x0,
    0x0, 0x4, 0xdf, 0xff, 0xff, 0xfd, 0x40, 0x0,
    0x0, 0x0, 0x5, 0x9b, 0xb9, 0x50, 0x0, 0x0,

    /* U+F1A2 "" */
    0x8f, 0xff, 0xff, 0xff, 0xff, 0xff, 0xf8, 0xff,
    0xff, 0xff, 0xff, 0xff, 0xff, 0xff, 0xff, 0xff,
    0xff, 0xfa, 0x9a, 0x5e, 0xff, 0xff, 0xff, 0xff,
    0xf9, 0xfc, 0x2d, 0xff, 0xff, 0xff, 0xff, 0xfa,
    0xff, 0xff, 0xff, 0xff, 0xff, 0xe9, 0x55, 0x8e,
    0xff, 0xff, 0xff, 0x30, 0x0, 0x0, 0x0, 0x3,
    0xff, 0xff, 0x30, 0x48, 0x0, 0x84, 0x3, 0xff,
    0xff, 0x90, 0x6b, 0x0, 0xb6, 0x9, 0xff, 0xff,
    0xc0, 0x1, 0x0, 0x10, 0xc, 0xff, 0xff, 0xf8,
    0x4, 0x66, 0x40, 0x8f, 0xff, 0xff, 0xff, 0xe8,
    0x55, 0x8e, 0xff, 0xff, 0xff, 0xff, 0xff, 0xff,
    0xff, 0xff, 0xff, 0x8f, 0xff, 0xff, 0xff, 0xff,
    0xff, 0xf8,

    /* U+F1A3 "" */
    0x0, 0x0, 0x6, 0x9b, 0xa8, 0x40, 0x0, 0x0,
    0x0, 0x6, 0xef, 0xff, 0xff, 0xfc, 0x30, 0x0,
    0x0, 0x9f, 0xff, 0xff, 0xff, 0xff, 0xf4, 0x0,
    0x7, 0xff, 0xff, 0xff, 0xff, 0xff, 0xff, 0x20,
    0x1f, 0xff, 0xff, 0x50, 0x3c, 0xff, 0xff, 0xb0,
    0x7f, 0xff, 0xf7, 0x1, 0x1, 0xff, 0xff, 0xf2,
    0xcf, 0xff, 0xf4, 0xe, 0x20, 0xef, 0xff, 0xf6,
    0xef, 0xff, 0xf4, 0xe, 0xdd, 0xff, 0xff, 0xf8,
    0xef, 0xa3, 0xd4, 0xe, 0x86, 0xf5, 0x3f, 0xf8,
    0xcf, 0x90, 0xc3, 0xe, 0x30, 0xe2, 0xe, 0xf6,
    0x7f, 0xc0, 0x10, 0x1f, 0x60, 0x20, 0x2f, 0xf2,
    0x1f, 0xf8, 0x12, 0xcf, 0xe5, 0x2, 0xdf, 0xb0,
    0x7, 0xff, 0xff, 0xff, 0xff, 0xff, 0xff, 0x20,
    0x0, 0x9f, 0xff, 0xff, 0xff, 0xff, 0xf4, 0x0,
    0x0, 0x6, 0xef, 0xff, 0xff, 0xfc, 0x30, 0x0,
    0x0, 0x0, 0x16, 0x9b, 0xb8, 0x40, 0x0, 0x0,

    /* U+F1A4 "" */
    0x0, 0x0, 0x1, 0xae, 0xe9, 0x10, 0x0, 0x0,
    0x0, 0x0, 0x1e, 0xff, 0xff, 0xd0, 0x0, 0x0,
    0x0, 0x0, 0x8f, 0xfd, 0xef, 0xf7, 0x0, 0x0,
    0x0, 0x0, 0xaf, 0xf1, 0x2f, 0xf9, 0x0, 0x0,
    0x0, 0x0, 0xaf, 0xf0, 0xc, 0xd5, 0x0, 0x0,
    0x0, 0x0, 0xaf, 0xf0, 0x0, 0x0, 0x0, 0x0,
    0xbb, 0x70, 0xaf, 0xf0, 0x6, 0x55, 0xa, 0xb7,
    0xff, 0xb0, 0xaf, 0xf0, 0x1f, 0xf9, 0xf, 0xfb,
    0xff, 0xb0, 0xbf, 0xf0, 0x1f, 0xfa, 0xf, 0xfb,
    0xdf, 0xfc, 0xff, 0xd0, 0xe, 0xff, 0xcf, 0xf8,
    0x5f, 0xff, 0xff, 0x60, 0x6, 0xff, 0xff, 0xe1,
    0x5, 0xdf, 0xd5, 0x0, 0x0, 0x7e, 0xfc, 0x30,

    /* U+F1A5 "" */
    0x8f, 0xff, 0xff, 0xff, 0xff, 0xff, 0xf8, 0xf1,
    0x0, 0x0, 0xf, 0xff, 0xff, 0xff, 0xf0, 0x0,
    0x0, 0xf, 0xff, 0xff, 0xff, 0xf0, 0x0, 0x0,
    0xf, 0xff, 0xff, 0xff, 0xf0, 0x0, 0x0, 0xf,
    0xff, 0xff, 0xff, 0xf0, 0x0, 0x0, 0xf, 0xff,
    0xff, 0xff, 0xf0, 0x0, 0x0, 0xf, 0xff, 0xff,
    0xff, 0xff, 0xff, 0xff, 0xf0, 0x0, 0x0, 0xf,
    0xff, 0xff, 0xff, 0xf0, 0x0, 0x0, 0xf, 0xff,
    0xff, 0xff, 0xf0, 0x0, 0x0, 0xf, 0xff, 0xff,
    0xff, 0xf0, 0x0, 0x0, 0xf, 0xff, 0xff, 0xff,
    0xf0, 0x0, 0x0, 0xf, 0xff, 0xff, 0xff, 0xf0,
    0x0, 0x0, 0x1f, 0x8f, 0xff, 0xff, 0xff, 0xff,
    0xff, 0xf8,

    /* U+F1A6 "" */
    0x0, 0x6f, 0x5f, 0x80, 0x0, 0x0, 0x0, 0x0,
    0x0, 0x6f, 0x49, 0x50, 0x0, 0x0, 0x0, 0x0,
    0x66, 0xaf, 0x46, 0x35, 0x66, 0x62, 0x66, 0x66,
    0xff, 0xef, 0x5f, 0x8e, 0xff, 0xf5, 0xfe, 0xff,
    0xf9, 0x6f, 0x5f, 0x8e, 0x98, 0xf5, 0xf6, 0x9f,
    0xf9, 0x6f, 0x5f, 0x8e, 0x98, 0xf5, 0xf6, 0x9f,
    0xfb, 0x9f, 0x5f, 0x8e, 0xba, 0xf5, 0xf9, 0xbf,
    0xee, 0xee, 0x4e, 0x7c, 0xef, 0xf4, 0xee, 0xff,
    0x0, 0x0, 0x0, 0x3, 0x4a, 0xf2, 0x44, 0xbf,
    0x0, 0x0, 0x0, 0xe, 0xff, 0xf5, 0xff, 0xff,

    /* U+F1A7 "" */
    0x8f, 0xff, 0xff, 0xff, 0xff, 0xff, 0xf8, 0xff,
    0xff, 0xff, 0xff, 0xff, 0xff, 0xff, 0xff, 0xf7,
    0x40, 0x2d, 0xff, 0xff, 0xff, 0xff, 0xf4, 0xa,
    0x12, 0xff, 0xff, 0xff, 0xff, 0xf4, 0x1f, 0x60,
    0xff, 0xff, 0xff, 0xff, 0xf4, 0x9, 0x11, 0x59,
    0xff, 0xff, 0xff, 0xf4, 0x1, 0x25, 0x40, 0xaf,
    0xff, 0xff, 0xf4, 0x1f, 0x7, 0xf0, 0x5f, 0xff,
    0xff, 0xf8, 0x8f, 0x6, 0xb0, 0x6f, 0xff, 0xff,
    0xff, 0xff, 0x0, 0x2, 0xef, 0xff, 0xff, 0xff,
    0xff, 0x6, 0xcf, 0xff, 0xff, 0xff, 0xff, 0xff,
    0x19, 0xff, 0xff, 0xff, 0xff, 0xff, 0xff, 0xff,
    0xff, 0xff, 0xff, 0x8f, 0xff, 0xff, 0xff, 0xff,
    0xff, 0xf8,

    /* U+F1A8 "" */
    0x0, 0x0, 0x0, 0x0, 0x0, 0x0, 0x0, 0x0,
    0x1, 0x0, 0x0, 0x0, 0x0, 0x0, 0x0, 0x0,
    0x0, 0x50, 0x0, 0x0, 0x0, 0x0, 0x0, 0x0,
    0x0, 0x5, 0x30, 0x0, 0x0, 0x0, 0x0, 0x0,
    0x20, 0x0, 0x84, 0x0, 0x0, 0x0, 0x0, 0x0,
    0xa, 0xe3, 0x67, 0x10, 0x0, 0x0, 0x0, 0x0,
    0x1, 0xac, 0xb6, 0x0, 0x0, 0x0, 0x0, 0x0,
    0x0, 0x0, 0xef, 0xf2, 0x0, 0x0, 0x0, 0x0,
    0x0, 0x4, 0x15, 0xdf, 0xf8, 0x0, 0x0, 0x0,
    0x0, 0x15, 0x9f, 0xcb, 0x3a, 0xf6, 0x40, 0x0,
    0x0, 0x8c, 0xa6, 0x36, 0x97, 0x39, 0xfa, 0xaa,
    0x0, 0x0, 0x0, 0x0, 0x0, 0x99, 0xbf, 0xef,
    0x3f, 0x80, 0x0, 0x0, 0x0, 0x0, 0xc, 0xd9,
    0xff, 0x1d, 0xf3, 0x0, 0x0, 0x0, 0x0, 0x0,
    0x9, 0xfe, 0xa, 0xfd, 0x0, 0x0, 0x0, 0x0,
    0x0, 0x5, 0x85, 0x7, 0xff, 0xb0, 0x0, 0x0,
    0x0, 0x0, 0x7, 0xef, 0x53, 0xff, 0xf6, 0x0,
    0x0, 0x0, 0x0, 0x6, 0xfe, 0x80, 0xa8, 0x10,
    0x0, 0x0, 0x0, 0x0, 0x0, 0x0, 0x0, 0x0,
    0x0,

    /* U+F1A9 "" */
    0x0, 0x0, 0x7, 0x10, 0x0, 0x0, 0x0, 0x0,
    0x3f, 0xd2, 0x0, 0x0, 0x0, 0x9, 0xff, 0xff,
    0xa1, 0x0, 0x1, 0xdf, 0xff, 0xff, 0xfe, 0x20,
    0xd, 0xff, 0xff, 0xff, 0xff, 0xd0, 0x6f, 0xff,
    0xff, 0xff, 0xff, 0xf6, 0xcf, 0xff, 0xff, 0xff,
    0xff, 0xfc, 0xff, 0xff, 0xff, 0xff, 0xff, 0xff,
    0xff, 0xf9, 0x24, 0xbf, 0xfe, 0x7c, 0xcf, 0xc0,
    0x0, 0x5, 0x81, 0x4, 0x7f, 0xa0, 0x0, 0x1a,
    0xb1, 0x2, 0xd, 0xf7, 0x49, 0xd9, 0xad, 0x50,
    0x1, 0xcf, 0xfc, 0xde, 0xbd, 0x20, 0x0, 0x6,
    0xce, 0xa8, 0x60, 0x0,

    /* U+F1AA "" */
    0x5e, 0xd2, 0x0, 0x0, 0x0, 0x2d, 0xe5, 0xef,
    0xfc, 0x74, 0x0, 0x57, 0xcf, 0xfe, 0xdf, 0xff,
    0xff, 0x8c, 0xff, 0xff, 0xfc, 0x2d, 0xfd, 0x8b,
    0xdf, 0xd7, 0xef, 0xc2, 0xa, 0xf5, 0x1d, 0xfd,
    0x90, 0x8f, 0x60, 0x8, 0xfb, 0xbf, 0xcb, 0xfb,
    0xcf, 0x40, 0x1, 0xef, 0xca, 0x2, 0xef, 0xda,
    0x0, 0x0, 0xae, 0xfb, 0x1, 0xae, 0xfa, 0x0,
    0x7, 0xfa, 0xef, 0x9d, 0xfa, 0xef, 0x40, 0xa,
    0xf5, 0x2b, 0xdf, 0xc1, 0x8f, 0x70, 0x2d, 0xfc,
    0x5d, 0xfd, 0x96, 0xef, 0xc2, 0xdf, 0xff, 0xff,
    0xcb, 0xff, 0xff, 0xfd, 0xef, 0xfc, 0x97, 0x1,
    0x79, 0xcf, 0xfe, 0x5e, 0xd2, 0x0, 0x0, 0x0,
    0x2d, 0xe5,

    /* U+F1AB "" */
    0xdf, 0xff, 0xff, 0xff, 0xf8, 0xbf, 0xff, 0xff,
    0xff, 0xfd, 0xff, 0xff, 0xff, 0xff, 0xf8, 0xbf,
    0xff, 0xff, 0xff, 0xff, 0xff, 0xf8, 0x8, 0xff,
    0xf8, 0xbf, 0xee, 0x90, 0xce, 0xff, 0xff, 0xf3,
    0x13, 0xff, 0xf8, 0xbf, 0x40, 0x0, 0x0, 0x8f,
    0xff, 0xd0, 0x90, 0xdf, 0xf8, 0xbf, 0xed, 0xad,
    0x25, 0xff, 0xff, 0x80, 0x80, 0x8f, 0xf8, 0xbf,
    0xfc, 0x3, 0x1e, 0xff, 0xff, 0x21, 0x41, 0x2f,
    0xf8, 0xbf, 0xfd, 0x10, 0x3f, 0xff, 0xfe, 0xa,
    0xfa, 0xe, 0xf8, 0xbf, 0xf8, 0x4a, 0x2b, 0xff,
    0xff, 0xff, 0xff, 0xff, 0xf8, 0xbf, 0xff, 0xff,
    0xff, 0xff, 0xdf, 0xff, 0xff, 0xff, 0xf8, 0xbf,
    0xff, 0xff, 0xff, 0xfd,

    /* U+F1AC "" */
    0x0, 0x0, 0xcf, 0xff, 0xff, 0xff, 0xf7, 0x0,
    0x0, 0x0, 0xfc, 0x88, 0x88, 0x88, 0xff, 0x70,
    0x0, 0x0, 0xf8, 0x0, 0x0, 0x0, 0xef, 0xf0,
    0x0, 0x0, 0xf8, 0x0, 0x0, 0x0, 0x8, 0xf0,
    0xcf, 0xc0, 0xf8, 0x0, 0x0, 0x0, 0x8, 0xf0,
    0xff, 0xf0, 0xf8, 0x0, 0x0, 0x0, 0x8, 0xfc,
    0xff, 0xf0, 0xff, 0xff, 0xff, 0xff, 0xff, 0xff,
    0xff, 0xf0, 0xff, 0xff, 0xff, 0xff, 0xff, 0xff,
    0xff, 0xf0, 0xff, 0xf1, 0x1f, 0xf1, 0x1f, 0xff,
    0xff, 0xf0, 0xff, 0xf1, 0x1f, 0xf1, 0x1f, 0xff,
    0xff, 0xf0, 0xff, 0xff, 0xff, 0xff, 0xff, 0xff,
    0xff, 0xf0, 0xff, 0xff, 0xff, 0xff, 0xff, 0xff,
    0xff, 0xf0, 0xff, 0xf1, 0x1f, 0xf1, 0x1f, 0xff,
    0xff, 0xf0, 0xff, 0xf1, 0x1f, 0xf1, 0x1f, 0xff,
    0xff, 0xf0, 0xff, 0xff, 0xff, 0xff, 0xff, 0xff,
    0xcf, 0xc0, 0xcf, 0xff, 0xff, 0xff, 0xff, 0xfc,

    /* U+F1AD "" */
    0xd, 0xff, 0xff, 0xff, 0xff, 0xff, 0xd0, 0xf,
    0xff, 0xff, 0xff, 0xff, 0xff, 0xf0, 0xf, 0xff,
    0x0, 0xff, 0x0, 0xff, 0xf0, 0xf, 0xff, 0x0,
    0xff, 0x0, 0xff, 0xf0, 0xf, 0xff, 0xff, 0xff,
    0xff, 0xff, 0xf0, 0xf, 0xff, 0x0, 0xff, 0x0,
    0xff, 0xf0, 0xf, 0xff, 0x0, 0xff, 0x0, 0xff,
    0xf0, 0xf, 0xff, 0xff, 0xff, 0xff, 0xff, 0xf0,
    0xf, 0xff, 0x0, 0xff, 0x0, 0xff, 0xf0, 0xf,
    0xff, 0x0, 0xff, 0x0, 0xff, 0xf0, 0xf, 0xff,
    0xff, 0xff, 0xff, 0xff, 0xf0, 0xf, 0xff, 0xff,
    0xff, 0xff, 0xff, 0xf0, 0xf, 0xff, 0xff, 0x0,
    0xff, 0xff, 0xf0, 0xf, 0xff, 0xff, 0x0, 0xff,
    0xff, 0xf0, 0xf, 0xff, 0xff, 0x0, 0xff, 0xff,
    0xf0, 0xff, 0xff, 0xff, 0xff, 0xff, 0xff, 0xff,

    /* U+F1AE "" */
    0x0, 0x0, 0x7e, 0xd4, 0x0, 0x0, 0x0, 0x3,
    0xff, 0xfe, 0x0, 0x0, 0xcc, 0x5, 0xff, 0xff,
    0x11, 0xdc, 0xdf, 0xc1, 0xef, 0xfb, 0x2e, 0xfc,
    0x1d, 0xfb, 0x16, 0x52, 0xef, 0xc1, 0x2, 0xef,
    0xff, 0xff, 0xfc, 0x10, 0x0, 0x2f, 0xff, 0xff,
    0xd0, 0x0, 0x0, 0xe, 0xff, 0xff, 0xa0, 0x0,
    0x0, 0xe, 0xff, 0xff, 0xa0, 0x0, 0x0, 0xe,
    0xff, 0xff, 0xa0, 0x0, 0x0, 0xe, 0xff, 0xff,
    0xa0, 0x0, 0x0, 0xe, 0xfc, 0xff, 0xa0, 0x0,
    0x0, 0xe, 0xf9, 0xef, 0xa0, 0x0, 0x0, 0xe,
    0xf9, 0xef, 0xa0, 0x0, 0x0, 0xe, 0xf9, 0xef,
    0xa0, 0x0, 0x0, 0xa, 0xf5, 0xaf, 0x60, 0x0,

    /* U+F1B0 "" */
    0x0, 0x0, 0x0, 0x0, 0x0, 0x0, 0x0, 0x0,
    0x0, 0x0, 0x0, 0x1d, 0xe3, 0x0, 0x3d, 0xd1,
    0x0, 0x0, 0x0, 0x0, 0x6f, 0xfd, 0x0, 0xef,
    0xf6, 0x0, 0x0, 0x0, 0x0, 0x7f, 0xff, 0x23,
    0xff, 0xf6, 0x0, 0x0, 0x0, 0x0, 0x2f, 0xff,
    0x22, 0xff, 0xf2, 0x0, 0x0, 0x8, 0xf9, 0x6,
    0xea, 0x0, 0xae, 0x60, 0x9f, 0x80, 0xf, 0xff,
    0x50, 0x0, 0x0, 0x0, 0x5, 0xff, 0xf0, 0xd,
    0xff, 0x70, 0x19, 0xee, 0x91, 0x7, 0xff, 0xd0,
    0x3, 0xdd, 0x13, 0xef, 0xff, 0xfe, 0x31, 0xdd,
    0x30, 0x0, 0x0, 0x3f, 0xff, 0xff, 0xff, 0xf3,
    0x0, 0x0, 0x0, 0x0, 0xef, 0xff, 0xff, 0xff,
    0xfe, 0x0, 0x0, 0x0, 0x8, 0xff, 0xff, 0xff,
    0xff, 0xff, 0x80, 0x0, 0x0, 0xd, 0xff, 0xff,
    0xff, 0xff, 0xff, 0xd0, 0x0, 0x0, 0xe, 0xff,
    0xff, 0xff, 0xff, 0xff, 0xe0, 0x0, 0x0, 0x5,
    0xef, 0xc8, 0x44, 0x8c, 0xfe, 0x50, 0x0,

    /* U+F1B2 "" */
    0x0, 0x0, 0x1, 0x7c, 0xc7, 0x10, 0x0, 0x0,
    0x0, 0x5, 0xbf, 0xff, 0xff, 0xfb, 0x50, 0x0,
    0x19, 0xef, 0xff, 0xb5, 0x5b, 0xff, 0xfe, 0x91,
    0xdf, 0xfd, 0x71, 0x0, 0x0, 0x17, 0xdf, 0xfd,
    0xff, 0x80, 0x0, 0x0, 0x0, 0x0, 0x8, 0xff,
    0xff, 0xfe, 0x82, 0x0, 0x0, 0x28, 0xef, 0xff,
    0xff, 0xff, 0xff, 0xb5, 0x5b, 0xff, 0xfc, 0xff,
    0xff, 0xff, 0xff, 0xff, 0xff, 0xf9, 0x20, 0xff,
    0xff, 0xff, 0xff, 0xff, 0xf6, 0x0, 0x0, 0xff,
    0xff, 0xff, 0xff, 0xff, 0xf0, 0x0, 0x0, 0xff,
    0xff, 0xff, 0xff, 0xff, 0xf0, 0x0, 0x0, 0xff,
    0xef, 0xff, 0xff, 0xff, 0xf0, 0x0, 0x7e, 0xfe,
    0x2c, 0xff, 0xff, 0xff, 0xf0, 0x7e, 0xff, 0xb2,
    0x0, 0x4c, 0xff, 0xff, 0xff, 0xff, 0xb3, 0x0,
    0x0, 0x0, 0x4c, 0xff, 0xff, 0xb3, 0x0, 0x0,
    0x0, 0x0, 0x0, 0x4b, 0xa3, 0x0, 0x0, 0x0,

    /* U+F1B3 "" */
    0x0, 0x0, 0x0, 0x0, 0x0, 0x0, 0x0, 0x0,
    0x0, 0x0, 0x2, 0x8e, 0xd7, 0x10, 0x0, 0x0,
    0x0, 0x0, 0xbe, 0x83, 0x5b, 0xf9, 0x0, 0x0,
    0x0, 0x3, 0xe5, 0x0, 0x2, 0x9f, 0x0, 0x0,
    0x0, 0x4, 0xff, 0xe9, 0xbf, 0xaf, 0x0, 0x0,
    0x0, 0x4, 0xff, 0xff, 0x91, 0xf, 0x0, 0x0,
    0x0, 0x6, 0xff, 0xff, 0x50, 0x1f, 0x20, 0x0,
    0x17, 0xde, 0xbf, 0xff, 0x9b, 0xfb, 0xfc, 0x71,
    0xdb, 0x40, 0x1, 0x7e, 0xd6, 0x0, 0x6, 0xdd,
    0xfe, 0x92, 0x5, 0xcf, 0xfa, 0x40, 0x3a, 0xff,
    0xff, 0xff, 0xfd, 0x5c, 0xff, 0xff, 0xf9, 0x4f,
    0xff, 0xff, 0xd0, 0xc, 0xff, 0xff, 0x20, 0x1f,
    0xef, 0xff, 0xc0, 0x4e, 0xff, 0xff, 0x10, 0x7e,
    0x3c, 0xff, 0xdb, 0xe6, 0x9f, 0xff, 0x9e, 0xb3,
    0x0, 0x4c, 0xe6, 0x0, 0x1, 0x9e, 0xb3, 0x0,
    0x0, 0x0, 0x0, 0x0, 0x0, 0x0, 0x0, 0x0,

    /* U+F1B4 "" */
    0xaa, 0xaa, 0xa9, 0x72, 0x0, 0x0, 0x0, 0x0,
    0x0, 0xff, 0xff, 0xff, 0xff, 0x30, 0x4, 0xff,
    0xff, 0x40, 0xff, 0x94, 0x46, 0xff, 0xa0, 0x0,
    0x0, 0x0, 0x0, 0xff, 0x70, 0x0, 0xaf, 0xb0,
    0x0, 0x7b, 0xc8, 0x10, 0xff, 0x82, 0x24, 0xef,
    0x50, 0x1d, 0xff, 0xef, 0xd1, 0xff, 0xff, 0xff,
    0xfb, 0x0, 0x9f, 0xa0, 0xa, 0xf9, 0xff, 0xb8,
    0x89, 0xef, 0xc0, 0xef, 0x96, 0x69, 0xfe, 0xff,
    0x70, 0x0, 0x4f, 0xf3, 0xff, 0xff, 0xff, 0xfe,
    0xff, 0x70, 0x0, 0x3f, 0xf4, 0xef, 0x40, 0x0,
    0x10, 0xff, 0xa7, 0x77, 0xdf, 0xf1, 0x8f, 0xc2,
    0x19, 0xf9, 0xff, 0xff, 0xff, 0xfe, 0x50, 0xc,
    0xff, 0xff, 0xd1, 0x77, 0x77, 0x76, 0x40, 0x0,
    0x0, 0x59, 0x96, 0x0,

    /* U+F1B5 "" */
    0x8f, 0xff, 0xff, 0xff, 0xff, 0xff, 0xf8, 0xff,
    0xff, 0xff, 0xff, 0xff, 0xff, 0xff, 0xff, 0xff,
    0xff, 0xff, 0xff, 0xff, 0xff, 0xff, 0xff, 0xff,
    0xff, 0xff, 0xff, 0xff, 0xff, 0x20, 0x10, 0x8f,
    0xb6, 0x7f, 0xff, 0xff, 0x27, 0xf9, 0x2f, 0xc7,
    0x9f, 0xff, 0xff, 0x22, 0x41, 0x8d, 0x19, 0x37,
    0xff, 0xff, 0x24, 0xa6, 0x8, 0x4, 0x22, 0xff,
    0xff, 0x26, 0xfa, 0x9, 0x2f, 0xca, 0xff, 0xff,
    0x20, 0x1, 0x8f, 0x61, 0x2c, 0xff, 0xff, 0xff,
    0xff, 0xff, 0xff, 0xff, 0xff, 0xff, 0xff, 0xff,
    0xff, 0xff, 0xff, 0xff, 0xff, 0xff, 0xff, 0xff,
    0xff, 0xff, 0xff, 0x8f, 0xff, 0xff, 0xff, 0xff,
    0xff, 0xf8,

    /* U+F1B6 "" */
    0x0, 0x0, 0x16, 0x9b, 0xb9, 0x40, 0x0, 0x0,
    0x0, 0x7, 0xff, 0xff, 0xff, 0xfd, 0x30, 0x0,
    0x0, 0xaf, 0xff, 0xff, 0xff, 0xff, 0xf6, 0x0,
    0x8, 0xff, 0xff, 0xff, 0xc4, 0x25, 0xdf, 0x40,
    0x2f, 0xff, 0xff, 0xfd, 0x18, 0x77, 0x2f, 0xd0,
    0x9f, 0xff, 0xff, 0xf7, 0x70, 0x2, 0x5a, 0xf4,
    0xdf, 0xff, 0xff, 0xf1, 0x70, 0x2, 0x5a, 0xf8,
    0x9f, 0xff, 0xff, 0x50, 0x18, 0x77, 0x2f, 0xfa,
    0x0, 0x6d, 0xe9, 0x0, 0x0, 0x14, 0xdf, 0xfa,
    0x0, 0x0, 0x5, 0x40, 0x7, 0xff, 0xff, 0xf8,
    0x65, 0x0, 0x0, 0x82, 0xcf, 0xff, 0xff, 0xf4,
    0x2f, 0xe4, 0x20, 0x98, 0xff, 0xff, 0xff, 0xd0,
    0x8, 0xfd, 0x67, 0x6f, 0xff, 0xff, 0xff, 0x30,
    0x0, 0xaf, 0xff, 0xff, 0xff, 0xff, 0xf6, 0x0,
    0x0, 0x7, 0xff, 0xff, 0xff, 0xfd, 0x30, 0x0,
    0x0, 0x0, 0x6, 0xab, 0xb9, 0x40, 0x0, 0x0,

    /* U+F1B7 "" */
    0x8f, 0xff, 0xff, 0xff, 0xff, 0xff, 0xf8, 0xff,
    0xff, 0xff, 0xff, 0xff, 0xff, 0xff, 0xff, 0xff,
    0xff, 0xff, 0x97, 0xbf, 0xff, 0xff, 0xff, 0xff,
    0xf4, 0x67, 0x27, 0xff, 0xff, 0xff, 0xff, 0xc5,
    0x20, 0x80, 0xff, 0xff, 0xff, 0xff, 0x66, 0x0,
    0x70, 0xff, 0xbf, 0xff, 0xfb, 0x0, 0x87, 0x45,
    0xff, 0x2, 0x8e, 0xb1, 0x0, 0x2, 0x7f, 0xff,
    0x0, 0x0, 0x27, 0x0, 0x9f, 0xff, 0xff, 0xd6,
    0x0, 0x3, 0x5d, 0xff, 0xff, 0xff, 0xff, 0xe2,
    0x38, 0x7f, 0xff, 0xff, 0xff, 0xff, 0xfb, 0x77,
    0xef, 0xff, 0xff, 0xff, 0xff, 0xff, 0xff, 0xff,
    0xff, 0xff, 0xff, 0x8f, 0xff, 0xff, 0xff, 0xff,
    0xff, 0xf8,

    /* U+F1B8 "" */
    0x0, 0x0, 0x0, 0x9, 0xee, 0x90, 0x0, 0x0,
    0x0, 0x0, 0x0, 0x9, 0xff, 0xff, 0x90, 0x0,
    0x0, 0x0, 0x0, 0x1, 0xff, 0x33, 0xff, 0x30,
    0x40, 0x0, 0x0, 0x0, 0x2, 0x50, 0x8, 0xfd,
    0xec, 0x0, 0x0, 0x3, 0x68, 0x0, 0x0, 0x2f,
    0xff, 0x80, 0x0, 0x4f, 0xff, 0xf2, 0x0, 0x3f,
    0xff, 0xf5, 0x0, 0x0, 0x8f, 0xff, 0x60, 0x0,
    0x59, 0xdf, 0x10, 0x0, 0x5, 0xff, 0xf9, 0x0,
    0x0, 0x0, 0x0, 0x0, 0x0, 0xef, 0x66, 0x80,
    0x0, 0x0, 0x0, 0xae, 0x10, 0x8f, 0xc0, 0x0,
    0x0, 0x0, 0x0, 0xb, 0xf9, 0xe, 0xf2, 0x0,
    0x0, 0x3, 0xe0, 0x0, 0x2f, 0xe0, 0xef, 0x30,
    0x0, 0x3, 0xff, 0x0, 0x3, 0xfe, 0x8, 0xff,
    0xff, 0x3, 0xff, 0xff, 0xff, 0xff, 0x80, 0x8,
    0xef, 0xf0, 0x3f, 0xff, 0xff, 0xfe, 0x80, 0x0,
    0x0, 0x0, 0x0, 0x3f, 0xf0, 0x0, 0x0, 0x0,
    0x0, 0x0, 0x0, 0x0, 0x3e, 0x0, 0x0, 0x0,
    0x0, 0x0, 0x0, 0x0, 0x0, 0x0, 0x0, 0x0,
    0x0,

    /* U+F1B9 "" */
    0x0, 0x0, 0x1a, 0xef, 0xff, 0xfe, 0x91, 0x0,
    0x0, 0x0, 0x0, 0xcf, 0xff, 0xff, 0xff, 0xfc,
    0x0, 0x0, 0x0, 0x5, 0xfc, 0x10, 0x0, 0x3,
    0xff, 0x50, 0x0, 0x7, 0x8d, 0xf3, 0x0, 0x0,
    0x0, 0x9f, 0xd8, 0x70, 0xd, 0xff, 0xf8, 0x88,
    0x88, 0x88, 0xaf, 0xff, 0xd0, 0x3, 0xff, 0xff,
    0xff, 0xff, 0xff, 0xff, 0xff, 0x30, 0x7, 0xf3,
    0x4f, 0xff, 0xff, 0xff, 0xd2, 0x3f, 0x70, 0x8,
    0xf3, 0xc, 0xff, 0xff, 0xff, 0x60, 0x3f, 0x80,
    0x6, 0xff, 0xff, 0xff, 0xff, 0xff, 0xff, 0xff,
    0x60, 0x0, 0xff, 0xff, 0xff, 0xff, 0xff, 0xff,
    0xff, 0x0, 0x0, 0xff, 0xd0, 0x0, 0x0, 0x0,
    0x2f, 0xff, 0x0, 0x0, 0xcf, 0x90, 0x0, 0x0,
    0x0, 0xd, 0xfc, 0x0,

    /* U+F1BA "" */
    0x0, 0x0, 0xc, 0xff, 0xff, 0xc0, 0x0, 0x0,
    0x0, 0x0, 0xf, 0xff, 0xff, 0xf0, 0x0, 0x0,
    0x0, 0xa, 0xff, 0xff, 0xff, 0xff, 0xa0, 0x0,
    0x0, 0x9f, 0xff, 0xff, 0xff, 0xff, 0xf9, 0x0,
    0x0, 0xef, 0x30, 0x0, 0x0, 0x3, 0xfe, 0x0,
    0x2, 0xfe, 0x0, 0x0, 0x0, 0x0, 0xef, 0x20,
    0x9, 0xfd, 0x88, 0x88, 0x88, 0x88, 0xdf, 0x90,
    0xbf, 0xff, 0xff, 0xff, 0xff, 0xff, 0xff, 0xfb,
    0xff, 0x33, 0xff, 0xff, 0xff, 0xff, 0x33, 0xff,
    0xff, 0x33, 0xff, 0xff, 0xff, 0xff, 0x33, 0xff,
    0xef, 0xff, 0xff, 0xff, 0xff, 0xff, 0xff, 0xfd,
    0x4f, 0xff, 0xff, 0xff, 0xff, 0xff, 0xff, 0xf4,
    0xf, 0xff, 0x0, 0x0, 0x0, 0x0, 0xff, 0xf0,
    0xc, 0xfc, 0x0, 0x0, 0x0, 0x0, 0xcf, 0xc0,

    /* U+F1BB "" */
    0x0, 0x0, 0x0, 0xaa, 0x0, 0x0, 0x0, 0x0,
    0x0, 0xa, 0xff, 0xa0, 0x0, 0x0, 0x0, 0x0,
    0x9f, 0xff, 0xf9, 0x0, 0x0, 0x0, 0x8, 0xff,
    0xff, 0xff, 0x80, 0x0, 0x0, 0xd, 0xff, 0xff,
    0xff, 0xd0, 0x0, 0x0, 0x0, 0xcf, 0xff, 0xfc,
    0x0, 0x0, 0x0, 0xa, 0xff, 0xff, 0xff, 0xa0,
    0x0, 0x0, 0x8f, 0xff, 0xff, 0xff, 0xf8, 0x0,
    0x0, 0xdf, 0xff, 0xff, 0xff, 0xfd, 0x0, 0x0,
    0xb, 0xff, 0xff, 0xff, 0xb0, 0x0, 0x0, 0xaf,
    0xff, 0xff, 0xff, 0xfa, 0x0, 0x8, 0xff, 0xff,
    0xff, 0xff, 0xff, 0x80, 0xd, 0xff, 0xff, 0xff,
    0xff, 0xff, 0xd0, 0x0, 0x0, 0x0, 0xff, 0x0,
    0x0, 0x0, 0x0, 0x0, 0x7, 0xff, 0x70, 0x0,
    0x0, 0x0, 0x0, 0xd, 0xff, 0xd0, 0x0, 0x0,

    /* U+F1BC "" */
    0x0, 0x0, 0x28, 0xbd, 0xc9, 0x40, 0x0, 0x0,
    0x0, 0x9, 0xff, 0xff, 0xff, 0xfc, 0x20, 0x0,
    0x0, 0xcf, 0xff, 0xff, 0xff, 0xff, 0xe2, 0x0,
    0x9, 0xff, 0xff, 0xff, 0xff, 0xff, 0xfd, 0x0,
    0x3f, 0xe8, 0x53, 0x33, 0x47, 0xbf, 0xff, 0x70,
    0x9f, 0x80, 0x14, 0x43, 0x20, 0x1, 0x8f, 0xe0,
    0xdf, 0xfe, 0xfe, 0xee, 0xff, 0xb4, 0xd, 0xf2,
    0xff, 0xf4, 0x0, 0x0, 0x15, 0xaf, 0xff, 0xf4,
    0xff, 0xf7, 0x9b, 0xcb, 0x84, 0x3, 0xff, 0xf4,
    0xdf, 0xff, 0xca, 0xaa, 0xdf, 0xd7, 0xff, 0xf2,
    0x9f, 0xf6, 0x35, 0x65, 0x21, 0x9f, 0xff, 0xe0,
    0x3f, 0xff, 0xff, 0xff, 0xfc, 0x5e, 0xff, 0x70,
    0x9, 0xff, 0xff, 0xff, 0xff, 0xff, 0xfd, 0x0,
    0x0, 0xcf, 0xff, 0xff, 0xff, 0xff, 0xe2, 0x0,
    0x0, 0x9, 0xff, 0xff, 0xff, 0xfc, 0x20, 0x0,
    0x0, 0x0, 0x28, 0xcd, 0xc9, 0x40, 0x0, 0x0,

    /* U+F1BD "" */
    0x0, 0x0, 0x0, 0x5d, 0xdd, 0x0, 0x0, 0x0,
    0xef, 0xff, 0x0, 0x0, 0x8, 0xff, 0xff, 0xff,
    0xff, 0xff, 0xff, 0xfa, 0xff, 0xff, 0xff, 0xff,
    0xf2, 0xff, 0xff, 0xff, 0xff, 0x90, 0xff, 0xff,
    0xff, 0xff, 0x10, 0x0, 0x4f, 0xff, 0xf8, 0x0,
    0x0, 0xaf, 0xff, 0xf2, 0x0, 0x2, 0xff, 0xff,
    0xff, 0xff, 0xa, 0xff, 0xff, 0xff, 0xff, 0x2f,
    0xff, 0xff, 0xff, 0xff, 0xaf, 0xff, 0xff, 0xff,
    0xff, 0xff, 0xff, 0x60, 0x0, 0x0, 0xff, 0xfc,
    0x0, 0x0, 0x0, 0xdd, 0xd3, 0x0, 0x0, 0x0,

    /* U+F1BE "" */
    0x0, 0x0, 0x0, 0x0, 0x0, 0x3, 0x53, 0x0,
    0x0, 0x0, 0x0, 0x0, 0x0, 0x0, 0x3, 0xaf,
    0xff, 0xc2, 0x0, 0x0, 0x0, 0x0, 0x3, 0x54,
    0x4b, 0xcf, 0xff, 0xfd, 0x0, 0x0, 0x0, 0x0,
    0x59, 0x87, 0x9c, 0xdf, 0xff, 0xff, 0x60, 0x0,
    0x1, 0x1, 0xab, 0x98, 0xac, 0xdf, 0xff, 0xff,
    0xdb, 0x80, 0x28, 0x56, 0xcc, 0xa9, 0xbd, 0xdf,
    0xff, 0xff, 0xff, 0xfa, 0x8b, 0xa9, 0xdd, 0xca,
    0xce, 0xef, 0xff, 0xff, 0xff, 0xff, 0x6a, 0x98,
    0xcb, 0xb9, 0xbd, 0xdf, 0xff, 0xff, 0xff, 0xfd,
    0x5, 0x55, 0x98, 0x87, 0x9a, 0xcf, 0xff, 0xff,
    0xff, 0xe3, 0x0, 0x0, 0x0, 0x0, 0x0, 0x2,
    0x22, 0x22, 0x21, 0x0,

    /* U+F1C0 "" */
    0x1, 0x6a, 0xde, 0xff, 0xed, 0xa7, 0x10, 0x8f,
    0xff, 0xff, 0xff, 0xff, 0xff, 0xf7, 0xff, 0xff,
    0xff, 0xff, 0xff, 0xff, 0xff, 0xff, 0xff, 0xff,
    0xff, 0xff, 0xff, 0xff, 0x7f, 0xff, 0xff, 0xff,
    0xff, 0xff, 0xf8, 0x31, 0x7a, 0xde, 0xff, 0xed,
    0xa6, 0x13, 0xfc, 0x74, 0x10, 0x0, 0x1, 0x47,
    0xcf, 0xff, 0xff, 0xff, 0xff, 0xff, 0xff, 0xff,
    0xff, 0xff, 0xff, 0xff, 0xff, 0xff, 0xff, 0x8f,
    0xff, 0xff, 0xff, 0xff, 0xff, 0xf8, 0x31, 0x6a,
    0xde, 0xff, 0xed, 0xa6, 0x13, 0xfc, 0x74, 0x10,
    0x0, 0x1, 0x47, 0xcf, 0xff, 0xff, 0xff, 0xff,
    0xff, 0xff, 0xff, 0xff, 0xff, 0xff, 0xff, 0xff,
    0xff, 0xff, 0x8f, 0xff, 0xff, 0xff, 0xff, 0xff,
    0xf8, 0x1, 0x6a, 0xde, 0xff, 0xed, 0xa6, 0x10,

    /* U+F1C1 "" */
    0xdf, 0xff, 0xff, 0xf0, 0xd1, 0x0, 0xff, 0xff,
    0xff, 0xf0, 0xfd, 0x10, 0xff, 0xff, 0xff, 0xf0,
    0xff, 0xd1, 0xff, 0xff, 0xff, 0xf0, 0xff, 0xfd,
    0xff, 0xff, 0xff, 0xf2, 0x0, 0x0, 0xff, 0xff,
    0xff, 0xff, 0xff, 0xff, 0xff, 0xff, 0xe2, 0xbf,
    0xff, 0xff, 0xff, 0xff, 0xd2, 0xaf, 0xff, 0xff,
    0xff, 0xff, 0xf0, 0xcf, 0xff, 0xff, 0xff, 0xff,
    0xd2, 0x5f, 0xff, 0xff, 0xff, 0xff, 0x6c, 0x54,
    0x57, 0xff, 0xff, 0xfb, 0x15, 0x78, 0x44, 0xff,
    0xff, 0x81, 0x8f, 0xff, 0xff, 0xff, 0xff, 0x36,
    0xff, 0xff, 0xff, 0xff, 0xff, 0xff, 0xff, 0xff,
    0xff, 0xff, 0xdf, 0xff, 0xff, 0xff, 0xff, 0xfd,

    /* U+F1C2 "" */
    0xdf, 0xff, 0xff, 0xf0, 0xd1, 0x0, 0xff, 0xff,
    0xff, 0xf0, 0xfd, 0x10, 0xff, 0xff, 0xff, 0xf0,
    0xff, 0xd1, 0xff, 0xff, 0xff, 0xf0, 0xff, 0xfd,
    0xff, 0xff, 0xff, 0xf2, 0x0, 0x0, 0xff, 0xff,
    0xff, 0xff, 0xff, 0xff, 0xff, 0xff, 0xff, 0xff,
    0xff, 0xff, 0xff, 0xff, 0xff, 0xff, 0xff, 0xff,
    0xff, 0x35, 0xf2, 0x2f, 0x62, 0xff, 0xff, 0x52,
    0xe0, 0xe, 0x35, 0xff, 0xff, 0x90, 0x91, 0xa,
    0x8, 0xff, 0xff, 0xc0, 0x34, 0x44, 0xc, 0xff,
    0xff, 0xf0, 0x8, 0x70, 0xf, 0xff, 0xff, 0xf4,
    0xc, 0xb0, 0x4f, 0xff, 0xff, 0xff, 0xff, 0xff,
    0xff, 0xff, 0xdf, 0xff, 0xff, 0xff, 0xff, 0xfd,

    /* U+F1C3 "" */
    0xdf, 0xff, 0xff, 0xf0, 0xd1, 0x0, 0xff, 0xff,
    0xff, 0xf0, 0xfd, 0x10, 0xff, 0xff, 0xff, 0xf0,
    0xff, 0xd1, 0xff, 0xff, 0xff, 0xf0, 0xff, 0xfd,
    0xff, 0xff, 0xff, 0xf2, 0x0, 0x0, 0xff, 0xff,
    0xff, 0xff, 0xff, 0xff, 0xff, 0xff, 0xff, 0xff,
    0xff, 0xff, 0xff, 0xf3, 0x1e, 0xe1, 0x3f, 0xff,
    0xff, 0xfb, 0x7, 0x70, 0xbf, 0xff, 0xff, 0xff,
    0x50, 0x5, 0xff, 0xff, 0xff, 0xff, 0xd0, 0xd,
    0xff, 0xff, 0xff, 0xff, 0x50, 0x5, 0xff, 0xff,
    0xff, 0xfb, 0x6, 0x70, 0xbf, 0xff, 0xff, 0xf3,
    0x1e, 0xe1, 0x3f, 0xff, 0xff, 0xff, 0xff, 0xff,
    0xff, 0xff, 0xdf, 0xff, 0xff, 0xff, 0xff, 0xfd,

    /* U+F1C4 "" */
    0xdf, 0xff, 0xff, 0xf0, 0xd1, 0x0, 0xff, 0xff,
    0xff, 0xf0, 0xfd, 0x10, 0xff, 0xff, 0xff, 0xf0,
    0xff, 0xd1, 0xff, 0xff, 0xff, 0xf0, 0xff, 0xfd,
    0xff, 0xff, 0xff, 0xf2, 0x0, 0x0, 0xff, 0xff,
    0xff, 0xff, 0xff, 0xff, 0xff, 0xff, 0xff, 0xff,
    0xff, 0xff, 0xff, 0xf8, 0x0, 0x5, 0xff, 0xff,
    0xff, 0xf7, 0x9, 0x80, 0x8f, 0xff, 0xff, 0xf7,
    0xc, 0xc0, 0x6f, 0xff, 0xff, 0xf7, 0x1, 0x0,
    0x9f, 0xff, 0xff, 0xf7, 0x1, 0x37, 0xff, 0xff,
    0xff, 0xf7, 0xc, 0xff, 0xff, 0xff, 0xff, 0xf8,
    0xd, 0xff, 0xff, 0xff, 0xff, 0xff, 0xff, 0xff,
    0xff, 0xff, 0xdf, 0xff, 0xff, 0xff, 0xff, 0xfd,

    /* U+F1C5 "" */
    0xdf, 0xff, 0xff, 0xf0, 0xd1, 0x0, 0xff, 0xff,
    0xff, 0xf0, 0xfd, 0x10, 0xff, 0xff, 0xff, 0xf0,
    0xff, 0xd1, 0xff, 0xff, 0xff, 0xf0, 0xff, 0xfd,
    0xff, 0xff, 0xff, 0xf2, 0x0, 0x0, 0xff, 0xd8,
    0xdf, 0xff, 0xff, 0xff, 0xff, 0x20, 0x1f, 0xff,
    0xff, 0xff, 0xff, 0x20, 0x1f, 0xff, 0xff, 0xff,
    0xff, 0xd8, 0xdf, 0xfe, 0x4d, 0xff, 0xff, 0xff,
    0xff, 0xe2, 0x1, 0xff, 0xff, 0xe4, 0xde, 0x20,
    0x0, 0xff, 0xff, 0x20, 0x12, 0x0, 0x0, 0xff,
    0xff, 0x0, 0x0, 0x0, 0x0, 0xff, 0xff, 0xff,
    0xff, 0xff, 0xff, 0xff, 0xff, 0xff, 0xff, 0xff,
    0xff, 0xff, 0xdf, 0xff, 0xff, 0xff, 0xff, 0xfd,

    /* U+F1C6 "" */
    0xdf, 0xff, 0xf, 0xf0, 0xd1, 0x0, 0xff, 0xf0,
    0xff, 0xf0, 0xfd, 0x10, 0xff, 0xff, 0xf, 0xf0,
    0xff, 0xd1, 0xff, 0xf0, 0xff, 0xf0, 0xff, 0xfd,
    0xff, 0xff, 0xf, 0xf2, 0x0, 0x0, 0xff, 0xf0,
    0xff, 0xff, 0xff, 0xff, 0xff, 0xff, 0xf, 0xff,
    0xff, 0xff, 0xff, 0xf0, 0xff, 0xff, 0xff, 0xff,
    0xff, 0xe0, 0xe, 0xff, 0xff, 0xff, 0xff, 0xb0,
    0xb, 0xff, 0xff, 0xff, 0xff, 0x84, 0x57, 0xff,
    0xff, 0xff, 0xff, 0x6e, 0xe6, 0xff, 0xff, 0xff,
    0xff, 0xd2, 0x2d, 0xff, 0xff, 0xff, 0xff, 0xff,
    0xff, 0xff, 0xff, 0xff, 0xff, 0xff, 0xff, 0xff,
    0xff, 0xff, 0xdf, 0xff, 0xff, 0xff, 0xff, 0xfd,

    /* U+F1C7 "" */
    0xdf, 0xff, 0xff, 0xf0, 0xd1, 0x0, 0xff, 0xff,
    0xff, 0xf0, 0xfd, 0x10, 0xff, 0xff, 0xff, 0xf0,
    0xff, 0xd1, 0xff, 0xff, 0xff, 0xf0, 0xff, 0xfd,
    0xff, 0xff, 0xff, 0xf2, 0x0, 0x0, 0xff, 0xff,
    0xff, 0xff, 0xff, 0xff, 0xff, 0xff, 0xff, 0xff,
    0xff, 0xff, 0xff, 0xff, 0xff, 0xfd, 0x5f, 0xff,
    0xff, 0xfe, 0x2f, 0xed, 0x7, 0xff, 0xff, 0x41,
    0xe, 0x6, 0x72, 0xff, 0xff, 0x0, 0xf, 0x21,
    0xa0, 0xff, 0xff, 0x41, 0xe, 0x4, 0x81, 0xff,
    0xff, 0xfd, 0x2f, 0xad, 0x15, 0xff, 0xff, 0xff,
    0xff, 0xfc, 0x1d, 0xff, 0xff, 0xff, 0xff, 0xff,
    0xff, 0xff, 0xdf, 0xff, 0xff, 0xff, 0xff, 0xfd,

    /* U+F1C8 "" */
    0xdf, 0xff, 0xff, 0xf0, 0xd1, 0x0, 0xff, 0xff,
    0xff, 0xf0, 0xfd, 0x10, 0xff, 0xff, 0xff, 0xf0,
    0xff, 0xd1, 0xff, 0xff, 0xff, 0xf0, 0xff, 0xfd,
    0xff, 0xff, 0xff, 0xf2, 0x0, 0x0, 0xff, 0xff,
    0xff, 0xff, 0xff, 0xff, 0xff, 0xff, 0xff, 0xff,
    0xff, 0xff, 0xff, 0xff, 0xff, 0xff, 0xff, 0xff,
    0xff, 0x20, 0x0, 0x2f, 0x72, 0xff, 0xff, 0x0,
    0x0, 0x7, 0x0, 0xff, 0xff, 0x0, 0x0, 0x0,
    0x0, 0xff, 0xff, 0x0, 0x0, 0x7, 0x0, 0xff,
    0xff, 0x20, 0x0, 0x2f, 0x72, 0xff, 0xff, 0xff,
    0xff, 0xff, 0xff, 0xff, 0xff, 0xff, 0xff, 0xff,
    0xff, 0xff, 0xdf, 0xff, 0xff, 0xff, 0xff, 0xfd,

    /* U+F1C9 "" */
    0xdf, 0xff, 0xff, 0xf0, 0xd1, 0x0, 0xff, 0xff,
    0xff, 0xf0, 0xfd, 0x10, 0xff, 0xff, 0xff, 0xf0,
    0xff, 0xd1, 0xff, 0xff, 0xff, 0xf0, 0xff, 0xfd,
    0xff, 0xff, 0xff, 0xf2, 0x0, 0x0, 0xff, 0xff,
    0xff, 0xff, 0xff, 0xff, 0xff, 0xff, 0xff, 0xff,
    0xff, 0xff, 0xff, 0xff, 0xff, 0x48, 0xff, 0xff,
    0xff, 0xfa, 0xef, 0xb, 0xaf, 0xff, 0xff, 0x80,
    0xba, 0xc, 0x7, 0xff, 0xfb, 0x8, 0xf6, 0x5f,
    0x90, 0xaf, 0xff, 0x80, 0xb1, 0x9c, 0x7, 0xff,
    0xff, 0xfa, 0xb0, 0xef, 0xaf, 0xff, 0xff, 0xff,
    0x93, 0xff, 0xff, 0xff, 0xff, 0xff, 0xff, 0xff,
    0xff, 0xff, 0xdf, 0xff, 0xff, 0xff, 0xff, 0xfd,

    /* U+F1CA "" */
    0x0, 0x0, 0x0, 0x7, 0xcc, 0x70, 0x0, 0x0,
    0x0, 0x8, 0xff, 0xff, 0x80, 0xbc, 0x40, 0x0,
    0xff, 0x69, 0xfd, 0xc, 0xf7, 0x0, 0x2f, 0xf0,
    0x3f, 0xe0, 0x9f, 0xa0, 0x2, 0xff, 0x5, 0xfd,
    0x6, 0xfe, 0x0, 0xe, 0xf5, 0x3c, 0x80, 0x1f,
    0xf2, 0x0, 0x7f, 0xe5, 0x0, 0x0, 0xdf, 0x80,
    0x0, 0xbf, 0xff, 0xf0, 0x7, 0xff, 0x10, 0x0,
    0xef, 0xda, 0x0, 0x1f, 0xf8, 0x0, 0x7f, 0xe0,
    0x0, 0x0, 0x7f, 0xf2, 0x3f, 0xf5, 0x0, 0x0,
    0x0, 0xdf, 0xde, 0xf9, 0x0, 0x0, 0x0, 0x2,
    0xff, 0xfb, 0x0, 0x0, 0x0, 0x0, 0x2, 0xb9,
    0x0, 0x0, 0x0, 0x0, 0x0, 0x0, 0x0, 0x0,
    0x0, 0x0,

    /* U+F1CB "" */
    0x0, 0x0, 0x0, 0x0, 0x0, 0x0, 0x0, 0x0,
    0x0, 0x0, 0x0, 0x4d, 0x90, 0x0, 0x0, 0x0,
    0x0, 0x0, 0x8, 0xff, 0xfe, 0x40, 0x0, 0x0,
    0x0, 0x3, 0xdf, 0x6e, 0x8a, 0xf9, 0x0, 0x0,
    0x0, 0x8f, 0xc2, 0xe, 0x70, 0x6f, 0xd3, 0x0,
    0x2c, 0xf7, 0x0, 0xe, 0x70, 0x2, 0xcf, 0x80,
    0xff, 0x40, 0x0, 0x6f, 0xc2, 0x0, 0xb, 0xf8,
    0xff, 0xe5, 0x1b, 0xf9, 0xdf, 0x61, 0xaf, 0xf9,
    0xf6, 0xaf, 0xfe, 0x40, 0x8, 0xff, 0xe5, 0xd9,
    0xf6, 0xaf, 0xfe, 0x40, 0x8, 0xff, 0xe5, 0xd9,
    0xff, 0xe5, 0x1b, 0xf9, 0xdf, 0x61, 0xaf, 0xf9,
    0xff, 0x40, 0x0, 0x6f, 0xc2, 0x0, 0xb, 0xf8,
    0x2c, 0xf7, 0x0, 0xe, 0x70, 0x2, 0xcf, 0x80,
    0x0, 0x8f, 0xc2, 0xe, 0x70, 0x6f, 0xd3, 0x0,
    0x0, 0x3, 0xdf, 0x6e, 0x8a, 0xf9, 0x0, 0x0,
    0x0, 0x0, 0x8, 0xff, 0xfe, 0x40, 0x0, 0x0,
    0x0, 0x0, 0x0, 0x4d, 0xa0, 0x0, 0x0, 0x0,
    0x0, 0x0, 0x0, 0x0, 0x0, 0x0, 0x0, 0x0,

    /* U+F1CC "" */
    0x0, 0x0, 0x0, 0x0, 0x0, 0x0, 0x0, 0x0,
    0x0, 0x0, 0x0, 0x0, 0x2, 0x88, 0x89, 0x81,
    0x0, 0x0, 0x0, 0x0, 0x0, 0x48, 0x0, 0x0,
    0x19, 0x20, 0x0, 0x0, 0x7, 0x87, 0x80, 0x0,
    0x0, 0x0, 0x90, 0x0, 0x0, 0x91, 0x3, 0x0,
    0x0, 0x0, 0x0, 0x26, 0x0, 0x3, 0x50, 0x0,
    0x0, 0x0, 0x0, 0x0, 0x8, 0x0, 0x6, 0x40,
    0x6, 0x87, 0x0, 0x48, 0x81, 0x9, 0x30, 0x37,
    0x0, 0x44, 0x3, 0x90, 0x50, 0x19, 0x0, 0x82,
    0x80, 0x0, 0x80, 0x0, 0x29, 0x0, 0x8, 0x0,
    0x8, 0x80, 0x0, 0x38, 0x5, 0x42, 0x91, 0x37,
    0x0, 0x8, 0x80, 0x0, 0x3, 0x74, 0x0, 0x17,
    0x50, 0x0, 0x8, 0x28, 0x0, 0x0, 0x0, 0x0,
    0x0, 0x0, 0x0, 0x82, 0x2, 0x98, 0x88, 0x88,
    0x88, 0x88, 0x88, 0x88, 0x30,

    /* U+F1CD "" */
    0x0, 0x0, 0x5, 0x9b, 0xb9, 0x50, 0x0, 0x0,
    0x0, 0x4, 0xdf, 0xff, 0xff, 0xfd, 0x40, 0x0,
    0x0, 0x6e, 0xef, 0xff, 0xff, 0xfe, 0xe6, 0x0,
    0x4, 0xe2, 0x2e, 0xff, 0xff, 0xe2, 0x2e, 0x40,
    0xd, 0xe2, 0x4, 0xff, 0xff, 0x40, 0x2e, 0xd0,
    0x5f, 0xfe, 0x4e, 0x71, 0x17, 0xe4, 0xef, 0xf5,
    0x9f, 0xff, 0xf7, 0x0, 0x0, 0x7f, 0xff, 0xf9,
    0xbf, 0xff, 0xf1, 0x0, 0x0, 0x1f, 0xff, 0xfb,
    0xbf, 0xff, 0xf1, 0x0, 0x0, 0x1f, 0xff, 0xfb,
    0x9f, 0xff, 0xf7, 0x0, 0x0, 0x7f, 0xff, 0xf9,
    0x5f, 0xfe, 0x4e, 0x71, 0x17, 0xe4, 0xef, 0xf5,
    0xe, 0xe2, 0x4, 0xff, 0xff, 0x40, 0x2e, 0xd0,
    0x4, 0xe2, 0x2e, 0xff, 0xff, 0xe2, 0x2e, 0x40,
    0x0, 0x6e, 0xef, 0xff, 0xff, 0xfe, 0xe6, 0x0,
    0x0, 0x4, 0xef, 0xff, 0xff, 0xfd, 0x40, 0x0,
    0x0, 0x0, 0x5, 0x9b, 0xb9, 0x50, 0x0, 0x0,

    /* U+F1CE "" */
    0x0, 0x0, 0x3, 0x40, 0x4, 0x30, 0x0, 0x0,
    0x0, 0x3, 0xcf, 0xf0, 0xf, 0xfc, 0x30, 0x0,
    0x0, 0x5f, 0xfe, 0x70, 0x7, 0xef, 0xf5, 0x0,
    0x3, 0xff, 0x90, 0x0, 0x0, 0x8, 0xff, 0x30,
    0xd, 0xf8, 0x0, 0x0, 0x0, 0x0, 0x8f, 0xd0,
    0x4f, 0xd0, 0x0, 0x0, 0x0, 0x0, 0xd, 0xf4,
    0x9f, 0x70, 0x0, 0x0, 0x0, 0x0, 0x7, 0xf9,
    0xbf, 0x40, 0x0, 0x0, 0x0, 0x0, 0x4, 0xfb,
    0xbf, 0x40, 0x0, 0x0, 0x0, 0x0, 0x4, 0xfb,
    0x9f, 0x60, 0x0, 0x0, 0x0, 0x0, 0x6, 0xfa,
    0x5f, 0xc0, 0x0, 0x0, 0x0, 0x0, 0xc, 0xf6,
    0xe, 0xf5, 0x0, 0x0, 0x0, 0x0, 0x6f, 0xe0,
    0x6, 0xff, 0x50, 0x0, 0x0, 0x5, 0xff, 0x50,
    0x0, 0x8f, 0xfb, 0x52, 0x25, 0xbf, 0xf8, 0x0,
    0x0, 0x6, 0xef, 0xff, 0xff, 0xff, 0x50, 0x0,
    0x0, 0x0, 0x16, 0xbd, 0xdb, 0x71, 0x0, 0x0,

    /* U+F1D0 "" */
    0x0, 0x0, 0x0, 0x3, 0x20, 0x0, 0x0, 0x0,
    0x0, 0x0, 0x0, 0x2e, 0xd1, 0x0, 0x0, 0x0,
    0x0, 0x24, 0x1, 0x3f, 0xf2, 0x10, 0x62, 0x0,
    0x0, 0xc0, 0xb, 0xde, 0xde, 0xa0, 0xd, 0x10,
    0x9, 0x90, 0x0, 0xdf, 0xfc, 0x0, 0xa, 0xb0,
    0x1f, 0x60, 0x0, 0x5f, 0xf4, 0x0, 0x6, 0xf2,
    0x5f, 0x70, 0x0, 0x1f, 0xf1, 0x0, 0x7, 0xf6,
    0x8f, 0xc0, 0x0, 0xf, 0xf0, 0x0, 0xc, 0xf8,
    0x8f, 0xf7, 0x0, 0x5f, 0xf5, 0x0, 0x8f, 0xf8,
    0x7f, 0xff, 0xb9, 0xff, 0xff, 0x9c, 0xff, 0xf7,
    0x3f, 0xff, 0xff, 0xff, 0xff, 0xff, 0xff, 0xf4,
    0xd, 0xff, 0xff, 0xff, 0xff, 0xff, 0xff, 0xe0,
    0x4, 0xff, 0xff, 0xff, 0xff, 0xff, 0xff, 0x60,
    0x0, 0x6f, 0xff, 0xff, 0xff, 0xff, 0xf9, 0x0,
    0x0, 0x5, 0xef, 0xff, 0xff, 0xff, 0x70, 0x0,
    0x0, 0x0, 0x6, 0xbd, 0xdb, 0x71, 0x0, 0x0,

    /* U+F1D1 "" */
    0x0, 0x0, 0x15, 0x66, 0x66, 0x30, 0x0, 0x0,
    0x0, 0x5, 0x8a, 0xa5, 0x9c, 0x97, 0x20, 0x0,
    0x0, 0x7a, 0xfb, 0x40, 0x9, 0xee, 0x93, 0x0,
    0x6, 0xad, 0x40, 0x9, 0x40, 0x9, 0xc9, 0x20,
    0x28, 0x20, 0x0, 0xe, 0x60, 0x0, 0x6, 0x70,
    0x6a, 0x1, 0xd3, 0x1d, 0x70, 0x97, 0x6, 0xa1,
    0x7f, 0x32, 0xae, 0xef, 0xfe, 0xd6, 0xb, 0xa5,
    0x9f, 0x10, 0x7, 0xff, 0xff, 0x0, 0x9, 0xb6,
    0x8f, 0x20, 0x1a, 0xff, 0xff, 0x40, 0x9, 0xa6,
    0x6e, 0x33, 0xfb, 0x9f, 0xd7, 0xfb, 0x9, 0x85,
    0x68, 0x0, 0x60, 0xc, 0x40, 0x33, 0x6, 0x71,
    0x25, 0x74, 0x0, 0xf, 0x70, 0x1, 0x46, 0x60,
    0x6, 0x7f, 0x80, 0x2, 0x10, 0x3d, 0xd6, 0x20,
    0x0, 0x77, 0xfe, 0x60, 0xc, 0xfc, 0x63, 0x0,
    0x0, 0x5, 0x79, 0xa6, 0x9b, 0x76, 0x20, 0x0,
    0x0, 0x0, 0x15, 0x66, 0x66, 0x30, 0x0, 0x0,

    /* U+F1D2 "" */
    0x8f, 0xff, 0xff, 0xff, 0xff, 0xff, 0xf8, 0xff,
    0xff, 0xff, 0xff, 0xff, 0xff, 0xff, 0xff, 0xff,
    0xff, 0xff, 0xff, 0xff, 0xff, 0xff, 0xff, 0xff,
    0xf1, 0xcf, 0xdf, 0xff, 0xff, 0xff, 0xff, 0xfc,
    0xf8, 0x5f, 0xff, 0xff, 0x91, 0x22, 0x90, 0x81,
    0x17, 0xff, 0xff, 0x2b, 0xa4, 0xf2, 0xb6, 0x6f,
    0xff, 0xff, 0x81, 0x19, 0xf2, 0xb6, 0x6f, 0xff,
    0xff, 0x34, 0x7b, 0xc0, 0x68, 0x5, 0xff, 0xff,
    0x38, 0x60, 0xdd, 0xdf, 0xef, 0xff, 0xff, 0x43,
    0x36, 0xff, 0xff, 0xff, 0xff, 0xff, 0xff, 0xff,
    0xff, 0xff, 0xff, 0xff, 0xff, 0xff, 0xff, 0xff,
    0xff, 0xff, 0xff, 0x8f, 0xff, 0xff, 0xff, 0xff,
    0xff, 0xf8,

    /* U+F1D3 "" */
    0x0, 0x0, 0x0, 0x0, 0x44, 0x0, 0x0, 0x0,
    0x0, 0x0, 0x0, 0x1, 0xff, 0x10, 0x13, 0x0,
    0x0, 0x0, 0x0, 0x0, 0xbb, 0x0, 0x9c, 0x0,
    0x0, 0x12, 0x11, 0x1, 0x33, 0x6, 0xfe, 0x53,
    0x2d, 0xff, 0xff, 0xc9, 0xff, 0x4f, 0xff, 0xfa,
    0xaf, 0x62, 0xdd, 0x0, 0xdf, 0x22, 0xfc, 0x0,
    0xbf, 0x10, 0xbf, 0x0, 0xcf, 0x22, 0xfc, 0x0,
    0x6f, 0xec, 0xfb, 0x0, 0xcf, 0x22, 0xfc, 0x0,
    0x2e, 0xa9, 0x60, 0x0, 0xcf, 0x22, 0xfd, 0x0,
    0xbf, 0xcb, 0x96, 0x6, 0xef, 0xa0, 0xef, 0xfd,
    0x8f, 0xff, 0xff, 0x84, 0x77, 0x60, 0x16, 0x62,
    0xe9, 0x0, 0x6f, 0x90, 0x0, 0x0, 0x0, 0x0,
    0xbf, 0xcc, 0xfe, 0x20, 0x0, 0x0, 0x0, 0x0,
    0x4, 0x66, 0x40, 0x0, 0x0, 0x0, 0x0, 0x0,

    /* U+F1D4 "" */
    0xff, 0xff, 0xff, 0xff, 0xff, 0xff, 0xff, 0xff,
    0xff, 0xff, 0xff, 0xff, 0xff, 0xff, 0xff, 0xff,
    0xff, 0xff, 0xff, 0xff, 0xff, 0xff, 0xff, 0x49,
    0xff, 0xa4, 0xff, 0xff, 0xff, 0xff, 0xc1, 0xff,
    0x2c, 0xff, 0xff, 0xff, 0xff, 0xf4, 0x9a, 0x4f,
    0xff, 0xff, 0xff, 0xff, 0xfd, 0x23, 0xdf, 0xff,
    0xff, 0xff, 0xff, 0xff, 0x55, 0xff, 0xff, 0xff,
    0xff, 0xff, 0xff, 0x88, 0xff, 0xff, 0xff, 0xff,
    0xff, 0xff, 0x88, 0xff, 0xff, 0xff, 0xff, 0xff,
    0xff, 0x88, 0xff, 0xff, 0xff, 0xff, 0xff, 0xff,
    0xff, 0xff, 0xff, 0xff, 0xff, 0xff, 0xff, 0xff,
    0xff, 0xff, 0xff, 0xff, 0xff, 0xff, 0xff, 0xff,
    0xff, 0xff,

    /* U+F1D5 "" */
    0x0, 0x5, 0xce, 0xec, 0x50, 0x0, 0x0, 0x9c,
    0x30, 0x3, 0xc9, 0x0, 0x6, 0xb0, 0x0, 0x0,
    0xb, 0x60, 0xd, 0x20, 0x7, 0x81, 0x1, 0xe0,
    0x1d, 0x0, 0x7f, 0xfa, 0x0, 0xc2, 0x2c, 0x0,
    0x9f, 0xfb, 0x0, 0xc2, 0xe, 0x1, 0xdb, 0xc2,
    0x0, 0xe0, 0x8, 0x2c, 0x50, 0x0, 0x6, 0xa0,
    0x0, 0x5a, 0x0, 0x0, 0x5d, 0x10, 0x0, 0xc3,
    0x48, 0x8c, 0xb2, 0x0, 0x2, 0xc0, 0x15, 0x52,
    0x0, 0x0, 0x7, 0x80, 0x0, 0x0, 0x0, 0x0,
    0x9, 0x50, 0x0, 0x0, 0x0, 0x0, 0xb, 0x30,
    0x0, 0x0, 0x0, 0x0, 0xb, 0x30, 0x0, 0x0,
    0x0, 0x0, 0x9, 0x30, 0x0, 0x0, 0x0, 0x0,
    0x0, 0x0, 0x0, 0x0, 0x0, 0x0,

    /* U+F1D6 "" */
    0x0, 0x0, 0x5c, 0xff, 0xc5, 0x0, 0x0, 0x0,
    0x7, 0xff, 0xff, 0xff, 0x70, 0x0, 0x0, 0x2f,
    0xff, 0xff, 0xff, 0xf2, 0x0, 0x0, 0x9f, 0xff,
    0xff, 0xff, 0xf9, 0x0, 0x0, 0xdf, 0xff, 0xff,
    0xff, 0xfd, 0x0, 0x0, 0xff, 0xff, 0xff, 0xff,
    0xff, 0x0, 0x0, 0xff, 0xff, 0xff, 0xff, 0xff,
    0x0, 0x5, 0xff, 0xff, 0xff, 0xff, 0xff, 0x40,
    0xb, 0xff, 0xff, 0xff, 0xff, 0xff, 0xb0, 0x1f,
    0xff, 0xff, 0xff, 0xff, 0xff, 0xf1, 0x5f, 0xff,
    0xff, 0xff, 0xff, 0xff, 0xf5, 0x9e, 0xff, 0xff,
    0xff, 0xff, 0xff, 0xe9, 0xa3, 0xff, 0xff, 0xff,
    0xff, 0xff, 0x3a, 0x0, 0x8f, 0xff, 0xff, 0xff,
    0xf8, 0x0, 0x0, 0xd, 0xff, 0xff, 0xff, 0xd0,
    0x0, 0x0, 0xcf, 0xff, 0xee, 0xff, 0xfc, 0x0,

    /* U+F1D7 "" */
    0x0, 0x6, 0xcf, 0xfe, 0xa3, 0x0, 0x0, 0x0,
    0x0, 0x1, 0xdf, 0xff, 0xff, 0xff, 0x80, 0x0,
    0x0, 0x0, 0xd, 0xfe, 0xbf, 0xff, 0xaf, 0xf8,
    0x0, 0x0, 0x0, 0x7f, 0xf8, 0xf, 0xfc, 0xc,
    0xff, 0x10, 0x0, 0x0, 0xbf, 0xff, 0xff, 0xff,
    0xfc, 0x9a, 0x74, 0x0, 0x0, 0xbf, 0xff, 0xff,
    0xff, 0x8b, 0xff, 0xff, 0xf7, 0x0, 0x8f, 0xff,
    0xff, 0xf9, 0xef, 0xff, 0xff, 0xff, 0x80, 0x1e,
    0xff, 0xff, 0xfa, 0xff, 0x1e, 0xf6, 0x6f, 0xf3,
    0x3, 0xef, 0xff, 0xcd, 0xff, 0xef, 0xff, 0xff,
    0xf7, 0x0, 0x7f, 0xff, 0xcd, 0xff, 0xff, 0xff,
    0xff, 0xf6, 0x0, 0x96, 0x24, 0x49, 0xff, 0xff,
    0xff, 0xff, 0xf1, 0x0, 0x0, 0x0, 0x1, 0xdf,
    0xff, 0xff, 0xff, 0x60, 0x0, 0x0, 0x0, 0x0,
    0x1a, 0xff, 0xff, 0xf8, 0x0, 0x0, 0x0, 0x0,
    0x0, 0x0, 0x14, 0x42, 0x37, 0x0,

    /* U+F1D8 "" */
    0x0, 0x0, 0x0, 0x0, 0x0, 0x0, 0x0, 0x0,
    0x0, 0x0, 0x0, 0x0, 0x0, 0x0, 0x0, 0x0,
    0x2a, 0xd0, 0x0, 0x0, 0x0, 0x0, 0x0, 0x0,
    0x8, 0xff, 0xe0, 0x0, 0x0, 0x0, 0x0, 0x0,
    0x6, 0xef, 0xff, 0xb0, 0x0, 0x0, 0x0, 0x0,
    0x3, 0xcf, 0xf9, 0xff, 0x80, 0x0, 0x0, 0x0,
    0x1, 0xaf, 0xff, 0x6b, 0xff, 0x60, 0x0, 0x0,
    0x0, 0x7f, 0xff, 0xf4, 0x9f, 0xff, 0x30, 0x0,
    0x0, 0x5e, 0xff, 0xfe, 0x36, 0xff, 0xff, 0x10,
    0x0, 0x3c, 0xff, 0xff, 0xd1, 0x3f, 0xff, 0xfe,
    0x0, 0x9, 0xff, 0xff, 0xfc, 0x11, 0xef, 0xff,
    0xfb, 0x0, 0xc, 0xff, 0xff, 0xa0, 0xc, 0xff,
    0xff, 0xf8, 0x0, 0x0, 0x3a, 0xf8, 0x0, 0xaf,
    0xff, 0xff, 0xf6, 0x0, 0x0, 0x0, 0x0, 0x8,
    0xff, 0xff, 0xff, 0xf3, 0x0, 0x0, 0x0, 0x0,
    0x4f, 0xff, 0xff, 0xff, 0xf1, 0x0, 0x0, 0x0,
    0x0, 0x8f, 0xfa, 0x9f, 0xff, 0xe0, 0x0, 0x0,
    0x0, 0x0, 0x8f, 0xc0, 0x0, 0x6d, 0xa0, 0x0,
    0x0, 0x0, 0x0, 0x5d, 0x10, 0x0, 0x0, 0x0,
    0x0, 0x0, 0x0, 0x0, 0x0, 0x0, 0x0, 0x0,
    0x0, 0x0,

    /* U+F1DA "" */
    0x30, 0x0, 0x6, 0xbc, 0xdb, 0x61, 0x0, 0x0,
    0xbc, 0x5, 0xef, 0xff, 0xff, 0xfe, 0x60, 0x0,
    0xcf, 0xef, 0xfc, 0x63, 0x35, 0xbf, 0xf8, 0x0,
    0xcf, 0xff, 0x80, 0x0, 0x0, 0x6, 0xff, 0x50,
    0xcf, 0xff, 0xb0, 0xb, 0xb0, 0x0, 0x6f, 0xe0,
    0xbf, 0xff, 0xfa, 0xf, 0xf0, 0x0, 0xc, 0xf5,
    0x2, 0x22, 0x21, 0xf, 0xf0, 0x0, 0x7, 0xf9,
    0x0, 0x0, 0x0, 0xf, 0xf0, 0x0, 0x4, 0xfb,
    0x0, 0x0, 0x0, 0xf, 0xfa, 0x0, 0x4, 0xfb,
    0x0, 0x0, 0x0, 0x5, 0xff, 0x70, 0x7, 0xf9,
    0x0, 0x0, 0x0, 0x0, 0x29, 0x10, 0xc, 0xf5,
    0x0, 0x0, 0x0, 0x0, 0x0, 0x0, 0x6f, 0xe0,
    0x0, 0x5, 0x50, 0x0, 0x0, 0x5, 0xff, 0x50,
    0x0, 0x1f, 0xfc, 0x52, 0x25, 0xbf, 0xf8, 0x0,
    0x0, 0x5, 0xef, 0xff, 0xff, 0xfe, 0x60, 0x0,
    0x0, 0x0, 0x6, 0xbd, 0xdb, 0x61, 0x0, 0x0,

    /* U+F1DC "" */
    0xaf, 0xff, 0xff, 0x30, 0xb, 0xff, 0xff, 0xf2,
    0xaf, 0xff, 0xff, 0x30, 0xb, 0xff, 0xff, 0xf2,
    0x3, 0xff, 0xc0, 0x0, 0x0, 0x4f, 0xfb, 0x0,
    0x3, 0xff, 0xc0, 0x0, 0x0, 0x4f, 0xfb, 0x0,
    0x3, 0xff, 0xc0, 0x0, 0x0, 0x4f, 0xfb, 0x0,
    0x3, 0xff, 0xc0, 0x0, 0x0, 0x4f, 0xfb, 0x0,
    0x3, 0xff, 0xff, 0xff, 0xff, 0xff, 0xfb, 0x0,
    0x3, 0xff, 0xff, 0xff, 0xff, 0xff, 0xfb, 0x0,
    0x3, 0xff, 0xc0, 0x0, 0x0, 0x4f, 0xfb, 0x0,
    0x3, 0xff, 0xc0, 0x0, 0x0, 0x4f, 0xfb, 0x0,
    0x3, 0xff, 0xc0, 0x0, 0x0, 0x4f, 0xfb, 0x0,
    0x3, 0xff, 0xc0, 0x0, 0x0, 0x4f, 0xfb, 0x0,
    0xaf, 0xff, 0xff, 0x30, 0xb, 0xff, 0xff, 0xf2,
    0xaf, 0xff, 0xff, 0x30, 0xb, 0xff, 0xff, 0xf2,

    /* U+F1DD "" */
    0x0, 0x4c, 0xff, 0xff, 0xff, 0xff, 0xe0, 0x8f,
    0xff, 0xff, 0xff, 0xff, 0xfe, 0x4f, 0xff, 0xff,
    0xff, 0xf, 0xf0, 0xc, 0xff, 0xff, 0xff, 0xf0,
    0xff, 0x0, 0xff, 0xff, 0xff, 0xff, 0xf, 0xf0,
    0xf, 0xff, 0xff, 0xff, 0xf0, 0xff, 0x0, 0xcf,
    0xff, 0xff, 0xff, 0xf, 0xf0, 0x4, 0xff, 0xff,
    0xff, 0xf0, 0xff, 0x0, 0x8, 0xff, 0xff, 0xff,
    0xf, 0xf0, 0x0, 0x4, 0xcf, 0xff, 0xf0, 0xff,
    0x0, 0x0, 0x0, 0x0, 0xff, 0xf, 0xf0, 0x0,
    0x0, 0x0, 0xf, 0xf0, 0xff, 0x0, 0x0, 0x0,
    0x0, 0xff, 0xf, 0xf0, 0x0, 0x0, 0x0, 0xe,
    0xe0, 0xee, 0x0,

    /* U+F1DE "" */
    0x0, 0x0, 0x0, 0xe, 0xe0, 0x0, 0x0, 0x0,
    0xef, 0xff, 0xff, 0xff, 0xff, 0xff, 0xff, 0xfe,
    0xef, 0xff, 0xff, 0xff, 0xff, 0xff, 0xff, 0xfe,
    0x0, 0x0, 0x0, 0xe, 0xe0, 0x0, 0x0, 0x0,
    0x0, 0x0, 0x0, 0x0, 0x0, 0x0, 0x0, 0x0,
    0x0, 0x0, 0x0, 0x0, 0x0, 0xe, 0xe0, 0x0,
    0xef, 0xff, 0xff, 0xff, 0xff, 0xff, 0xff, 0xfe,
    0xef, 0xff, 0xff, 0xff, 0xff, 0xff, 0xff, 0xfe,
    0x0, 0x0, 0x0, 0x0, 0x0, 0xe, 0xe0, 0x0,
    0x0, 0x0, 0x0, 0x0, 0x0, 0x0, 0x0, 0x0,
    0x0, 0xe, 0xe0, 0x0, 0x0, 0x0, 0x0, 0x0,
    0xef, 0xff, 0xff, 0xff, 0xff, 0xff, 0xff, 0xfe,
    0xef, 0xff, 0xff, 0xff, 0xff, 0xff, 0xff, 0xfe,
    0x0, 0xe, 0xe0, 0x0, 0x0, 0x0, 0x0, 0x0,

    /* U+F1E0 "" */
    0x0, 0x0, 0x0, 0x0, 0x8, 0xee, 0x80, 0x0,
    0x0, 0x0, 0x0, 0x8f, 0xff, 0xf8, 0x0, 0x0,
    0x0, 0x0, 0xef, 0xff, 0xfe, 0x0, 0x0, 0x0,
    0x1, 0xff, 0xff, 0xfe, 0x0, 0x0, 0x0, 0x5e,
    0xff, 0xff, 0xf8, 0x8, 0xee, 0x9b, 0xff, 0xb9,
    0xee, 0x80, 0x8f, 0xff, 0xff, 0xe5, 0x0, 0x0,
    0x0, 0xef, 0xff, 0xff, 0x10, 0x0, 0x0, 0x0,
    0xef, 0xff, 0xff, 0x10, 0x0, 0x0, 0x0, 0x8f,
    0xff, 0xff, 0xe5, 0x0, 0x0, 0x0, 0x8, 0xee,
    0x9b, 0xff, 0xb8, 0xee, 0x80, 0x0, 0x0, 0x0,
    0x5e, 0xff, 0xff, 0xf8, 0x0, 0x0, 0x0, 0x1,
    0xff, 0xff, 0xfe, 0x0, 0x0, 0x0, 0x0, 0xef,
    0xff, 0xfe, 0x0, 0x0, 0x0, 0x0, 0x8f, 0xff,
    0xf8, 0x0, 0x0, 0x0, 0x0, 0x8, 0xee, 0x80,

    /* U+F1E1 "" */
    0x8f, 0xff, 0xff, 0xff, 0xff, 0xff, 0xf8, 0xff,
    0xff, 0xff, 0xff, 0xff, 0xff, 0xff, 0xff, 0xff,
    0xff, 0xff, 0xa4, 0x9f, 0xff, 0xff, 0xff, 0xff,
    0xfd, 0x0, 0xd, 0xff, 0xff, 0xff, 0xff, 0xf8,
    0x0, 0xe, 0xff, 0xff, 0xfa, 0x47, 0x24, 0x96,
    0xbf, 0xff, 0xff, 0xd0, 0x0, 0x9f, 0xff, 0xff,
    0xff, 0xff, 0xd0, 0x0, 0x7f, 0xff, 0xff, 0xff,
    0xff, 0xfa, 0x49, 0x43, 0x83, 0x8f, 0xff, 0xff,
    0xff, 0xff, 0xf8, 0x0, 0xd, 0xff, 0xff, 0xff,
    0xff, 0xfd, 0x0, 0xd, 0xff, 0xff, 0xff, 0xff,
    0xff, 0xa4, 0xaf, 0xff, 0xff, 0xff, 0xff, 0xff,
    0xff, 0xff, 0xff, 0x8f, 0xff, 0xff, 0xff, 0xff,
    0xff, 0xf8,

    /* U+F1E2 "" */
    0x0, 0x0, 0x0, 0x0, 0x0, 0x0, 0x49, 0x32,
    0x0, 0x0, 0x0, 0x0, 0x0, 0x0, 0x77, 0xa3,
    0x0, 0x0, 0x0, 0x0, 0x0, 0x10, 0x25, 0x79,
    0x0, 0x3, 0xae, 0xfe, 0xab, 0xf6, 0xc1, 0x84,
    0x0, 0x9f, 0xff, 0xff, 0xff, 0xff, 0x60, 0x0,
    0x9, 0xff, 0xb9, 0xff, 0xff, 0xff, 0xf1, 0x0,
    0x3f, 0xf5, 0x28, 0xff, 0xff, 0xff, 0xb0, 0x0,
    0xaf, 0xb2, 0xff, 0xff, 0xff, 0xff, 0xa0, 0x0,
    0xef, 0x98, 0xff, 0xff, 0xff, 0xff, 0xe0, 0x0,
    0xff, 0xff, 0xff, 0xff, 0xff, 0xff, 0xf0, 0x0,
    0xef, 0xff, 0xff, 0xff, 0xff, 0xff, 0xe0, 0x0,
    0xaf, 0xff, 0xff, 0xff, 0xff, 0xff, 0xa0, 0x0,
    0x4f, 0xff, 0xff, 0xff, 0xff, 0xff, 0x30, 0x0,
    0x9, 0xff, 0xff, 0xff, 0xff, 0xf9, 0x0, 0x0,
    0x0, 0x9f, 0xff, 0xff, 0xff, 0x90, 0x0, 0x0,
    0x0, 0x4, 0xae, 0xfe, 0xa3, 0x0, 0x0, 0x0,

    /* U+F1E3 "" */
    0x0, 0x0, 0x17, 0xbd, 0xdb, 0x71, 0x0, 0x0,
    0x0, 0x7, 0xff, 0xff, 0xff, 0xff, 0x60, 0x0,
    0x0, 0x9f, 0xb5, 0xff, 0xff, 0x5b, 0xf8, 0x0,
    0x6, 0xf8, 0x0, 0x5e, 0xe5, 0x0, 0x9f, 0x50,
    0x1e, 0xfd, 0x10, 0x0, 0x0, 0x1, 0xdf, 0xe0,
    0x6f, 0xff, 0x40, 0x3, 0x30, 0x4, 0xff, 0xf5,
    0xaf, 0xff, 0x60, 0x8f, 0xf7, 0x7, 0xff, 0xf9,
    0xbf, 0xfa, 0x5, 0xff, 0xff, 0x40, 0xaf, 0xfb,
    0xbc, 0x50, 0x0, 0xff, 0xff, 0x0, 0x5, 0xda,
    0x9f, 0x0, 0x0, 0xbf, 0xfa, 0x0, 0x0, 0xf8,
    0x4f, 0x56, 0x53, 0x0, 0x0, 0x35, 0x65, 0xf4,
    0xd, 0xef, 0xff, 0x20, 0x2, 0xff, 0xfe, 0xc0,
    0x3, 0xff, 0xff, 0xa0, 0xa, 0xff, 0xff, 0x30,
    0x0, 0x5f, 0xff, 0x90, 0xa, 0xff, 0xf4, 0x0,
    0x0, 0x3, 0xcf, 0xfe, 0xef, 0xfc, 0x20, 0x0,
    0x0, 0x0, 0x3, 0x79, 0x97, 0x20, 0x0, 0x0,

    /* U+F1E4 "" */
    0x0, 0x0, 0x0, 0x0, 0x0, 0x0, 0x0, 0x0,
    0x0, 0x0, 0x16, 0xbe, 0xff, 0xeb, 0x61, 0x0,
    0x0, 0x0, 0x8f, 0xff, 0xff, 0xff, 0xff, 0xf8,
    0x0, 0x2, 0xdf, 0xff, 0xa6, 0x55, 0x6a, 0xff,
    0xfd, 0x20, 0xef, 0xff, 0xf1, 0x0, 0x0, 0x1f,
    0xff, 0xfe, 0x9, 0xff, 0xff, 0x20, 0x0, 0x2,
    0xff, 0xff, 0x90, 0xe, 0xfc, 0x60, 0x0, 0x0,
    0x6, 0xcf, 0xe0, 0x0, 0x23, 0x0, 0x0, 0x0,
    0x0, 0x0, 0x32, 0x0, 0x0, 0x0, 0x0, 0x0,
    0x0, 0x0, 0x0, 0x0, 0x0, 0xff, 0xf, 0xf0,
    0xff, 0xf, 0xf0, 0xff, 0x0, 0xf, 0xf0, 0xff,
    0xf, 0xf0, 0xff, 0xf, 0xf0, 0x0, 0x0, 0x0,
    0x0, 0x0, 0x0, 0x0, 0x0, 0x0, 0x0, 0x7f,
    0x77, 0xf7, 0x7f, 0x77, 0xf7, 0x0, 0x0, 0x7,
    0xf7, 0x7f, 0x77, 0xf7, 0x7f, 0x70, 0x0, 0x0,
    0x0, 0x0, 0x0, 0x0, 0x0, 0x0, 0x0, 0x0,
    0xff, 0xf, 0xff, 0xff, 0xff, 0xf0, 0xff, 0x0,
    0xf, 0xf0, 0xff, 0xff, 0xff, 0xff, 0xf, 0xf0,
    0x0,

    /* U+F1E5 "" */
    0x0, 0xe, 0xfe, 0x0, 0x0, 0xef, 0xe0, 0x0,
    0x0, 0xf, 0xff, 0x0, 0x0, 0xff, 0xf0, 0x0,
    0x0, 0x0, 0x0, 0x0, 0x0, 0x0, 0x0, 0x0,
    0x0, 0xcf, 0xff, 0xf, 0xf0, 0xff, 0xfb, 0x0,
    0x1, 0xff, 0xff, 0xf, 0xf0, 0xff, 0xff, 0x0,
    0x4, 0xff, 0xff, 0xf, 0xf0, 0xff, 0xff, 0x30,
    0x9, 0xff, 0xff, 0xf, 0xf0, 0xff, 0xff, 0x90,
    0x1f, 0xff, 0xff, 0xf, 0xf0, 0xff, 0xff, 0xf1,
    0x7f, 0xff, 0xf0, 0x0, 0x0, 0xf, 0xff, 0xf7,
    0xbf, 0xff, 0xf0, 0x0, 0x0, 0xf, 0xff, 0xfb,
    0xdf, 0xff, 0xf0, 0x0, 0x0, 0xf, 0xff, 0xfe,
    0xff, 0xff, 0xf0, 0x0, 0x0, 0xf, 0xff, 0xff,
    0xff, 0xff, 0xf0, 0x0, 0x0, 0xf, 0xff, 0xff,
    0xcf, 0xff, 0xc0, 0x0, 0x0, 0xc, 0xff, 0xfc,

    /* U+F1E6 "" */
    0x0, 0xcc, 0x0, 0x0, 0xcc, 0x0, 0x0, 0xff,
    0x0, 0x0, 0xff, 0x0, 0x0, 0xff, 0x0, 0x0,
    0xff, 0x0, 0x0, 0xff, 0x0, 0x0, 0xff, 0x0,
    0x0, 0x88, 0x0, 0x0, 0x88, 0x0, 0xef, 0xff,
    0xff, 0xff, 0xff, 0xfe, 0xef, 0xff, 0xff, 0xff,
    0xff, 0xfe, 0xf, 0xff, 0xff, 0xff, 0xff, 0xf0,
    0xf, 0xff, 0xff, 0xff, 0xff, 0xf0, 0xc, 0xff,
    0xff, 0xff, 0xff, 0xc0, 0x5, 0xff, 0xff, 0xff,
    0xff, 0x40, 0x0, 0x8f, 0xff, 0xff, 0xf8, 0x0,
    0x0, 0x5, 0xcf, 0xfc, 0x50, 0x0, 0x0, 0x0,
    0xf, 0xf0, 0x0, 0x0, 0x0, 0x0, 0xf, 0xf0,
    0x0, 0x0, 0x0, 0x0, 0xf, 0xf0, 0x0, 0x0,

    /* U+F1E7 "" */
    0x8, 0xed, 0xdd, 0xdd, 0xdd, 0xdd, 0xde, 0x80,
    0xe, 0x0, 0x0, 0x0, 0x0, 0x0, 0x0, 0xe0,
    0xd, 0x0, 0x0, 0x0, 0x0, 0x0, 0x0, 0xc0,
    0xd, 0x0, 0x0, 0x0, 0x0, 0x0, 0x0, 0xc0,
    0xd, 0x0, 0x1, 0x0, 0x0, 0x10, 0x0, 0xc0,
    0xd, 0x0, 0x7f, 0xf5, 0x2e, 0xfb, 0x0, 0xc0,
    0xd, 0x0, 0xff, 0xfc, 0x7f, 0xff, 0x30, 0xc0,
    0x4d, 0x0, 0xbf, 0xf8, 0x4f, 0xfe, 0x0, 0xc4,
    0x6f, 0x61, 0x5, 0x50, 0x3, 0x61, 0x16, 0xe6,
    0x4, 0xef, 0xdc, 0xc9, 0x6c, 0xcd, 0xfe, 0x40,
    0x0, 0x9, 0xff, 0xff, 0xff, 0xff, 0xa0, 0x0,
    0x0, 0x9, 0xff, 0xfe, 0xdf, 0xff, 0x90, 0x0,
    0x0, 0xa, 0xff, 0xfd, 0xbf, 0xff, 0xb0, 0x0,
    0x0, 0x9, 0xff, 0xfd, 0xbf, 0xff, 0x90, 0x0,
    0x0, 0x3, 0xff, 0xfd, 0xbf, 0xff, 0x30, 0x0,
    0x0, 0x0, 0x5f, 0xf6, 0x5f, 0xf6, 0x0, 0x0,
    0x0, 0x0, 0x0, 0x0, 0x0, 0x0, 0x0, 0x0,

    /* U+F1E8 "" */
    0x2f, 0xff, 0xff, 0xff, 0xff, 0xff, 0xf5, 0x9f,
    0x64, 0x44, 0x44, 0x44, 0x44, 0xf5, 0xef, 0x30,
    0x0, 0x0, 0x0, 0x0, 0xe5, 0xef, 0x30, 0x2,
    0x80, 0x19, 0x10, 0xe5, 0xef, 0x30, 0x5, 0xe0,
    0x2f, 0x20, 0xe5, 0xef, 0x30, 0x5, 0xe0, 0x2f,
    0x20, 0xe5, 0xef, 0x30, 0x5, 0xe0, 0x2f, 0x20,
    0xe5, 0xef, 0x30, 0x0, 0x10, 0x1, 0x0, 0xe5,
    0xef, 0x30, 0x0, 0x0, 0x0, 0x8, 0xf3, 0xef,
    0x30, 0x0, 0x0, 0x0, 0x6f, 0x50, 0xef, 0xff,
    0xf0, 0x9f, 0xff, 0xf6, 0x0, 0xef, 0xff, 0xfa,
    0xff, 0xff, 0x70, 0x0, 0x33, 0x3a, 0xff, 0xd3,
    0x33, 0x0, 0x0, 0x0, 0x9, 0xfd, 0x10, 0x0,
    0x0, 0x0,

    /* U+F1E9 "" */
    0x0, 0x5, 0xad, 0xe0, 0x0, 0x0, 0x0, 0x8,
    0xff, 0xff, 0x10, 0x0, 0x0, 0x0, 0x3f, 0xff,
    0xf1, 0x0, 0x0, 0x0, 0x0, 0x9f, 0xff, 0x10,
    0x0, 0x0, 0x0, 0x1, 0xff, 0xf1, 0x0, 0x0,
    0x0, 0x0, 0x7, 0xff, 0x10, 0x1c, 0x60, 0x0,
    0x0, 0xd, 0xf1, 0xa, 0xff, 0x30, 0x55, 0x0,
    0x4d, 0x5, 0xff, 0xfb, 0xe, 0xfd, 0x50, 0x0,
    0xdf, 0xea, 0x31, 0xff, 0xff, 0x90, 0x3, 0x30,
    0x0, 0xf, 0xfc, 0x82, 0x0, 0x65, 0x0, 0x0,
    0x20, 0x0, 0x5c, 0xd, 0xff, 0xa3, 0x0, 0x0,
    0x4f, 0xf0, 0x4f, 0xff, 0x90, 0x0, 0x3f, 0xff,
    0x0, 0xaf, 0xe1, 0x0, 0xa, 0xff, 0xe0, 0x1,
    0xb3, 0x0, 0x0, 0x7, 0xdb, 0x0, 0x0, 0x0,

    /* U+F1EA "" */
    0x0, 0xdf, 0xff, 0xff, 0xff, 0xff, 0xff, 0xff,
    0xfd, 0xdf, 0xff, 0xff, 0xff, 0xff, 0xff, 0xff,
    0xff, 0xff, 0xfc, 0xff, 0x0, 0x0, 0x0, 0x0,
    0x0, 0x0, 0xff, 0xf8, 0xff, 0x0, 0x0, 0x0,
    0x0, 0x0, 0x0, 0xff, 0xf8, 0xff, 0xff, 0xff,
    0xff, 0xff, 0xff, 0xff, 0xff, 0xf8, 0xff, 0xff,
    0xff, 0xff, 0xff, 0xff, 0xff, 0xff, 0xf8, 0xff,
    0x0, 0x0, 0xc, 0x50, 0x0, 0x1, 0xff, 0xf8,
    0xff, 0xff, 0xff, 0xff, 0xff, 0xff, 0xff, 0xff,
    0xf8, 0xff, 0xff, 0xff, 0xff, 0xff, 0xff, 0xff,
    0xff, 0xf8, 0xff, 0x0, 0x0, 0xc, 0x50, 0x0,
    0x1, 0xff, 0xfd, 0xff, 0xff, 0xff, 0xff, 0xff,
    0xff, 0xff, 0xff, 0x6f, 0xff, 0xff, 0xff, 0xff,
    0xff, 0xff, 0xff, 0xf8,

    /* U+F1EB "" */
    0x0, 0x0, 0x0, 0x0, 0x0, 0x0, 0x0, 0x0,
    0x0, 0x0, 0x0, 0x0, 0x4, 0x9c, 0xef, 0xfe,
    0xc9, 0x40, 0x0, 0x0, 0x0, 0x7, 0xef, 0xff,
    0xff, 0xff, 0xff, 0xfe, 0x70, 0x0, 0x4, 0xdf,
    0xff, 0xfc, 0xa8, 0x8a, 0xcf, 0xff, 0xfd, 0x40,
    0x6f, 0xff, 0xd5, 0x0, 0x0, 0x0, 0x0, 0x5d,
    0xff, 0xf6, 0xcf, 0xf6, 0x0, 0x0, 0x0, 0x0,
    0x0, 0x0, 0x6f, 0xfc, 0x1a, 0x30, 0x0, 0x5a,
    0xdf, 0xfd, 0xa5, 0x0, 0x3, 0xa1, 0x0, 0x0,
    0x4d, 0xff, 0xff, 0xff, 0xff, 0xd4, 0x0, 0x0,
    0x0, 0x5, 0xff, 0xfe, 0xa8, 0x8a, 0xef, 0xff,
    0x50, 0x0, 0x0, 0x1, 0xdf, 0x70, 0x0, 0x0,
    0x7, 0xfd, 0x10, 0x0, 0x0, 0x0, 0x12, 0x0,
    0x0, 0x0, 0x0, 0x21, 0x0, 0x0, 0x0, 0x0,
    0x0, 0x0, 0x4e, 0xe4, 0x0, 0x0, 0x0, 0x0,
    0x0, 0x0, 0x0, 0x0, 0xef, 0xfe, 0x0, 0x0,
    0x0, 0x0, 0x0, 0x0, 0x0, 0x0, 0xef, 0xfe,
    0x0, 0x0, 0x0, 0x0, 0x0, 0x0, 0x0, 0x0,
    0x4e, 0xe4, 0x0, 0x0, 0x0, 0x0,

    /* U+F1EC "" */
    0x8f, 0xff, 0xff, 0xff, 0xff, 0xff, 0xf8, 0xff,
    0xff, 0xff, 0xff, 0xff, 0xff, 0xff, 0xff, 0x0,
    0x0, 0x0, 0x0, 0x0, 0xff, 0xff, 0x0, 0x0,
    0x0, 0x0, 0x0, 0xff, 0xff, 0x0, 0x0, 0x0,
    0x0, 0x0, 0xff, 0xff, 0x0, 0x0, 0x0, 0x0,
    0x0, 0xff, 0xff, 0xff, 0xff, 0xff, 0xff, 0xff,
    0xff, 0xff, 0xff, 0xff, 0xff, 0xff, 0xff, 0xff,
    0xff, 0x0, 0xff, 0x0, 0xff, 0x0, 0xff, 0xff,
    0x0, 0xff, 0x0, 0xff, 0x0, 0xff, 0xff, 0xff,
    0xff, 0xff, 0xff, 0x0, 0xff, 0xff, 0xff, 0xff,
    0xff, 0xff, 0x0, 0xff, 0xff, 0x0, 0xff, 0x0,
    0xff, 0x0, 0xff, 0xff, 0x0, 0xff, 0x0, 0xff,
    0x0, 0xff, 0xff, 0xff, 0xff, 0xff, 0xff, 0xff,
    0xff, 0x8f, 0xff, 0xff, 0xff, 0xff, 0xff, 0xf8,

    /* U+F1ED "" */
    0x0, 0x0, 0x11, 0x11, 0x0, 0x0, 0x0, 0x0,
    0x2f, 0xff, 0xff, 0xfd, 0x40, 0x0, 0x0, 0x5f,
    0xff, 0xff, 0xff, 0xf3, 0x0, 0x0, 0x7f, 0xff,
    0xff, 0xff, 0xf8, 0x0, 0x0, 0xaf, 0xff, 0xff,
    0xff, 0xf7, 0x10, 0x0, 0xcf, 0xff, 0xff, 0xff,
    0xf5, 0xb0, 0x0, 0xff, 0xff, 0xff, 0xff, 0xc8,
    0xf0, 0x1, 0xff, 0xff, 0xff, 0xfc, 0x5f, 0xe0,
    0x4, 0xff, 0xd7, 0x76, 0x68, 0xff, 0x90, 0x6,
    0xff, 0x7d, 0xef, 0xff, 0xff, 0x20, 0x9, 0xff,
    0x6f, 0xff, 0xff, 0xc3, 0x0, 0xc, 0xff, 0x6f,
    0xfa, 0x20, 0x0, 0x0, 0xe, 0xff, 0x7f, 0xf6,
    0x0, 0x0, 0x0, 0x7, 0x86, 0x9f, 0xf3, 0x0,
    0x0, 0x0, 0x0, 0x0, 0xbf, 0xf1, 0x0, 0x0,
    0x0, 0x0, 0x0, 0x1, 0x0, 0x0, 0x0, 0x0,

    /* U+F1EE "" */
    0x0, 0x0, 0x0, 0x0, 0x9, 0xff, 0xc0, 0x0,
    0x0, 0x0, 0x0, 0x6, 0xff, 0xf0, 0x0, 0x0,
    0x7, 0x88, 0x33, 0xff, 0xf3, 0x0, 0x0, 0x1b,
    0xff, 0xe1, 0xff, 0xf7, 0x0, 0x0, 0x1d, 0xef,
    0xf9, 0xef, 0xf8, 0x7c, 0xca, 0x1f, 0xbf, 0xff,
    0xbf, 0xfa, 0x2f, 0xff, 0x9f, 0xde, 0xff, 0xbf,
    0xfb, 0x7, 0xff, 0xfb, 0xfc, 0xff, 0xfc, 0xfb,
    0x0, 0xef, 0xfb, 0xf7, 0xff, 0xfc, 0xfa, 0x0,
    0x8f, 0xfd, 0xe1, 0xbf, 0xfd, 0xe9, 0x0, 0x2f,
    0xff, 0x70, 0x6f, 0xff, 0xc8, 0x0, 0x7, 0x88,
    0x20, 0x2f, 0xff, 0xb5, 0x0, 0x0, 0x0, 0x0,
    0xf, 0xff, 0xb2, 0x0, 0x0, 0x0, 0x0, 0xd,
    0xff, 0xb0,

    /* U+F1F0 "" */
    0x8f, 0xff, 0xff, 0xff, 0xff, 0xff, 0xff, 0xff,
    0xf8, 0xff, 0xff, 0xff, 0xff, 0xff, 0xff, 0xff,
    0xff, 0xff, 0xff, 0xff, 0xff, 0xff, 0xff, 0xff,
    0xff, 0xff, 0xff, 0xff, 0xff, 0xff, 0xff, 0xff,
    0xff, 0xff, 0xff, 0xff, 0xfb, 0x7c, 0xfa, 0xa9,
    0xce, 0x87, 0xef, 0x8b, 0xff, 0xff, 0x64, 0xf0,
    0xa1, 0xa2, 0x6b, 0xf9, 0x4, 0xff, 0xff, 0xa0,
    0xa1, 0xe0, 0xd4, 0x1a, 0xf3, 0x61, 0xff, 0xff,
    0xe0, 0x27, 0xc0, 0xff, 0x70, 0xb0, 0x80, 0xef,
    0xff, 0xf3, 0xe, 0x92, 0x91, 0x12, 0x52, 0x61,
    0xaf, 0xff, 0xfc, 0xbf, 0xdb, 0xe9, 0xaf, 0xad,
    0xfc, 0xdf, 0xff, 0xff, 0xff, 0xff, 0xff, 0xff,
    0xff, 0xff, 0xff, 0xff, 0xff, 0xff, 0xff, 0xff,
    0xff, 0xff, 0xff, 0xff, 0xff, 0xff, 0xff, 0xff,
    0xff, 0xff, 0xff, 0xff, 0xff, 0x8f, 0xff, 0xff,
    0xff, 0xff, 0xff, 0xff, 0xff, 0xf8,

    /* U+F1F1 "" */
    0x7f, 0xff, 0xff, 0xff, 0xff, 0xff, 0xff, 0xff,
    0xf7, 0xff, 0xff, 0xfa, 0x9b, 0xff, 0xc9, 0xae,
    0xff, 0xff, 0xff, 0xfa, 0x0, 0x0, 0x67, 0x0,
    0x0, 0xaf, 0xff, 0xff, 0xb0, 0x0, 0x3, 0x21,
    0x40, 0x0, 0xb, 0xff, 0xff, 0x30, 0x0, 0x5,
    0x0, 0x50, 0x0, 0x3, 0xff, 0xff, 0x0, 0x0,
    0x5, 0x0, 0x50, 0x0, 0x0, 0xff, 0xff, 0x10,
    0x0, 0x5, 0x0, 0x50, 0x0, 0x1, 0xff, 0xff,
    0x50, 0x0, 0x5, 0x0, 0x50, 0x0, 0x5, 0xff,
    0xff, 0xd1, 0x0, 0x1, 0x33, 0x20, 0x0, 0x1d,
    0xff, 0xff, 0xfd, 0x40, 0x0, 0x8a, 0x10, 0x4,
    0xdf, 0xff, 0xff, 0xff, 0xff, 0xef, 0xff, 0xfe,
    0xff, 0xfe, 0xff, 0xff, 0xc9, 0xb8, 0xa8, 0xb9,
    0x9b, 0x8a, 0xab, 0xff, 0xff, 0xee, 0xeb, 0xdd,
    0xdc, 0xec, 0xbe, 0xcd, 0xff, 0x8f, 0xff, 0xff,
    0xff, 0xff, 0xff, 0xff, 0xff, 0xf8, 0x0, 0x0,
    0x0, 0x0, 0x0, 0x0, 0x0, 0x0, 0x0,

    /* U+F1F2 "" */
    0x8f, 0xff, 0xff, 0xff, 0xff, 0xff, 0xff, 0xff,
    0xf8, 0xff, 0xff, 0xff, 0xff, 0xff, 0xff, 0xff,
    0xff, 0xff, 0xff, 0xff, 0xff, 0xff, 0xff, 0xff,
    0xff, 0xff, 0xff, 0xff, 0xff, 0xff, 0xff, 0xff,
    0xff, 0xff, 0xff, 0xff, 0xf6, 0xaa, 0xab, 0xa7,
    0xb4, 0x9c, 0xb9, 0xa6, 0xaf, 0xf8, 0x77, 0x8a,
    0x7f, 0x30, 0x28, 0x79, 0xb4, 0x7f, 0xf5, 0x88,
    0x97, 0x89, 0x80, 0x7a, 0xba, 0xb7, 0x8f, 0xff,
    0xff, 0xff, 0xff, 0xff, 0xff, 0xff, 0xff, 0xff,
    0xff, 0xff, 0xff, 0xff, 0xff, 0xff, 0xff, 0xfd,
    0x4f, 0xff, 0xff, 0xff, 0xff, 0xff, 0xff, 0xfc,
    0x50, 0xf, 0xff, 0xff, 0xff, 0xff, 0xff, 0xfa,
    0x30, 0x0, 0xf, 0xff, 0xff, 0xff, 0xff, 0xc6,
    0x10, 0x0, 0x0, 0xf, 0xff, 0xff, 0xea, 0x62,
    0x0, 0x0, 0x0, 0x0, 0x1f, 0x8f, 0xff, 0xff,
    0xff, 0xff, 0xff, 0xff, 0xff, 0xf8,

    /* U+F1F3 "" */
    0x8f, 0xff, 0xff, 0xff, 0xff, 0xff, 0xff, 0xff,
    0xf8, 0xff, 0xff, 0xff, 0xff, 0xff, 0xff, 0xff,
    0xff, 0xff, 0xff, 0xff, 0xff, 0xff, 0xff, 0xff,
    0xff, 0xff, 0xff, 0xb8, 0x78, 0xa7, 0x98, 0x99,
    0x77, 0x88, 0x68, 0x7b, 0x9a, 0x8a, 0x88, 0xc6,
    0xcb, 0x98, 0x5a, 0x7c, 0x9a, 0x89, 0xb5, 0x66,
    0x95, 0x78, 0x86, 0x99, 0x96, 0xba, 0xef, 0xed,
    0xdd, 0xdd, 0xde, 0xde, 0xdf, 0xde, 0xee, 0xff,
    0xf7, 0x77, 0x78, 0x75, 0x76, 0x76, 0x67, 0x56,
    0xff, 0xfa, 0x95, 0xe8, 0x78, 0xaa, 0xa6, 0x68,
    0x68, 0xff, 0xf9, 0x99, 0x8a, 0x99, 0x96, 0x88,
    0x79, 0x7a, 0xff, 0xff, 0xff, 0xff, 0xff, 0xff,
    0xff, 0xff, 0xff, 0xff, 0xff, 0xff, 0xff, 0xff,
    0xff, 0xff, 0xff, 0xff, 0xff, 0xff, 0xff, 0xff,
    0xff, 0xff, 0xff, 0xff, 0xff, 0x8f, 0xff, 0xff,
    0xff, 0xff, 0xff, 0xff, 0xff, 0xf8,

    /* U+F1F4 "" */
    0x8f, 0xff, 0xff, 0xff, 0xff, 0xff, 0xff, 0xff,
    0xf9, 0xf, 0xff, 0xff, 0xff, 0xff, 0xff, 0xff,
    0xff, 0xff, 0xf0, 0xff, 0xff, 0xff, 0xff, 0xff,
    0xff, 0xff, 0xff, 0xff, 0x1f, 0xff, 0xff, 0xff,
    0xff, 0xff, 0xff, 0xff, 0xff, 0xf1, 0xfe, 0xdf,
    0xff, 0xff, 0xff, 0xed, 0xff, 0xff, 0xef, 0x1f,
    0x64, 0x1f, 0xff, 0xff, 0xf4, 0x43, 0xff, 0xf3,
    0xf1, 0xf4, 0x63, 0x33, 0x53, 0xb5, 0x26, 0x42,
    0x35, 0x3f, 0x1f, 0x2d, 0xd3, 0x87, 0x82, 0xe2,
    0xdb, 0x48, 0x65, 0xf1, 0xfc, 0xff, 0xbb, 0xe6,
    0xbf, 0xcf, 0xfb, 0xbd, 0xdf, 0x1f, 0xff, 0xff,
    0xff, 0xef, 0xff, 0xff, 0xff, 0xff, 0xf1, 0xff,
    0xff, 0xff, 0xff, 0xff, 0xff, 0xff, 0xff, 0xff,
    0x1f, 0xff, 0xff, 0xff, 0xff, 0xff, 0xff, 0xff,
    0xff, 0xf1, 0xff, 0xff, 0xff, 0xff, 0xff, 0xff,
    0xff, 0xff, 0xff, 0x8, 0xff, 0xff, 0xff, 0xff,
    0xff, 0xff, 0xff, 0xff, 0x90,

    /* U+F1F5 "" */
    0x8f, 0xff, 0xff, 0xff, 0xff, 0xff, 0xff, 0xff,
    0xf8, 0xff, 0xff, 0xff, 0xff, 0xff, 0xff, 0xff,
    0xff, 0xff, 0xff, 0xff, 0xff, 0xff, 0xff, 0xff,
    0xff, 0xff, 0xff, 0xff, 0xff, 0xff, 0xff, 0xec,
    0xff, 0xff, 0xff, 0xff, 0xff, 0xff, 0x3e, 0xff,
    0xaa, 0xff, 0xff, 0xff, 0xff, 0xf6, 0x8, 0x1,
    0x52, 0x47, 0x12, 0x3e, 0x50, 0x9f, 0xf1, 0x7d,
    0xd, 0x46, 0x76, 0xc, 0x25, 0x18, 0x1f, 0xfc,
    0x45, 0xe, 0x49, 0x76, 0xe, 0x25, 0x7, 0x7f,
    0xf3, 0x18, 0x42, 0x59, 0x86, 0x1, 0x2e, 0x51,
    0x5f, 0xff, 0xff, 0xff, 0xff, 0xff, 0xe, 0xff,
    0xff, 0xff, 0xff, 0xff, 0xff, 0xff, 0xff, 0xdf,
    0xff, 0xff, 0xff, 0xff, 0xff, 0xff, 0xff, 0xff,
    0xff, 0xff, 0xff, 0xff, 0xff, 0xff, 0xff, 0xff,
    0xff, 0xff, 0xff, 0xff, 0xff, 0x8f, 0xff, 0xff,
    0xff, 0xff, 0xff, 0xff, 0xff, 0xf8,

    /* U+F1F6 "" */
    0x0, 0x0, 0x0, 0x0, 0x0, 0x0, 0x0, 0x0,
    0x0, 0x0, 0x0, 0x8, 0xc2, 0x0, 0x0, 0x0,
    0xcc, 0x0, 0x0, 0x0, 0x0, 0x0, 0xd, 0xfe,
    0x40, 0x0, 0x3, 0xff, 0x20, 0x0, 0x0, 0x0,
    0x0, 0x1, 0xbf, 0xf8, 0x1, 0xcf, 0xff, 0xfb,
    0x10, 0x0, 0x0, 0x0, 0x0, 0x7, 0xff, 0xbe,
    0xff, 0xff, 0xff, 0xe1, 0x0, 0x0, 0x0, 0x0,
    0x0, 0x4e, 0xff, 0xff, 0xff, 0xff, 0xf9, 0x0,
    0x0, 0x0, 0x0, 0x0, 0x1, 0xcf, 0xff, 0xff,
    0xff, 0xfe, 0x0, 0x0, 0x0, 0x0, 0x0, 0x0,
    0x9, 0xff, 0xff, 0xff, 0xff, 0x0, 0x0, 0x0,
    0x0, 0x0, 0x0, 0x0, 0x5f, 0xff, 0xff, 0xff,
    0x0, 0x0, 0x0, 0x0, 0x0, 0x4, 0xa0, 0x2,
    0xdf, 0xff, 0xff, 0x30, 0x0, 0x0, 0x0, 0x0,
    0x8, 0xfd, 0x20, 0xa, 0xff, 0xff, 0x80, 0x0,
    0x0, 0x0, 0x0, 0x1e, 0xff, 0xf5, 0x0, 0x6f,
    0xff, 0xe1, 0x0, 0x0, 0x0, 0x0, 0xcf, 0xff,
    0xff, 0x90, 0x3, 0xef, 0xfc, 0x0, 0x0, 0x0,
    0x0, 0xcf, 0xff, 0xff, 0xfc, 0x10, 0x1b, 0xff,
    0x70, 0x0, 0x0, 0x0, 0x0, 0x0, 0x0, 0x0,
    0x0, 0x0, 0x8f, 0xfb, 0x0, 0x0, 0x0, 0x0,
    0x0, 0xe, 0xff, 0xe0, 0x0, 0x4, 0xef, 0xd0,
    0x0, 0x0, 0x0, 0x0, 0x4, 0xee, 0x40, 0x0,
    0x0, 0x2c, 0x80, 0x0, 0x0, 0x0, 0x0, 0x0,
    0x0, 0x0, 0x0, 0x0, 0x0, 0x0,

    /* U+F1F8 "" */
    0x0, 0x0, 0x7f, 0xff, 0xf7, 0x0, 0x0, 0xef,
    0xff, 0xff, 0xff, 0xff, 0xff, 0xfe, 0xef, 0xff,
    0xff, 0xff, 0xff, 0xff, 0xfe, 0x0, 0x0, 0x0,
    0x0, 0x0, 0x0, 0x0, 0xf, 0xff, 0xff, 0xff,
    0xff, 0xff, 0xf0, 0xe, 0xff, 0xff, 0xff, 0xff,
    0xff, 0xe0, 0xd, 0xff, 0xff, 0xff, 0xff, 0xff,
    0xd0, 0xc, 0xff, 0xff, 0xff, 0xff, 0xff, 0xc0,
    0xb, 0xff, 0xff, 0xff, 0xff, 0xff, 0xb0, 0xa,
    0xff, 0xff, 0xff, 0xff, 0xff, 0xa0, 0x9, 0xff,
    0xff, 0xff, 0xff, 0xff, 0x90, 0x8, 0xff, 0xff,
    0xff, 0xff, 0xff, 0x80, 0x7, 0xff, 0xff, 0xff,
    0xff, 0xff, 0x70, 0x6, 0xff, 0xff, 0xff, 0xff,
    0xff, 0x60, 0x5, 0xff, 0xff, 0xff, 0xff, 0xff,
    0x50, 0x0, 0xcf, 0xff, 0xff, 0xff, 0xfc, 0x0,

    /* U+F1F9 "" */
    0x0, 0x0, 0x16, 0xbc, 0xdb, 0x61, 0x0, 0x0,
    0x0, 0x6, 0xef, 0xff, 0xff, 0xfe, 0x60, 0x0,
    0x0, 0x8f, 0xff, 0xff, 0xff, 0xff, 0xf8, 0x0,
    0x5, 0xff, 0xff, 0xb7, 0x68, 0xef, 0xff, 0x50,
    0xe, 0xff, 0xf4, 0x0, 0x0, 0xa, 0xff, 0xe0,
    0x5f, 0xff, 0x60, 0x7, 0x95, 0xd, 0xff, 0xf5,
    0x9f, 0xfe, 0x0, 0xaf, 0xff, 0xef, 0xff, 0xf9,
    0xbf, 0xfb, 0x0, 0xff, 0xff, 0xff, 0xff, 0xfb,
    0xbf, 0xfc, 0x0, 0xdf, 0xff, 0xff, 0xff, 0xfb,
    0x9f, 0xfe, 0x0, 0x5f, 0xfe, 0x5e, 0xff, 0xf9,
    0x5f, 0xff, 0x60, 0x1, 0x20, 0x5, 0xff, 0xf5,
    0xe, 0xff, 0xf4, 0x0, 0x0, 0x1c, 0xff, 0xe0,
    0x5, 0xff, 0xff, 0xb7, 0x69, 0xff, 0xff, 0x50,
    0x0, 0x8f, 0xff, 0xff, 0xff, 0xff, 0xf8, 0x0,
    0x0, 0x6, 0xef, 0xff, 0xff, 0xfe, 0x60, 0x0,
    0x0, 0x0, 0x16, 0xbd, 0xdb, 0x61, 0x0, 0x0,

    /* U+F1FA "" */
    0x0, 0x0, 0x16, 0xbc, 0xdb, 0x82, 0x0, 0x0,
    0x0, 0x6, 0xef, 0xff, 0xff, 0xff, 0xa0, 0x0,
    0x0, 0x8f, 0xfb, 0x53, 0x24, 0x9f, 0xfd, 0x10,
    0x5, 0xff, 0x60, 0x0, 0x0, 0x2, 0xdf, 0xb0,
    0xe, 0xf6, 0x5, 0xdf, 0xf9, 0xbb, 0x3e, 0xf3,
    0x5f, 0xc0, 0x6f, 0xff, 0xff, 0xff, 0x38, 0xf8,
    0x9f, 0x71, 0xff, 0xe6, 0x6f, 0xff, 0x4, 0xfb,
    0xbf, 0x46, 0xff, 0x60, 0xe, 0xfc, 0x4, 0xfb,
    0xbf, 0x47, 0xff, 0x30, 0x1f, 0xf9, 0x8, 0xf9,
    0x9f, 0x76, 0xff, 0xa5, 0xdf, 0xf9, 0x5f, 0xf4,
    0x5f, 0xc1, 0xff, 0xff, 0xff, 0xff, 0xff, 0x90,
    0xe, 0xf6, 0x4c, 0xfc, 0x28, 0xdd, 0xa5, 0x0,
    0x5, 0xff, 0x50, 0x0, 0x0, 0x1, 0x0, 0x0,
    0x0, 0x8f, 0xfb, 0x52, 0x36, 0xcf, 0x50, 0x0,
    0x0, 0x6, 0xff, 0xff, 0xff, 0xfe, 0x40, 0x0,
    0x0, 0x0, 0x16, 0xbd, 0xdb, 0x61, 0x0, 0x0,

    /* U+F1FB "" */
    0x0, 0x0, 0x0, 0x0, 0x0, 0x8, 0xee, 0x80,
    0x0, 0x0, 0x0, 0x0, 0x0, 0xbf, 0xff, 0xf8,
    0x0, 0x0, 0x0, 0x3, 0xb, 0xff, 0xff, 0xfe,
    0x0, 0x0, 0x0, 0x9f, 0xef, 0xff, 0xff, 0xfe,
    0x0, 0x0, 0x6, 0xff, 0xff, 0xff, 0xff, 0xf8,
    0x0, 0x0, 0x1, 0xef, 0xff, 0xff, 0xff, 0xb0,
    0x0, 0x0, 0x4, 0x2e, 0xff, 0xff, 0xfb, 0x0,
    0x0, 0x0, 0x7f, 0x82, 0xef, 0xff, 0xe0, 0x0,
    0x0, 0x7, 0xff, 0xf8, 0x2e, 0xff, 0xf3, 0x0,
    0x0, 0x7f, 0xff, 0xff, 0x82, 0xef, 0x90, 0x0,
    0x7, 0xff, 0xff, 0xff, 0xf4, 0x16, 0x0, 0x0,
    0xe, 0xff, 0xff, 0xff, 0x70, 0x0, 0x0, 0x0,
    0xf, 0xff, 0xff, 0xf7, 0x0, 0x0, 0x0, 0x0,
    0x2f, 0xff, 0xff, 0x70, 0x0, 0x0, 0x0, 0x0,
    0xbf, 0xff, 0xe7, 0x0, 0x0, 0x0, 0x0, 0x0,
    0x8b, 0x20, 0x0, 0x0, 0x0, 0x0, 0x0, 0x0,

    /* U+F1FC "" */
    0x0, 0x0, 0x0, 0x0, 0x0, 0x0, 0x1b, 0xf7,
    0x0, 0x0, 0x0, 0x0, 0x0, 0x2, 0xef, 0xff,
    0x0, 0x0, 0x0, 0x0, 0x0, 0x3e, 0xff, 0xfc,
    0x0, 0x0, 0x0, 0x0, 0x5, 0xff, 0xff, 0xf4,
    0x0, 0x0, 0x0, 0x0, 0x7f, 0xff, 0xff, 0xb0,
    0x0, 0x0, 0x0, 0x9, 0xff, 0xff, 0xff, 0x30,
    0x0, 0x0, 0x0, 0x7f, 0xff, 0xff, 0xf9, 0x0,
    0x0, 0x0, 0x0, 0xff, 0xff, 0xff, 0xe1, 0x0,
    0x0, 0x0, 0x0, 0xef, 0xff, 0xff, 0x50, 0x0,
    0x0, 0x0, 0x32, 0x6f, 0xff, 0xf9, 0x0, 0x0,
    0x0, 0xb, 0xff, 0x44, 0xee, 0x80, 0x0, 0x0,
    0x60, 0x9f, 0xff, 0xf6, 0x0, 0x0, 0x0, 0x0,
    0xdd, 0xff, 0xff, 0xff, 0x0, 0x0, 0x0, 0x0,
    0x8f, 0xff, 0xff, 0xfc, 0x0, 0x0, 0x0, 0x0,
    0x1e, 0xff, 0xff, 0xf5, 0x0, 0x0, 0x0, 0x0,
    0x2, 0xbf, 0xeb, 0x30, 0x0, 0x0, 0x0, 0x0,

    /* U+F1FD "" */
    0x0, 0x28, 0x0, 0x28, 0x0, 0x28, 0x0, 0x0,
    0xcf, 0x0, 0xcf, 0x0, 0xcf, 0x0, 0x0, 0xcb,
    0x0, 0xcb, 0x0, 0xcb, 0x0, 0x0, 0x88, 0x0,
    0x88, 0x0, 0x88, 0x0, 0x0, 0xff, 0x0, 0xff,
    0x0, 0xff, 0x0, 0x0, 0xff, 0x0, 0xff, 0x0,
    0xff, 0x0, 0x0, 0xff, 0x0, 0xff, 0x0, 0xff,
    0x0, 0x0, 0xff, 0x0, 0xff, 0x0, 0xff, 0x0,
    0x8f, 0xff, 0xff, 0xff, 0xff, 0xff, 0xf8, 0xff,
    0xff, 0xff, 0xff, 0xff, 0xff, 0xff, 0xff, 0xff,
    0xff, 0xff, 0xff, 0xff, 0xff, 0xc3, 0x6, 0xe9,
    0x11, 0x9e, 0x60, 0x3c, 0x19, 0xe6, 0x3, 0xcc,
    0x30, 0x6e, 0x91, 0xff, 0xff, 0xff, 0xff, 0xff,
    0xff, 0xff, 0xff, 0xff, 0xff, 0xff, 0xff, 0xff,
    0xff, 0xff, 0xff, 0xff, 0xff, 0xff, 0xff, 0xff,

    /* U+F1FE "" */
    0xff, 0x0, 0x0, 0x0, 0x0, 0x0, 0x0, 0x0,
    0xff, 0x0, 0x6, 0x80, 0x0, 0x0, 0x0, 0x0,
    0xff, 0x0, 0x1f, 0xf5, 0x0, 0x0, 0x0, 0x0,
    0xff, 0x0, 0xaf, 0xfe, 0x20, 0x3d, 0x50, 0x0,
    0xff, 0x4, 0xff, 0xff, 0xc9, 0xff, 0xd0, 0x0,
    0xff, 0xd, 0xff, 0xff, 0xff, 0xff, 0xf5, 0x0,
    0xff, 0xf, 0xff, 0xff, 0xff, 0xff, 0xfc, 0x0,
    0xff, 0xf, 0xff, 0xff, 0xff, 0xff, 0xff, 0x40,
    0xff, 0xf, 0xff, 0xff, 0xff, 0xff, 0xff, 0xc0,
    0xff, 0x0, 0x0, 0x0, 0x0, 0x0, 0x0, 0x0,
    0xff, 0xff, 0xff, 0xff, 0xff, 0xff, 0xff, 0xff,
    0xff, 0xff, 0xff, 0xff, 0xff, 0xff, 0xff, 0xff,

    /* U+F200 "" */
    0x0, 0x0, 0x0, 0x0, 0x0, 0x0, 0x0, 0x0,
    0x0, 0x0, 0x0, 0x0, 0x0, 0x0, 0x6f, 0xc6,
    0x0, 0x0, 0x0, 0x0, 0x0, 0x5, 0xbc, 0x7,
    0xff, 0xfd, 0x20, 0x0, 0x0, 0x0, 0x2c, 0xff,
    0xf0, 0x7f, 0xff, 0xff, 0x20, 0x0, 0x0, 0x2e,
    0xff, 0xff, 0x7, 0xff, 0xff, 0xfd, 0x0, 0x0,
    0xc, 0xff, 0xff, 0xf0, 0x7f, 0xff, 0xff, 0xf6,
    0x0, 0x5, 0xff, 0xff, 0xff, 0x7, 0xff, 0xff,
    0xff, 0xc0, 0x0, 0xbf, 0xff, 0xff, 0xf0, 0x7f,
    0xff, 0xff, 0xff, 0x0, 0xe, 0xff, 0xff, 0xff,
    0x3, 0x77, 0x77, 0x77, 0x60, 0x0, 0xff, 0xff,
    0xff, 0xf0, 0x0, 0x0, 0x0, 0x0, 0x0, 0xe,
    0xff, 0xff, 0xff, 0x80, 0x6f, 0xff, 0xff, 0xfe,
    0x0, 0xbf, 0xff, 0xff, 0xff, 0x80, 0x6f, 0xff,
    0xff, 0xc0, 0x5, 0xff, 0xff, 0xff, 0xff, 0x80,
    0x6f, 0xff, 0xf7, 0x0, 0xc, 0xff, 0xff, 0xff,
    0xff, 0x80, 0x6f, 0xfd, 0x0, 0x0, 0x1e, 0xff,
    0xff, 0xff, 0xff, 0x80, 0x6f, 0x30, 0x0, 0x0,
    0x1c, 0xff, 0xff, 0xff, 0xfc, 0x0, 0x0, 0x0,
    0x0, 0x0, 0x5, 0xbe, 0xfe, 0xb5, 0x0, 0x0,
    0x0, 0x0, 0x0, 0x0, 0x0, 0x0, 0x0, 0x0,
    0x0, 0x0, 0x0,

    /* U+F201 "" */
    0xee, 0x0, 0x0, 0x0, 0x0, 0x0, 0x0, 0x0,
    0xff, 0x0, 0x0, 0x0, 0x0, 0xcf, 0xff, 0xe0,
    0xff, 0x0, 0x0, 0x0, 0x0, 0x7f, 0xff, 0xf0,
    0xff, 0x0, 0x1c, 0xc1, 0x0, 0x1e, 0xff, 0xf0,
    0xff, 0x1, 0xdf, 0xfd, 0x11, 0xdf, 0xef, 0xf0,
    0xff, 0xc, 0xfd, 0xdf, 0xdd, 0xfd, 0x17, 0xc0,
    0xff, 0x7, 0xc1, 0x1d, 0xff, 0xd1, 0x0, 0x0,
    0xff, 0x0, 0x0, 0x1, 0xcc, 0x10, 0x0, 0x0,
    0xff, 0x0, 0x0, 0x0, 0x0, 0x0, 0x0, 0x0,
    0xff, 0x0, 0x0, 0x0, 0x0, 0x0, 0x0, 0x0,
    0xff, 0xff, 0xff, 0xff, 0xff, 0xff, 0xff, 0xfe,
    0xcf, 0xff, 0xff, 0xff, 0xff, 0xff, 0xff, 0xfe,

    /* U+F202 "" */
    0x0, 0x26, 0x64, 0x0, 0x0, 0x4, 0x65, 0x10,
    0x9, 0xff, 0xff, 0xe3, 0x1, 0xdf, 0xff, 0xf5,
    0x6f, 0xd3, 0x16, 0xfe, 0x8, 0xf7, 0x3, 0xfc,
    0xcf, 0x30, 0x0, 0x9f, 0x69, 0xf7, 0x0, 0x0,
    0xff, 0x0, 0x0, 0x3f, 0xc3, 0xff, 0xeb, 0x50,
    0xff, 0x0, 0x0, 0xe, 0xf1, 0x28, 0xcf, 0xf9,
    0xdf, 0x30, 0x0, 0x8, 0xf9, 0x0, 0x2, 0xff,
    0x8f, 0xc2, 0x17, 0x91, 0xef, 0x71, 0x4, 0xfd,
    0xb, 0xff, 0xff, 0xb0, 0x3e, 0xff, 0xff, 0xf5,
    0x0, 0x36, 0x63, 0x0, 0x0, 0x46, 0x64, 0x10,

    /* U+F203 "" */
    0x8f, 0xff, 0xff, 0xff, 0xff, 0xff, 0xf8, 0xff,
    0xff, 0xff, 0xff, 0xff, 0xff, 0xff, 0xff, 0xff,
    0xff, 0xff, 0xff, 0xff, 0xff, 0xff, 0xff, 0xff,
    0xff, 0xff, 0xff, 0xff, 0xff, 0xf7, 0x45, 0xcf,
    0xb4, 0x4b, 0xff, 0xff, 0x63, 0xd8, 0x1e, 0xa,
    0x95, 0xff, 0xff, 0x1b, 0xff, 0x29, 0x24, 0x9e,
    0xff, 0xff, 0xb, 0xff, 0x83, 0xe9, 0x32, 0xff,
    0xff, 0x43, 0xc8, 0xb0, 0x7c, 0x91, 0xff, 0xff,
    0xe6, 0x46, 0xed, 0x63, 0x5b, 0xff, 0xff, 0xff,
    0xff, 0xff, 0xff, 0xff, 0xff, 0xff, 0xff, 0xff,
    0xff, 0xff, 0xff, 0xff, 0xff, 0xff, 0xff, 0xff,
    0xff, 0xff, 0xff, 0x8f, 0xff, 0xff, 0xff, 0xff,
    0xff, 0xf8,

    /* U+F204 "" */
    0x0, 0x7, 0xcf, 0xff, 0xff, 0xff, 0xfc, 0x70,
    0x0, 0x1, 0xdf, 0xff, 0xff, 0xff, 0xff, 0xff,
    0xfd, 0x10, 0xd, 0xfd, 0x40, 0x4, 0xdf, 0xc0,
    0x4, 0xdf, 0xd0, 0x7f, 0xd1, 0x0, 0x0, 0x1d,
    0xf6, 0x0, 0x1d, 0xf7, 0xcf, 0x40, 0x0, 0x0,
    0x4, 0xfc, 0x0, 0x4, 0xfc, 0xff, 0x0, 0x0,
    0x0, 0x0, 0xff, 0x0, 0x0, 0xff, 0xff, 0x0,
    0x0, 0x0, 0x0, 0xff, 0x0, 0x0, 0xff, 0xcf,
    0x40, 0x0, 0x0, 0x4, 0xfc, 0x0, 0x4, 0xfc,
    0x7f, 0xd1, 0x0, 0x0, 0x1d, 0xf6, 0x0, 0x1d,
    0xf7, 0xd, 0xfd, 0x40, 0x4, 0xdf, 0xc0, 0x4,
    0xdf, 0xd0, 0x1, 0xdf, 0xff, 0xff, 0xff, 0xff,
    0xff, 0xfd, 0x10, 0x0, 0x7, 0xcf, 0xff, 0xff,
    0xff, 0xfc, 0x70, 0x0,

    /* U+F205 "" */
    0x0, 0x7, 0xcf, 0xff, 0xff, 0xff, 0xfc, 0x70,
    0x0, 0x1, 0xdf, 0xff, 0xff, 0xff, 0xff, 0xff,
    0xfd, 0x10, 0xd, 0xff, 0xff, 0xff, 0xfd, 0x40,
    0x4, 0xdf, 0xd0, 0x7f, 0xff, 0xff, 0xff, 0xd1,
    0x0, 0x0, 0x1d, 0xf7, 0xcf, 0xff, 0xff, 0xff,
    0x40, 0x0, 0x0, 0x4, 0xfc, 0xff, 0xff, 0xff,
    0xff, 0x0, 0x0, 0x0, 0x0, 0xff, 0xff, 0xff,
    0xff, 0xff, 0x0, 0x0, 0x0, 0x0, 0xff, 0xcf,
    0xff, 0xff, 0xff, 0x40, 0x0, 0x0, 0x4, 0xfc,
    0x7f, 0xff, 0xff, 0xff, 0xd1, 0x0, 0x0, 0x1d,
    0xf7, 0xd, 0xff, 0xff, 0xff, 0xfd, 0x40, 0x4,
    0xdf, 0xd0, 0x1, 0xdf, 0xff, 0xff, 0xff, 0xff,
    0xff, 0xfd, 0x10, 0x0, 0x7, 0xcf, 0xff, 0xff,
    0xff, 0xfc, 0x70, 0x0,

    /* U+F206 "" */
    0x0, 0x0, 0x0, 0x0, 0xb, 0xcc, 0x20, 0x0,
    0x0, 0x0, 0x0, 0x0, 0x6, 0x88, 0x70, 0xab,
    0xfc, 0x0, 0x0, 0x0, 0x0, 0x0, 0x0, 0xcf,
    0xff, 0x88, 0x8c, 0xf6, 0x0, 0x0, 0x0, 0x0,
    0x0, 0x0, 0x2f, 0xdc, 0xcc, 0xef, 0xf1, 0x0,
    0x0, 0x0, 0x2, 0xaf, 0xee, 0xe0, 0x0, 0x1f,
    0xcf, 0xee, 0xfb, 0x20, 0x2, 0xef, 0x9c, 0xfe,
    0x20, 0xa, 0xf4, 0xff, 0xc9, 0xfe, 0x20, 0xbf,
    0x21, 0xfc, 0xea, 0x4, 0xf7, 0xbf, 0xde, 0x2,
    0xfb, 0xf, 0x90, 0xaf, 0xad, 0xf8, 0xed, 0xf,
    0x93, 0xf9, 0x9, 0xf0, 0xf9, 0xd, 0xff, 0xff,
    0xff, 0x30, 0xf9, 0x7, 0x70, 0x9f, 0xb, 0xf2,
    0x0, 0x1e, 0xa0, 0x0, 0xa, 0xe2, 0x0, 0x2f,
    0xb0, 0x2e, 0xf9, 0x9e, 0xe2, 0x0, 0x0, 0x2e,
    0xe9, 0x9f, 0xf2, 0x0, 0x2b, 0xfe, 0xa2, 0x0,
    0x0, 0x0, 0x2a, 0xff, 0xb2, 0x0, 0x0, 0x0,
    0x0, 0x0, 0x0, 0x0, 0x0, 0x0, 0x0, 0x0,
    0x0,

    /* U+F207 "" */
    0x0, 0x16, 0xad, 0xef, 0xfe, 0xda, 0x61, 0x0,
    0x6, 0xff, 0xff, 0xff, 0xff, 0xff, 0xff, 0x60,
    0xf, 0xff, 0xff, 0xff, 0xff, 0xff, 0xff, 0xf0,
    0xf, 0xf3, 0x0, 0x0, 0x0, 0x0, 0x3f, 0xf0,
    0xdf, 0xf0, 0x0, 0x0, 0x0, 0x0, 0xf, 0xfd,
    0xff, 0xf0, 0x0, 0x0, 0x0, 0x0, 0xf, 0xff,
    0xff, 0xf0, 0x0, 0x0, 0x0, 0x0, 0xf, 0xff,
    0xdf, 0xf0, 0x0, 0x0, 0x0, 0x0, 0xf, 0xfd,
    0xf, 0xf3, 0x0, 0x0, 0x0, 0x0, 0x3f, 0xf0,
    0xf, 0xff, 0xff, 0xff, 0xff, 0xff, 0xff, 0xf0,
    0xf, 0xe9, 0xff, 0xff, 0xff, 0xfd, 0x8f, 0xf0,
    0xf, 0x80, 0xcf, 0xff, 0xff, 0xf5, 0x8, 0xf0,
    0xf, 0xe9, 0xff, 0xff, 0xff, 0xfd, 0x8f, 0xf0,
    0xc, 0xff, 0xff, 0xff, 0xff, 0xff, 0xff, 0xd0,
    0x0, 0xff, 0xc0, 0x0, 0x0, 0x3f, 0xff, 0x0,
    0x0, 0xcf, 0x80, 0x0, 0x0, 0x1e, 0xfb, 0x0,

    /* U+F208 "" */
    0x0, 0x0, 0x0, 0x3, 0x79, 0x97, 0x30, 0x0,
    0x0, 0x0, 0x0, 0x0, 0x3, 0xcf, 0xfe, 0xef,
    0xfc, 0x30, 0x0, 0x0, 0x0, 0x0, 0x5f, 0xe6,
    0x10, 0x1, 0x6e, 0xf5, 0x0, 0x0, 0x0, 0x3,
    0xfb, 0x10, 0x0, 0x0, 0x1, 0xbf, 0x40, 0x0,
    0x0, 0xd, 0xd0, 0x0, 0x0, 0x0, 0x0, 0xd,
    0xd0, 0x0, 0x0, 0x4f, 0x40, 0xdf, 0xff, 0xff,
    0xff, 0xff, 0xff, 0xfc, 0x0, 0x9f, 0x0, 0x58,
    0x88, 0x88, 0x88, 0x88, 0xfc, 0x85, 0x0, 0xbc,
    0x0, 0x9c, 0xcc, 0xcc, 0xc9, 0x0, 0xda, 0x0,
    0x0, 0xbc, 0x0, 0x9c, 0xcc, 0xcc, 0xc9, 0x0,
    0xcb, 0x0, 0x58, 0xcf, 0x88, 0x88, 0x88, 0x88,
    0x85, 0x0, 0xf9, 0x0, 0xdf, 0xff, 0xff, 0xff,
    0xff, 0xff, 0xfd, 0x4, 0xf5, 0x0, 0x0, 0xe,
    0xd0, 0x0, 0x0, 0x0, 0x0, 0xc, 0xe0, 0x0,
    0x0, 0x5, 0xfa, 0x0, 0x0, 0x0, 0x0, 0x9f,
    0x50, 0x0, 0x0, 0x0, 0x7f, 0xc3, 0x0, 0x0,
    0x2b, 0xf8, 0x0, 0x0, 0x0, 0x0, 0x5, 0xef,
    0xdb, 0xad, 0xfe, 0x60, 0x0, 0x0, 0x0, 0x0,
    0x0, 0x16, 0xbd, 0xdb, 0x61, 0x0, 0x0, 0x0,

    /* U+F209 "" */
    0x0, 0x1a, 0x70, 0x0, 0x9, 0xb1, 0x0, 0x79,
    0xc4, 0x0, 0x6b, 0xc6, 0x0, 0x69, 0x4d, 0x0,
    0xe2, 0xc4, 0x0, 0x2d, 0xe, 0x45, 0xc1, 0xf1,
    0x0, 0xd, 0x38, 0xac, 0x76, 0xb0, 0x0, 0x8,
    0x83, 0xff, 0x1b, 0x60, 0x0, 0x6, 0xeb, 0xfe,
    0x6f, 0x30, 0x0, 0xde, 0xf8, 0x56, 0x9e, 0xf4,
    0x2, 0xd0, 0xad, 0x75, 0x41, 0xba, 0x9, 0xf3,
    0x1f, 0xcf, 0xf5, 0x8b, 0x6b, 0x4d, 0x28, 0xeb,
    0x10, 0x8b, 0x8b, 0x57, 0xec, 0xd0, 0x0, 0xc8,
    0x5e, 0xe6, 0xfb, 0x80, 0x3, 0xf2, 0xd, 0xbc,
    0x92, 0xa0, 0x1d, 0x90, 0x2, 0xea, 0x31, 0x46,
    0xeb, 0x0, 0x0, 0x18, 0xdf, 0xeb, 0x50, 0x0,

    /* U+F20A "" */
    0x8f, 0xff, 0xff, 0xff, 0xff, 0xff, 0xff, 0xf8,
    0xff, 0xff, 0xff, 0xff, 0xff, 0xff, 0xff, 0xff,
    0xff, 0xff, 0xff, 0xff, 0xff, 0xff, 0xff, 0xff,
    0xff, 0xfa, 0x20, 0x2b, 0xfa, 0x20, 0x3b, 0xff,
    0xff, 0xb0, 0x27, 0x39, 0xa0, 0x27, 0x39, 0xff,
    0xff, 0x50, 0xef, 0xff, 0x40, 0xff, 0xff, 0xff,
    0xff, 0x60, 0xef, 0xff, 0x50, 0xff, 0xff, 0xff,
    0xff, 0xb0, 0x38, 0x39, 0xa0, 0x38, 0x39, 0xff,
    0xff, 0xf9, 0x10, 0x2b, 0xf9, 0x10, 0x2c, 0xff,
    0xff, 0xff, 0xff, 0xff, 0xff, 0xff, 0xff, 0xff,
    0xff, 0xff, 0xff, 0xff, 0xff, 0xff, 0xff, 0xff,
    0x8f, 0xff, 0xff, 0xff, 0xff, 0xff, 0xff, 0xf8,

    /* U+F20B "" */
    0xdf, 0xff, 0xff, 0xfc, 0x40, 0x6, 0xfe, 0xff,
    0xff, 0xff, 0xff, 0xf5, 0x8, 0xff, 0xff, 0xc8,
    0x88, 0x9f, 0xff, 0x18, 0xff, 0xff, 0x80, 0x0,
    0x5, 0xff, 0x58, 0xff, 0xff, 0x80, 0xff, 0x51,
    0xff, 0x68, 0xff, 0xff, 0x81, 0xff, 0x61, 0xff,
    0x68, 0xff, 0xff, 0x81, 0xff, 0x61, 0xff, 0x68,
    0xff, 0xff, 0x81, 0xff, 0x61, 0xff, 0x68, 0xff,
    0xff, 0x81, 0xff, 0x61, 0xff, 0x68, 0xff, 0xff,
    0x81, 0xff, 0x60, 0xff, 0x58, 0xff, 0xff, 0x81,
    0xff, 0x60, 0x0, 0xb, 0xfe, 0xff, 0x81, 0xff,
    0xb8, 0x88, 0xbf, 0xf9, 0xff, 0x81, 0xff, 0xff,
    0xff, 0xff, 0xd1, 0xef, 0x60, 0xef, 0xff, 0xff,
    0xe9, 0x10,

    /* U+F20D "" */
    0x8f, 0xff, 0xff, 0xff, 0xff, 0xff, 0xf8, 0xff,
    0xff, 0xff, 0xff, 0xff, 0xff, 0xff, 0xff, 0xff,
    0xe5, 0x55, 0x5e, 0xff, 0xff, 0xff, 0xff, 0xa0,
    0x0, 0xa, 0xff, 0xff, 0xff, 0xff, 0x40, 0x33,
    0x5, 0xff, 0xff, 0xff, 0xff, 0x0, 0x77, 0x0,
    0xff, 0xff, 0xff, 0xfa, 0x0, 0xbb, 0x0, 0xaf,
    0xff, 0xff, 0xf5, 0x0, 0xff, 0x0, 0x5f, 0xff,
    0xff, 0xf0, 0x2, 0xbb, 0x30, 0xf, 0xff, 0xff,
    0xb0, 0x0, 0x7, 0x80, 0xb, 0xff, 0xff, 0x60,
    0x0, 0xaf, 0xd0, 0x6, 0xff, 0xff, 0x65, 0x5c,
    0xff, 0xf5, 0x56, 0xff, 0xff, 0xff, 0xff, 0xff,
    0xff, 0xff, 0xff, 0x8f, 0xff, 0xff, 0xff, 0xff,
    0xff, 0xf8,

    /* U+F20E "" */
    0x0, 0x0, 0x68, 0x88, 0x98, 0x88, 0x93, 0x0,
    0x0, 0x0, 0x0, 0xd6, 0x11, 0x24, 0x67, 0x7a,
    0x0, 0x0, 0x0, 0x8, 0x70, 0x54, 0x42, 0x4,
    0x8, 0x40, 0x0, 0x0, 0x2a, 0x64, 0x35, 0x0,
    0x40, 0x0, 0xb0, 0x0, 0x0, 0xa7, 0x40, 0x1,
    0x44, 0x0, 0x0, 0x77, 0x0, 0x3, 0x83, 0x50,
    0x0, 0x53, 0x0, 0x2, 0x7b, 0x0, 0xb, 0x0,
    0x61, 0x4, 0x1, 0x30, 0x24, 0x33, 0x80, 0x66,
    0x0, 0x43, 0x40, 0x0, 0x24, 0x40, 0x30, 0x92,
    0x57, 0x0, 0x44, 0x40, 0x0, 0x16, 0x20, 0x30,
    0xb1, 0xa, 0x10, 0x61, 0x4, 0x1, 0x40, 0x33,
    0x25, 0x60, 0x2, 0x93, 0x60, 0x0, 0x55, 0x0,
    0x6, 0x2b, 0x0, 0x0, 0xa8, 0x74, 0x44, 0x77,
    0x44, 0x46, 0xb5, 0x0, 0x0, 0x1a, 0x40, 0x5,
    0x0, 0x40, 0x5, 0xb0, 0x0, 0x0, 0x7, 0x80,
    0x50, 0x0, 0x4, 0xc, 0x30, 0x0, 0x0, 0x0,
    0xd5, 0x21, 0x21, 0x12, 0x6a, 0x0, 0x0, 0x0,
    0x0, 0x69, 0x99, 0x99, 0x99, 0x93, 0x0, 0x0,

    /* U+F210 "" */
    0x0, 0x0, 0x0, 0x0, 0x0, 0x0, 0x0, 0x0,
    0x0, 0x0, 0x0, 0x0, 0x0, 0x64, 0x0, 0x0,
    0x0, 0x0, 0x0, 0x6, 0xf4, 0x0, 0x0, 0x0,
    0x0, 0x0, 0x5f, 0xf4, 0x1, 0xbe, 0xff, 0xff,
    0xff, 0xff, 0xf4, 0xd, 0xff, 0xff, 0xff, 0xff,
    0xff, 0xf4, 0x3f, 0xff, 0xff, 0xff, 0xff, 0xff,
    0xf4, 0x4f, 0xff, 0x74, 0x44, 0x47, 0xff, 0xf4,
    0x4f, 0xfe, 0x0, 0x0, 0x0, 0xef, 0xf4, 0x4f,
    0xfe, 0x0, 0x0, 0x0, 0xef, 0xf4, 0x4f, 0xfe,
    0x0, 0x0, 0x0, 0xef, 0xf4, 0x4f, 0xfe, 0x0,
    0x0, 0x0, 0xef, 0xf4, 0x4f, 0xfe, 0x0, 0x0,
    0x0, 0xaf, 0xf4, 0x4f, 0xff, 0x20, 0x0, 0x0,
    0xc, 0xf4, 0x4f, 0xff, 0xff, 0xff, 0xff, 0xff,
    0xf4, 0xe, 0xff, 0xff, 0xff, 0xff, 0xff, 0xe0,
    0x3, 0xcf, 0xff, 0xff, 0xff, 0xfc, 0x30,

    /* U+F211 "" */
    0x0, 0x0, 0x7b, 0xd8, 0x10, 0x0, 0x0, 0x0,
    0x4e, 0xfd, 0x30, 0x1, 0x73, 0x0, 0x4, 0xff,
    0xa0, 0x2, 0xaf, 0xff, 0x20, 0x1e, 0xf8, 0x0,
    0x6f, 0xff, 0x81, 0x0, 0x8f, 0x90, 0x8, 0xff,
    0xa1, 0x0, 0x44, 0xcd, 0x0, 0x9f, 0xf6, 0x0,
    0x4d, 0xfb, 0xf3, 0x6, 0xff, 0x40, 0xa, 0xff,
    0xd4, 0xa0, 0x2f, 0xf6, 0x1, 0xcf, 0xf6, 0x0,
    0x20, 0xaf, 0xa0, 0xc, 0xfe, 0x30, 0x17, 0x2,
    0xff, 0x10, 0x9f, 0xe1, 0x4, 0xf7, 0x8, 0xf8,
    0x4, 0xff, 0x30, 0x6f, 0xf1, 0x6, 0xf1, 0xd,
    0xf6, 0x4, 0xff, 0xf3, 0x0, 0x40, 0x4f, 0xd0,
    0x1e, 0xff, 0xf8, 0x0, 0x0, 0x6e, 0x50, 0x99,
    0x24, 0x9c, 0x0, 0x0, 0x0, 0x0, 0x0, 0x0,
    0x0,

    /* U+F212 "" */
    0x0, 0x5b, 0xef, 0xeb, 0x55, 0xbe, 0xfe, 0xb5,
    0x0, 0x8, 0xeb, 0xbb, 0xba, 0xee, 0xab, 0x45,
    0x9e, 0x80, 0xa, 0xaf, 0xff, 0xff, 0xaa, 0xff,
    0x20, 0x8, 0xa0, 0xc, 0xbf, 0xff, 0xff, 0xff,
    0xff, 0x30, 0x6, 0xc0, 0xe, 0xbf, 0xff, 0xff,
    0xff, 0xff, 0x40, 0x4, 0xd0, 0xf, 0xbf, 0xff,
    0xff, 0xff, 0xff, 0x50, 0x3, 0xf0, 0x1f, 0xbf,
    0xff, 0xff, 0xff, 0xff, 0x60, 0x1, 0xf1, 0x3f,
    0xbf, 0xff, 0xff, 0xff, 0xff, 0x70, 0x0, 0xf3,
    0x5d, 0xdf, 0xff, 0xff, 0xff, 0xff, 0x80, 0x0,
    0xd5, 0x7b, 0xfc, 0xbb, 0xab, 0xff, 0xba, 0x72,
    0x0, 0xb7, 0x9c, 0xbf, 0xfe, 0xef, 0xbb, 0xfe,
    0xef, 0xe9, 0xb9, 0xbe, 0x94, 0x0, 0x3, 0xbb,
    0x30, 0x0, 0x49, 0xeb, 0x10, 0x0, 0x0, 0x0,
    0x0, 0x0, 0x0, 0x0, 0x1,

    /* U+F213 "" */
    0x0, 0x0, 0x0, 0x0, 0x0, 0x12, 0x10, 0x0,
    0x0, 0x0, 0x0, 0x0, 0x0, 0x0, 0x2b, 0xff,
    0xfd, 0x40, 0x0, 0x0, 0x0, 0x0, 0x0, 0x2,
    0xff, 0xff, 0xff, 0xf7, 0x0, 0x0, 0x0, 0x0,
    0x0, 0xd, 0xff, 0xff, 0xff, 0xff, 0x30, 0x0,
    0x0, 0x6, 0xcb, 0x7f, 0xff, 0xff, 0xfe, 0xff,
    0xa0, 0x0, 0x0, 0x5f, 0xff, 0xff, 0xff, 0xff,
    0xd0, 0x8f, 0xd0, 0x0, 0x0, 0xaf, 0xff, 0xff,
    0xff, 0xff, 0xd0, 0x8f, 0xe0, 0x0, 0x0, 0xcf,
    0xff, 0xfe, 0xee, 0x1, 0xd0, 0x8f, 0xe6, 0x0,
    0xc, 0xff, 0x96, 0xf0, 0xe, 0x0, 0xd0, 0x8f,
    0xff, 0xa0, 0x8f, 0xff, 0x30, 0xe0, 0xe, 0x0,
    0xd0, 0x8f, 0xff, 0xf5, 0xdf, 0xff, 0x30, 0xe0,
    0xe, 0x0, 0xd0, 0x8f, 0xff, 0xfa, 0xef, 0xff,
    0x30, 0xe0, 0xe, 0x0, 0xd0, 0x8f, 0xff, 0xfb,
    0xaf, 0xff, 0x40, 0xe0, 0xe, 0x1, 0xd0, 0x9f,
    0xff, 0xf7, 0x2e, 0xff, 0xff, 0xff, 0xff, 0xff,
    0xff, 0xff, 0xff, 0xd0, 0x2, 0xbf, 0xff, 0xff,
    0xff, 0xff, 0xff, 0xff, 0xe9, 0x10,

    /* U+F214 "" */
    0xee, 0xee, 0xee, 0xee, 0xee, 0xee, 0xee, 0xe3,
    0x35, 0x33, 0x54, 0x35, 0x43, 0x3e, 0xe2, 0x22,
    0x22, 0x22, 0x22, 0x22, 0x2e, 0xfc, 0xcc, 0xcc,
    0xcc, 0xcc, 0xcc, 0xcf, 0xe6, 0x25, 0x33, 0x53,
    0x25, 0x33, 0x6e, 0xe3, 0x0, 0x0, 0x0, 0x0,
    0x0, 0x3e, 0xe3, 0x0, 0x7, 0xee, 0x90, 0x0,
    0x3e, 0xe5, 0x0, 0x7d, 0x78, 0xd8, 0x0, 0x5e,
    0xe3, 0x0, 0xcb, 0x58, 0xde, 0x0, 0x3e, 0xe3,
    0x0, 0xbd, 0xc8, 0x7d, 0x0, 0x3e, 0xe3, 0x0,
    0x4f, 0xbc, 0xf5, 0x0, 0x3e, 0xe5, 0x0, 0x3,
    0x99, 0x40, 0x0, 0x5e, 0xe8, 0x73, 0x0, 0x0,
    0x0, 0x36, 0x8f, 0x17, 0xdb, 0x74, 0x21, 0x37,
    0xbd, 0x71, 0x0, 0x5, 0xcc, 0x87, 0xcc, 0x50,
    0x0, 0x0, 0x0, 0x3, 0xaa, 0x30, 0x0, 0x0,

    /* U+F215 "" */
    0xbf, 0xff, 0xd0, 0x0, 0x0, 0xd, 0xff, 0xfb,
    0xef, 0xff, 0xf0, 0x0, 0x0, 0xf, 0xff, 0xfe,
    0xef, 0xff, 0xff, 0xff, 0xff, 0xff, 0xff, 0xfe,
    0xef, 0xff, 0xff, 0xff, 0xff, 0xff, 0xff, 0xfe,
    0xef, 0xff, 0xff, 0xff, 0xff, 0xff, 0xff, 0xfe,
    0xef, 0xf5, 0x3, 0xef, 0xfd, 0x30, 0x6f, 0xfe,
    0xef, 0xa0, 0x0, 0x6f, 0xf5, 0x0, 0xa, 0xfe,
    0xef, 0xa0, 0x0, 0x6f, 0xf4, 0x0, 0xa, 0xfe,
    0xef, 0xf4, 0x2, 0xdf, 0xfc, 0x10, 0x4f, 0xfe,
    0xef, 0xff, 0xef, 0xff, 0xff, 0xfe, 0xff, 0xfe,
    0xef, 0xff, 0xff, 0xff, 0xff, 0xff, 0xff, 0xfe,
    0xbf, 0xff, 0xff, 0xff, 0xff, 0xff, 0xff, 0xfb,

    /* U+F216 "" */
    0x0, 0x0, 0x0, 0x0, 0x29, 0xdd, 0x91, 0x0,
    0x0, 0x0, 0x0, 0x0, 0x0, 0x2, 0xd6, 0x24,
    0xae, 0x20, 0x0, 0x0, 0x0, 0x2, 0x43, 0x1,
    0x0, 0x0, 0x8, 0xb0, 0x0, 0x0, 0x2, 0xcf,
    0xff, 0xf8, 0x0, 0x0, 0x0, 0xf1, 0x0, 0x0,
    0x1e, 0xf7, 0x21, 0x4c, 0xd1, 0x0, 0x0, 0xc3,
    0x0, 0x0, 0x9f, 0x30, 0x0, 0x0, 0x8e, 0x10,
    0x0, 0xef, 0xfd, 0x50, 0xec, 0x0, 0x0, 0x0,
    0x8, 0xc0, 0x0, 0x31, 0x19, 0xf6, 0xfb, 0x0,
    0x0, 0x0, 0x0, 0xb9, 0x0, 0x0, 0x0, 0xee,
    0xde, 0x0, 0x0, 0x0, 0x0, 0x1d, 0x70, 0x0,
    0x0, 0xdf, 0x7f, 0x70, 0x0, 0x0, 0x3c, 0x12,
    0xe9, 0x0, 0x4, 0xfc, 0xa, 0xfb, 0x65, 0x7b,
    0xb1, 0x0, 0x2d, 0xea, 0xbf, 0xf3, 0x0, 0x5b,
    0xdc, 0x94, 0x0, 0x0, 0x0, 0x7c, 0xda, 0x30,

    /* U+F217 "" */
    0xd, 0xff, 0xf9, 0x0, 0x0, 0x0, 0x0, 0x0,
    0x0, 0x0, 0xd, 0xff, 0xfd, 0x0, 0x0, 0x0,
    0x0, 0x0, 0x0, 0x0, 0x0, 0x0, 0xff, 0xff,
    0xff, 0xff, 0xff, 0xff, 0xff, 0xd0, 0x0, 0x0,
    0xcf, 0xff, 0xff, 0xe8, 0xff, 0xff, 0xff, 0xd0,
    0x0, 0x0, 0x9f, 0xff, 0xff, 0xb0, 0xcf, 0xff,
    0xff, 0x90, 0x0, 0x0, 0x5f, 0xff, 0xd4, 0x20,
    0x34, 0xef, 0xff, 0x50, 0x0, 0x0, 0x2f, 0xff,
    0xd4, 0x20, 0x34, 0xef, 0xff, 0x20, 0x0, 0x0,
    0xf, 0xff, 0xff, 0xb0, 0xcf, 0xff, 0xfe, 0x0,
    0x0, 0x0, 0xc, 0xff, 0xff, 0xe8, 0xff, 0xff,
    0xfb, 0x0, 0x0, 0x0, 0x8, 0xff, 0xff, 0xff,
    0xff, 0xff, 0xf6, 0x0, 0x0, 0x0, 0x5, 0xfb,
    0x0, 0x0, 0x0, 0x0, 0x0, 0x0, 0x0, 0x0,
    0x2, 0xff, 0xff, 0xff, 0xff, 0xff, 0xc0, 0x0,
    0x0, 0x0, 0x0, 0xff, 0xff, 0xff, 0xff, 0xff,
    0xd0, 0x0, 0x0, 0x0, 0x8, 0xff, 0x80, 0x0,
    0x0, 0x8f, 0xf7, 0x0, 0x0, 0x0, 0xb, 0xff,
    0xa0, 0x0, 0x0, 0xbf, 0xfa, 0x0, 0x0, 0x0,
    0x3, 0xed, 0x30, 0x0, 0x0, 0x3e, 0xd3, 0x0,
    0x0, 0x0, 0x0, 0x0, 0x0, 0x0, 0x0, 0x0,
    0x0, 0x0,

    /* U+F218 "" */
    0xd, 0xff, 0xf9, 0x0, 0x0, 0x0, 0x0, 0x0,
    0x0, 0x0, 0xd, 0xff, 0xfd, 0x0, 0x0, 0x0,
    0x0, 0x0, 0x0, 0x0, 0x0, 0x0, 0xff, 0xff,
    0xff, 0xff, 0xff, 0xff, 0xff, 0xd0, 0x0, 0x0,
    0xcf, 0xff, 0xff, 0xfc, 0xff, 0xff, 0xff, 0xd0,
    0x0, 0x0, 0x9f, 0xff, 0xff, 0xb0, 0xcf, 0xff,
    0xff, 0x90, 0x0, 0x0, 0x5f, 0xff, 0xff, 0xb0,
    0xcf, 0xff, 0xff, 0x50, 0x0, 0x0, 0x2f, 0xff,
    0xf3, 0x0, 0x3, 0xff, 0xff, 0x20, 0x0, 0x0,
    0xf, 0xff, 0xfd, 0x10, 0x2e, 0xff, 0xfe, 0x0,
    0x0, 0x0, 0xc, 0xff, 0xff, 0xd4, 0xef, 0xff,
    0xfb, 0x0, 0x0, 0x0, 0x8, 0xff, 0xff, 0xff,
    0xff, 0xff, 0xf6, 0x0, 0x0, 0x0, 0x5, 0xfb,
    0x0, 0x0, 0x0, 0x0, 0x0, 0x0, 0x0, 0x0,
    0x2, 0xff, 0xff, 0xff, 0xff, 0xff, 0xc0, 0x0,
    0x0, 0x0, 0x0, 0xff, 0xff, 0xff, 0xff, 0xff,
    0xd0, 0x0, 0x0, 0x0, 0x8, 0xff, 0x80, 0x0,
    0x0, 0x8f, 0xf7, 0x0, 0x0, 0x0, 0xb, 0xff,
    0xa0, 0x0, 0x0, 0xbf, 0xfa, 0x0, 0x0, 0x0,
    0x3, 0xed, 0x30, 0x0, 0x0, 0x3e, 0xd3, 0x0,
    0x0, 0x0, 0x0, 0x0, 0x0, 0x0, 0x0, 0x0,
    0x0, 0x0,

    /* U+F21A "" */
    0x0, 0x0, 0x0, 0xd, 0xff, 0xff, 0xd0, 0x0,
    0x0, 0x0, 0x0, 0x0, 0x0, 0xf, 0xff, 0xff,
    0xf0, 0x0, 0x0, 0x0, 0x0, 0x0, 0xcf, 0xff,
    0xff, 0xff, 0xff, 0xfc, 0x0, 0x0, 0x0, 0x0,
    0xff, 0xff, 0xff, 0xff, 0xff, 0xff, 0x0, 0x0,
    0x0, 0x0, 0xff, 0x0, 0x0, 0x0, 0x0, 0xff,
    0x0, 0x0, 0x0, 0x0, 0xff, 0x0, 0x15, 0x51,
    0x0, 0xff, 0x0, 0x0, 0x0, 0x0, 0xff, 0x6b,
    0xff, 0xff, 0xb6, 0xff, 0x0, 0x0, 0x0, 0x17,
    0xff, 0xff, 0xff, 0xff, 0xff, 0xff, 0x71, 0x0,
    0x0, 0xef, 0xff, 0xff, 0xff, 0xff, 0xff, 0xff,
    0xfe, 0x0, 0x0, 0xaf, 0xff, 0xff, 0xff, 0xff,
    0xff, 0xff, 0xfa, 0x0, 0x0, 0xa, 0xff, 0xff,
    0xff, 0xff, 0xff, 0xff, 0xa0, 0x0, 0x0, 0x0,
    0xcf, 0xff, 0xff, 0xff, 0xff, 0xfc, 0x0, 0x0,
    0x0, 0x1, 0xef, 0xff, 0xff, 0xff, 0xff, 0xff,
    0x20, 0x0, 0x1, 0x5e, 0xff, 0xff, 0xff, 0xff,
    0xff, 0xff, 0xe6, 0x10, 0xdf, 0xff, 0xc9, 0xff,
    0xff, 0xff, 0xff, 0x9c, 0xff, 0xfd, 0xdf, 0xc6,
    0x0, 0x8e, 0xff, 0xff, 0xe8, 0x0, 0x6c, 0xfd,

    /* U+F21B "" */
    0x0, 0x0, 0x0, 0x0, 0x0, 0x0, 0x0, 0x0,
    0x0, 0x8e, 0x88, 0xe8, 0x0, 0x0, 0x0, 0x3,
    0xff, 0xff, 0xff, 0x30, 0x0, 0x0, 0xa, 0xff,
    0xff, 0xff, 0xa0, 0x0, 0x7, 0xdf, 0xff, 0xff,
    0xff, 0xfd, 0x70, 0x7, 0xef, 0xff, 0xff, 0xff,
    0xfe, 0x70, 0x0, 0xe, 0x44, 0x55, 0x44, 0xe0,
    0x0, 0x0, 0xa, 0x90, 0xaa, 0x9, 0xa0, 0x0,
    0xa, 0xff, 0xff, 0xff, 0xff, 0xff, 0xa0, 0x5,
    0xff, 0xff, 0xff, 0xff, 0xff, 0x60, 0x1, 0xff,
    0x8d, 0xff, 0xd8, 0xff, 0x20, 0x1d, 0xff, 0x80,
    0xee, 0x8, 0xff, 0xd1, 0x9f, 0xff, 0xb0, 0x99,
    0xb, 0xff, 0xf9, 0xef, 0xff, 0xf0, 0xdd, 0xf,
    0xff, 0xfe, 0xff, 0xff, 0xf4, 0xff, 0x4f, 0xff,
    0xff, 0xff, 0xff, 0xfc, 0xff, 0xcf, 0xff, 0xff,
    0x9f, 0xff, 0xff, 0xff, 0xff, 0xff, 0xf9,

    /* U+F21C "" */
    0x0, 0x0, 0x0, 0x0, 0x3, 0xff, 0xf7, 0x1d,
    0xfd, 0x0, 0x0, 0x0, 0x3b, 0xcb, 0x81, 0x1,
    0x78, 0xcf, 0xcf, 0xff, 0x0, 0x0, 0x0, 0x3b,
    0xcd, 0xfe, 0x88, 0x88, 0x9f, 0xe8, 0x85, 0x0,
    0x0, 0x0, 0x0, 0x0, 0xbf, 0xff, 0xff, 0xff,
    0xf4, 0x0, 0x0, 0x0, 0x0, 0x2b, 0xfe, 0xff,
    0xff, 0xff, 0xfc, 0xde, 0xef, 0xb2, 0x0, 0x2,
    0xef, 0x9e, 0xff, 0xff, 0xff, 0xe3, 0xef, 0xd9,
    0xfe, 0x20, 0xb, 0xf2, 0x2f, 0xff, 0xff, 0xff,
    0x8a, 0xfb, 0xf1, 0x2f, 0xb0, 0xf, 0x90, 0xbf,
    0xff, 0xff, 0xff, 0x5f, 0x91, 0xfa, 0x9, 0xf0,
    0xf, 0x90, 0xdf, 0xff, 0xff, 0xff, 0x2f, 0x90,
    0x7e, 0x9, 0xf0, 0xb, 0xf2, 0x0, 0x2e, 0xa0,
    0x0, 0xb, 0xf2, 0x0, 0x2e, 0xb0, 0x2, 0xef,
    0x99, 0xee, 0x20, 0x0, 0x2, 0xef, 0x99, 0xef,
    0x20, 0x0, 0x2b, 0xfe, 0xa2, 0x0, 0x0, 0x0,
    0x2b, 0xff, 0xb2, 0x0, 0x0, 0x0, 0x0, 0x0,
    0x0, 0x0, 0x0, 0x0, 0x0, 0x0, 0x0,

    /* U+F21D "" */
    0x0, 0x0, 0x0, 0x4e, 0xe4, 0x0, 0x0, 0x0,
    0x0, 0x0, 0x0, 0xef, 0xfe, 0x0, 0x0, 0x0,
    0x0, 0x0, 0x0, 0xef, 0xfe, 0x0, 0x0, 0x0,
    0x0, 0x0, 0x0, 0x4e, 0xe4, 0x0, 0x0, 0x0,
    0x0, 0x0, 0x2, 0x75, 0x57, 0x20, 0x0, 0x0,
    0x0, 0x0, 0xd, 0xff, 0xff, 0xd0, 0x0, 0x0,
    0x0, 0x0, 0xf, 0xff, 0xff, 0xf0, 0x0, 0x0,
    0x0, 0x0, 0xf, 0xff, 0xff, 0xf0, 0x0, 0x0,
    0x0, 0x0, 0xf, 0xff, 0xff, 0xf0, 0x0, 0x0,
    0x0, 0x0, 0xc, 0xff, 0xff, 0xc0, 0x0, 0x0,
    0x0, 0x26, 0x80, 0xff, 0xff, 0x8, 0x62, 0x0,
    0x2b, 0xfc, 0x80, 0xff, 0xff, 0x8, 0xbf, 0xb1,
    0xdc, 0x10, 0x0, 0xff, 0xff, 0x0, 0x1, 0xcd,
    0xdc, 0x10, 0x0, 0xcf, 0xfc, 0x0, 0x1, 0xcd,
    0x2b, 0xfc, 0x96, 0x54, 0x45, 0x69, 0xcf, 0xb2,
    0x0, 0x26, 0xad, 0xef, 0xfe, 0xda, 0x62, 0x0,

    /* U+F21E "" */
    0x0, 0x19, 0xef, 0xc4, 0x0, 0x4c, 0xfe, 0x91,
    0x0, 0x1, 0xdf, 0xff, 0xff, 0x66, 0xff, 0xff,
    0xfd, 0x10, 0x9, 0xff, 0xff, 0xff, 0xff, 0xff,
    0xff, 0xff, 0x90, 0xe, 0xff, 0xff, 0xff, 0xff,
    0xff, 0xff, 0xff, 0xe0, 0xf, 0xff, 0xff, 0x3b,
    0xff, 0xff, 0xff, 0xff, 0xf0, 0xd, 0xff, 0xfc,
    0x3, 0xff, 0x77, 0xff, 0xff, 0xc0, 0x5, 0xff,
    0xf5, 0x82, 0xce, 0x11, 0xef, 0xff, 0x50, 0x0,
    0x0, 0x0, 0xe9, 0x57, 0x76, 0x0, 0x0, 0x0,
    0x0, 0x9, 0xff, 0xff, 0x11, 0xef, 0xff, 0x90,
    0x0, 0x0, 0x0, 0x9f, 0xff, 0x77, 0xff, 0xf9,
    0x0, 0x0, 0x0, 0x0, 0xa, 0xff, 0xff, 0xff,
    0xa0, 0x0, 0x0, 0x0, 0x0, 0x0, 0xaf, 0xff,
    0xfa, 0x0, 0x0, 0x0, 0x0, 0x0, 0x0, 0xa,
    0xff, 0xa0, 0x0, 0x0, 0x0, 0x0, 0x0, 0x0,
    0x0, 0xaa, 0x0, 0x0, 0x0, 0x0,

    /* U+F221 "" */
    0x0, 0x8d, 0xfd, 0x80, 0x0, 0xcf, 0xff, 0xff,
    0xc0, 0x8f, 0xe4, 0x4, 0xef, 0x8d, 0xf4, 0x0,
    0x4, 0xfd, 0xff, 0x0, 0x0, 0xf, 0xfd, 0xf4,
    0x0, 0x4, 0xfd, 0x7f, 0xe4, 0x4, 0xef, 0x70,
    0xbf, 0xff, 0xff, 0xb0, 0x0, 0x7e, 0xfe, 0x70,
    0x0, 0x0, 0x8f, 0x80, 0x0, 0x0, 0x7c, 0xfc,
    0x70, 0x0, 0xf, 0xff, 0xff, 0x0, 0x0, 0x7c,
    0xfc, 0x70, 0x0, 0x0, 0x7f, 0x70, 0x0,

    /* U+F222 "" */
    0x0, 0x0, 0x0, 0x0, 0x1f, 0xff, 0x0, 0x0,
    0x0, 0x0, 0x1d, 0xff, 0x0, 0x0, 0x0, 0x1,
    0xdf, 0xdf, 0x0, 0x8d, 0xfd, 0x8d, 0xfd, 0x11,
    0xc, 0xff, 0xff, 0xff, 0xd1, 0x0, 0x8f, 0xe4,
    0x4, 0xef, 0x80, 0x0, 0xdf, 0x40, 0x0, 0x4f,
    0xd0, 0x0, 0xff, 0x0, 0x0, 0xf, 0xf0, 0x0,
    0xdf, 0x40, 0x0, 0x4f, 0xd0, 0x0, 0x8f, 0xe4,
    0x4, 0xef, 0x80, 0x0, 0xc, 0xff, 0xff, 0xfc,
    0x0, 0x0, 0x0, 0x8d, 0xfd, 0x80, 0x0, 0x0,

    /* U+F223 "" */
    0xef, 0x10, 0x0, 0x1f, 0xea, 0xfc, 0x30, 0x3c,
    0xfa, 0x1d, 0xff, 0xff, 0xfd, 0x10, 0xcf, 0xff,
    0xff, 0xc0, 0x8f, 0xe4, 0x4, 0xef, 0x8d, 0xf4,
    0x0, 0x4, 0xfd, 0xff, 0x0, 0x0, 0xf, 0xfd,
    0xf4, 0x0, 0x4, 0xfd, 0x7f, 0xe4, 0x4, 0xef,
    0x70, 0xbf, 0xff, 0xff, 0xb0, 0x0, 0x7e, 0xfe,
    0x70, 0x0, 0x0, 0x8f, 0x80, 0x0, 0x0, 0x7c,
    0xfc, 0x70, 0x0, 0xf, 0xff, 0xff, 0x0, 0x0,
    0x7c, 0xfc, 0x70, 0x0, 0x0, 0x7f, 0x70, 0x0,

    /* U+F224 "" */
    0x0, 0x0, 0x0, 0x0, 0x1f, 0xff, 0x0, 0x0,
    0x0, 0x0, 0x1d, 0xff, 0x0, 0x0, 0x0, 0x1,
    0xdf, 0xdf, 0x0, 0x8d, 0xfd, 0x8d, 0xfd, 0x11,
    0xc, 0xff, 0xff, 0xff, 0xd1, 0x0, 0x8f, 0xe4,
    0x4, 0xef, 0x80, 0x0, 0xdf, 0x40, 0x0, 0x4f,
    0xd0, 0x0, 0xff, 0x0, 0x0, 0xf, 0xf0, 0x0,
    0xdf, 0x40, 0x0, 0x4f, 0xd0, 0x0, 0x7f, 0xe4,
    0x4, 0xef, 0x70, 0x0, 0xb, 0xff, 0xff, 0xfb,
    0x0, 0x0, 0x0, 0x7e, 0xfe, 0x70, 0x0, 0x0,
    0x0, 0x3a, 0xfa, 0x30, 0x0, 0x0, 0x0, 0xff,
    0xff, 0xf0, 0x0, 0x0, 0x0, 0xbe, 0xfe, 0xb0,
    0x0, 0x0, 0x0, 0x7, 0xf7, 0x0, 0x0, 0x0,

    /* U+F225 "" */
    0xff, 0xf1, 0x0, 0x0, 0x0, 0x1, 0xff, 0xff,
    0xfd, 0x9a, 0x0, 0x0, 0x0, 0x1d, 0xff, 0xfd,
    0xff, 0xf2, 0x0, 0x0, 0x1d, 0xfd, 0xf1, 0x9f,
    0xfd, 0x8d, 0xfd, 0x8d, 0xfd, 0x11, 0xa, 0xfd,
    0xff, 0xff, 0xff, 0xfd, 0x10, 0x0, 0x2, 0x8f,
    0xe4, 0x4, 0xef, 0x80, 0x0, 0x0, 0xd, 0xf4,
    0x0, 0x4, 0xfd, 0x0, 0x0, 0x0, 0xff, 0x0,
    0x0, 0xf, 0xf0, 0x0, 0x0, 0xd, 0xf4, 0x0,
    0x4, 0xfd, 0x0, 0x0, 0x0, 0x8f, 0xe4, 0x4,
    0xef, 0x70, 0x0, 0x0, 0x0, 0xcf, 0xff, 0xff,
    0xb0, 0x0, 0x0, 0x0, 0x0, 0x7e, 0xfe, 0x70,
    0x0, 0x0, 0x0, 0x0, 0x3, 0xaf, 0xa3, 0x0,
    0x0, 0x0, 0x0, 0x0, 0xff, 0xff, 0xf0, 0x0,
    0x0, 0x0, 0x0, 0xb, 0xef, 0xeb, 0x0, 0x0,
    0x0, 0x0, 0x0, 0x7, 0xf7, 0x0, 0x0, 0x0,

    /* U+F226 "" */
    0x0, 0x8d, 0xfd, 0x80, 0x7, 0xdf, 0xd8, 0x0,
    0xc, 0xff, 0xff, 0xfc, 0x1d, 0xff, 0xff, 0xc0,
    0x8f, 0xe4, 0x4, 0xef, 0x84, 0x40, 0x4e, 0xf8,
    0xdf, 0x40, 0x0, 0x4f, 0xd0, 0x0, 0x4, 0xfd,
    0xff, 0x0, 0x0, 0xf, 0xf0, 0x0, 0x0, 0xff,
    0xdf, 0x40, 0x0, 0x4f, 0xd0, 0x0, 0x4, 0xfd,
    0x7f, 0xe4, 0x4, 0xef, 0x74, 0x40, 0x4e, 0xf7,
    0xb, 0xff, 0xff, 0xfb, 0x1d, 0xff, 0xff, 0xb0,
    0x0, 0x7e, 0xfe, 0x70, 0x7, 0xef, 0xe7, 0x0,
    0x0, 0x8, 0xf8, 0x0, 0x0, 0x8f, 0x80, 0x0,
    0x0, 0x7c, 0xfc, 0x70, 0x7, 0xcf, 0xc7, 0x0,
    0x0, 0xff, 0xff, 0xf0, 0xf, 0xff, 0xff, 0x0,
    0x0, 0x7c, 0xfc, 0x70, 0x7, 0xcf, 0xc7, 0x0,
    0x0, 0x7, 0xf7, 0x0, 0x0, 0x7f, 0x70, 0x0,

    /* U+F227 "" */
    0x0, 0x0, 0x0, 0x1, 0xff, 0xf0, 0x0, 0x0,
    0x0, 0x0, 0x0, 0x1, 0xdf, 0xf0, 0x0, 0x0,
    0x0, 0x8d, 0xfd, 0x8d, 0xfd, 0xf0, 0x0, 0x0,
    0xc, 0xff, 0xff, 0xff, 0xd1, 0x10, 0x0, 0x0,
    0x8f, 0xe4, 0x4, 0xef, 0x80, 0x0, 0x0, 0x0,
    0xdf, 0x40, 0x0, 0x4f, 0xd0, 0x0, 0x1f, 0xff,
    0xff, 0x0, 0x0, 0xf, 0xf0, 0x0, 0x1d, 0xff,
    0xdf, 0x40, 0x0, 0x4f, 0xd1, 0xd8, 0xdf, 0xdf,
    0x8f, 0xe4, 0x4, 0xef, 0x86, 0xff, 0xfd, 0x11,
    0xc, 0xff, 0xff, 0xfc, 0x0, 0x3e, 0xf8, 0x0,
    0x0, 0x8d, 0xfd, 0x80, 0x0, 0x3, 0xfd, 0x0,
    0x0, 0x0, 0x1, 0x60, 0x0, 0x0, 0xff, 0x0,
    0x0, 0x0, 0xd, 0xf4, 0x0, 0x4, 0xfd, 0x0,
    0x0, 0x0, 0x7, 0xfe, 0x40, 0x4e, 0xf8, 0x0,
    0x0, 0x0, 0x0, 0xcf, 0xff, 0xff, 0xc0, 0x0,
    0x0, 0x0, 0x0, 0x8, 0xdf, 0xd8, 0x0, 0x0,

    /* U+F228 "" */
    0x0, 0x0, 0x0, 0x0, 0x0, 0x0, 0x0, 0x1f,
    0xff, 0x0, 0x0, 0x0, 0x0, 0x0, 0x0, 0x0,
    0x1d, 0xff, 0x0, 0x8d, 0xfd, 0x80, 0x7, 0xdf,
    0xd8, 0xdf, 0xdf, 0xc, 0xff, 0xff, 0xfc, 0x1e,
    0xff, 0xff, 0xfd, 0x11, 0x8f, 0xe4, 0x4, 0xef,
    0x84, 0x40, 0x4e, 0xf8, 0x0, 0xdf, 0x40, 0x0,
    0x4f, 0xd0, 0x0, 0x4, 0xfd, 0x0, 0xff, 0x0,
    0x0, 0xf, 0xf0, 0x0, 0x0, 0xff, 0x0, 0xdf,
    0x40, 0x0, 0x4f, 0xd0, 0x0, 0x4, 0xfd, 0x0,
    0x7f, 0xe4, 0x4, 0xef, 0x74, 0x40, 0x4e, 0xf8,
    0x0, 0xb, 0xff, 0xff, 0xfb, 0x1d, 0xff, 0xff,
    0xc0, 0x0, 0x0, 0x7e, 0xfe, 0x70, 0x7, 0xdf,
    0xd8, 0x0, 0x0, 0x0, 0x8, 0xf8, 0x0, 0x0,
    0x0, 0x0, 0x0, 0x0, 0x0, 0x7c, 0xfc, 0x70,
    0x0, 0x0, 0x0, 0x0, 0x0, 0x0, 0xff, 0xff,
    0xf0, 0x0, 0x0, 0x0, 0x0, 0x0, 0x0, 0x7c,
    0xfc, 0x70, 0x0, 0x0, 0x0, 0x0, 0x0, 0x0,
    0x7, 0xf7, 0x0, 0x0, 0x0, 0x0, 0x0, 0x0,

    /* U+F229 "" */
    0x0, 0x0, 0x0, 0x0, 0x1f, 0xff, 0x0, 0x0,
    0x0, 0x5, 0x9d, 0xff, 0x0, 0x0, 0x0, 0xe,
    0xff, 0xdf, 0x0, 0x7d, 0xfd, 0x8d, 0xff, 0x91,
    0xc, 0xff, 0xff, 0xff, 0xde, 0x50, 0x7f, 0xe4,
    0x4, 0xef, 0x80, 0x0, 0xdf, 0x40, 0x0, 0x4f,
    0xd0, 0x0, 0xff, 0x0, 0x0, 0xf, 0xf0, 0x0,
    0xdf, 0x40, 0x0, 0x4f, 0xd0, 0x0, 0x8f, 0xe4,
    0x4, 0xef, 0x80, 0x0, 0xc, 0xff, 0xff, 0xfc,
    0x0, 0x0, 0x0, 0x8d, 0xfd, 0x80, 0x0, 0x0,

    /* U+F22A "" */
    0x0, 0x0, 0x0, 0x0, 0x0, 0x0, 0x4f, 0x40,
    0x0, 0x0, 0x4f, 0xff, 0x40, 0x0, 0x3, 0xbf,
    0xa2, 0x0, 0x0, 0x6e, 0xfe, 0x60, 0x0, 0x7,
    0xff, 0xf7, 0x0, 0x0, 0x9, 0xf9, 0x0, 0x0,
    0x1a, 0xff, 0xfa, 0x10, 0x1d, 0xff, 0xff, 0xfd,
    0x19, 0xfd, 0x20, 0x2d, 0xf9, 0xef, 0x30, 0x0,
    0x3f, 0xef, 0xf0, 0x0, 0x0, 0xff, 0xdf, 0x40,
    0x0, 0x4f, 0xd8, 0xfe, 0x40, 0x4e, 0xf8, 0xc,
    0xff, 0xff, 0xfc, 0x0, 0x8, 0xdf, 0xd8, 0x0,

    /* U+F22B "" */
    0x0, 0x2, 0x42, 0x0, 0x0, 0x0, 0x0, 0x0,
    0x2, 0xcf, 0xff, 0xc2, 0x0, 0x0, 0x0, 0x0,
    0x2e, 0xfe, 0xce, 0xfe, 0x10, 0x0, 0x0, 0x0,
    0xaf, 0xb0, 0x0, 0xbf, 0x92, 0xc9, 0x66, 0x0,
    0xef, 0x20, 0x0, 0x2f, 0xfd, 0xff, 0xef, 0x60,
    0xff, 0x0, 0x0, 0xf, 0xff, 0xff, 0xff, 0xc0,
    0xcf, 0x60, 0x0, 0x6f, 0xc6, 0xfd, 0x9c, 0x10,
    0x5f, 0xf8, 0x58, 0xff, 0x50, 0x32, 0x10, 0x0,
    0x8, 0xff, 0xff, 0xf8, 0x0, 0x0, 0x0, 0x0,
    0x0, 0x39, 0xb9, 0x30, 0x0, 0x0, 0x0, 0x0,

    /* U+F22C "" */
    0x1, 0x9e, 0xfc, 0x50, 0x0, 0xdf, 0xff, 0xff,
    0x70, 0x8f, 0xd3, 0x17, 0xff, 0x2e, 0xf3, 0x0,
    0xa, 0xf7, 0xff, 0x0, 0x0, 0x7f, 0x8d, 0xf3,
    0x0, 0xa, 0xf6, 0x8f, 0xd3, 0x7, 0xff, 0x10,
    0xcf, 0xff, 0xff, 0x60, 0x0, 0x8f, 0xfc, 0x40,
    0x0, 0x0, 0xbf, 0x40, 0x0, 0x0, 0xb, 0xf4,
    0x0, 0x0, 0x0, 0xbf, 0x40, 0x0, 0x0, 0xb,
    0xf4, 0x0, 0x0, 0x0, 0xaf, 0x30, 0x0,

    /* U+F22D "" */
    0x0, 0x2, 0x42, 0x0, 0x0, 0x2c, 0xff, 0xfc,
    0x20, 0x2e, 0xfe, 0xce, 0xfe, 0x2a, 0xfb, 0x0,
    0xb, 0xfa, 0xef, 0x20, 0x0, 0x2f, 0xef, 0xf0,
    0x0, 0x1, 0xff, 0xcf, 0x60, 0x0, 0x6f, 0xc5,
    0xff, 0x85, 0x8f, 0xf5, 0x8, 0xff, 0xff, 0xf8,
    0x0, 0x3, 0x9b, 0x93, 0x0,

    /* U+F231 "" */
    0x0, 0x3, 0x9c, 0xdb, 0x71, 0x0, 0x1, 0xaf,
    0xfb, 0xbe, 0xfe, 0x30, 0xc, 0xf8, 0x0, 0x0,
    0x6f, 0xf2, 0x7f, 0x80, 0x23, 0x0, 0x8, 0xfa,
    0xdf, 0x5, 0xff, 0x10, 0x4, 0xfe, 0xfc, 0xa,
    0xff, 0x20, 0x3, 0xff, 0xed, 0xa, 0xfe, 0x0,
    0x5, 0xfe, 0xaf, 0x27, 0xf9, 0x0, 0x9, 0xfa,
    0x2f, 0x5a, 0xf7, 0x0, 0xe, 0xf5, 0x1, 0xe,
    0xfc, 0x23, 0xcf, 0xc0, 0x0, 0x2f, 0xee, 0xff,
    0xfc, 0x10, 0x0, 0x5f, 0x90, 0x66, 0x30, 0x0,
    0x0, 0x7f, 0x50, 0x0, 0x0, 0x0, 0x0, 0x9f,
    0x10, 0x0, 0x0, 0x0, 0x0, 0x98, 0x0, 0x0,
    0x0, 0x0, 0x0, 0x50, 0x0, 0x0, 0x0, 0x0,

    /* U+F232 "" */
    0x0, 0x1, 0x8d, 0xff, 0xd8, 0x10, 0x0, 0x0,
    0x5f, 0xc6, 0x33, 0x6c, 0xf4, 0x0, 0x4, 0xf6,
    0x0, 0x0, 0x0, 0x6f, 0x40, 0x1e, 0x60, 0x30,
    0x0, 0x0, 0x6, 0xf1, 0x7c, 0x4, 0xf7, 0x0,
    0x0, 0x0, 0xc8, 0xc6, 0x7, 0xfb, 0x0, 0x0,
    0x0, 0x6d, 0xe4, 0x3, 0xf6, 0x0, 0x0, 0x0,
    0x3f, 0xd4, 0x0, 0x9e, 0x20, 0x10, 0x0, 0x3f,
    0xb7, 0x0, 0xa, 0xf7, 0xde, 0x40, 0x6c, 0x6e,
    0x0, 0x0, 0x7e, 0xff, 0x40, 0xc7, 0x1f, 0x20,
    0x0, 0x0, 0x31, 0x7, 0xe1, 0x4e, 0x1, 0x0,
    0x0, 0x0, 0x7f, 0x40, 0x9e, 0xdf, 0xe8, 0x55,
    0x7d, 0xe3, 0x0, 0xb9, 0x51, 0x5a, 0xdd, 0xb6,
    0x0, 0x0,

    /* U+F233 "" */
    0xcf, 0xff, 0xff, 0xff, 0xff, 0xff, 0xff, 0xfc,
    0xff, 0xff, 0xff, 0xff, 0xff, 0xe5, 0xd5, 0xef,
    0xff, 0xff, 0xff, 0xff, 0xff, 0xe5, 0xd5, 0xef,
    0xcf, 0xff, 0xff, 0xff, 0xff, 0xff, 0xff, 0xfc,
    0x0, 0x0, 0x0, 0x0, 0x0, 0x0, 0x0, 0x0,
    0xcf, 0xff, 0xff, 0xff, 0xff, 0xff, 0xff, 0xfc,
    0xff, 0xff, 0xff, 0xff, 0xff, 0xe5, 0xd5, 0xef,
    0xff, 0xff, 0xff, 0xff, 0xff, 0xe5, 0xd5, 0xef,
    0xcf, 0xff, 0xff, 0xff, 0xff, 0xff, 0xff, 0xfc,
    0x0, 0x0, 0x0, 0x0, 0x0, 0x0, 0x0, 0x0,
    0xcf, 0xff, 0xff, 0xff, 0xff, 0xff, 0xff, 0xfc,
    0xff, 0xff, 0xff, 0xff, 0xff, 0xe5, 0xd5, 0xef,
    0xff, 0xff, 0xff, 0xff, 0xff, 0xe5, 0xd5, 0xef,
    0xcf, 0xff, 0xff, 0xff, 0xff, 0xff, 0xff, 0xfc,

    /* U+F234 "" */
    0x0, 0x0, 0x2b, 0xff, 0xb2, 0x0, 0x0, 0x0,
    0x0, 0x0, 0x0, 0x2, 0xef, 0xff, 0xfe, 0x20,
    0x0, 0x0, 0x0, 0x0, 0x0, 0xb, 0xff, 0xff,
    0xff, 0xb0, 0x0, 0x0, 0x0, 0x0, 0x0, 0xf,
    0xff, 0xff, 0xff, 0xf0, 0x0, 0x0, 0x0, 0x0,
    0x0, 0xf, 0xff, 0xff, 0xff, 0xf0, 0x0, 0x6,
    0xf6, 0x0, 0x0, 0xb, 0xff, 0xff, 0xff, 0xb0,
    0x0, 0x8, 0xf8, 0x0, 0x0, 0x2, 0xef, 0xff,
    0xfe, 0x20, 0x6, 0x8c, 0xfc, 0x86, 0x0, 0x0,
    0x2b, 0xff, 0xb2, 0x0, 0xf, 0xff, 0xff, 0xff,
    0x0, 0x0, 0x0, 0x0, 0x0, 0x0, 0x6, 0x8c,
    0xfc, 0x86, 0x1, 0x9e, 0xfb, 0x88, 0xbf, 0xe9,
    0x10, 0x8, 0xf8, 0x0, 0x1e, 0xff, 0xff, 0xff,
    0xff, 0xff, 0xe1, 0x6, 0xf6, 0x0, 0x9f, 0xff,
    0xff, 0xff, 0xff, 0xff, 0xf9, 0x0, 0x0, 0x0,
    0xef, 0xff, 0xff, 0xff, 0xff, 0xff, 0xfe, 0x0,
    0x0, 0x0, 0xff, 0xff, 0xff, 0xff, 0xff, 0xff,
    0xff, 0x0, 0x0, 0x0, 0xff, 0xff, 0xff, 0xff,
    0xff, 0xff, 0xff, 0x0, 0x0, 0x0, 0x8f, 0xff,
    0xff, 0xff, 0xff, 0xff, 0xf8, 0x0, 0x0, 0x0,

    /* U+F235 "" */
    0x0, 0x0, 0x2b, 0xff, 0xb2, 0x0, 0x0, 0x0,
    0x0, 0x0, 0x0, 0x0, 0x2e, 0xff, 0xff, 0xe2,
    0x0, 0x0, 0x0, 0x0, 0x0, 0x0, 0xb, 0xff,
    0xff, 0xff, 0xb0, 0x0, 0x0, 0x0, 0x0, 0x0,
    0x0, 0xff, 0xff, 0xff, 0xff, 0x0, 0x0, 0x0,
    0x0, 0x0, 0x0, 0xf, 0xff, 0xff, 0xff, 0xf0,
    0x0, 0x15, 0x0, 0x51, 0x0, 0x0, 0xbf, 0xff,
    0xff, 0xfb, 0x0, 0xd, 0xf6, 0x6f, 0xd0, 0x0,
    0x2, 0xef, 0xff, 0xfe, 0x20, 0x0, 0x6f, 0xff,
    0xf6, 0x0, 0x0, 0x2, 0xbf, 0xfb, 0x20, 0x0,
    0x0, 0xaf, 0xfa, 0x0, 0x0, 0x0, 0x0, 0x0,
    0x0, 0x0, 0x0, 0x6f, 0xff, 0xf6, 0x0, 0x19,
    0xef, 0xb8, 0x8b, 0xfe, 0x91, 0xd, 0xf6, 0x6f,
    0xd0, 0x1e, 0xff, 0xff, 0xff, 0xff, 0xff, 0xe1,
    0x15, 0x0, 0x51, 0x9, 0xff, 0xff, 0xff, 0xff,
    0xff, 0xff, 0x90, 0x0, 0x0, 0x0, 0xef, 0xff,
    0xff, 0xff, 0xff, 0xff, 0xfe, 0x0, 0x0, 0x0,
    0xf, 0xff, 0xff, 0xff, 0xff, 0xff, 0xff, 0xf0,
    0x0, 0x0, 0x0, 0xff, 0xff, 0xff, 0xff, 0xff,
    0xff, 0xff, 0x0, 0x0, 0x0, 0x8, 0xff, 0xff,
    0xff, 0xff, 0xff, 0xff, 0x80, 0x0, 0x0, 0x0,

    /* U+F236 "" */
    0xee, 0x0, 0x0, 0x0, 0x0, 0x0, 0x0, 0x0,
    0x0, 0x0, 0xff, 0x1, 0xbf, 0xb1, 0x0, 0x0,
    0x0, 0x0, 0x0, 0x0, 0xff, 0xb, 0xff, 0xfb,
    0xe, 0xff, 0xff, 0xff, 0xfd, 0x50, 0xff, 0xf,
    0xff, 0xff, 0xf, 0xff, 0xff, 0xff, 0xff, 0xf5,
    0xff, 0xb, 0xff, 0xfb, 0xf, 0xff, 0xff, 0xff,
    0xff, 0xfd, 0xff, 0x1, 0xbf, 0xb1, 0xf, 0xff,
    0xff, 0xff, 0xff, 0xff, 0xff, 0x0, 0x0, 0x0,
    0xf, 0xff, 0xff, 0xff, 0xff, 0xff, 0xff, 0xff,
    0xff, 0xff, 0xff, 0xff, 0xff, 0xff, 0xff, 0xff,
    0xff, 0xff, 0xff, 0xff, 0xff, 0xff, 0xff, 0xff,
    0xff, 0xff, 0xff, 0xff, 0xff, 0xff, 0xff, 0xff,
    0xff, 0xff, 0xff, 0xff, 0xff, 0x0, 0x0, 0x0,
    0x0, 0x0, 0x0, 0x0, 0x0, 0xff, 0xee, 0x0,
    0x0, 0x0, 0x0, 0x0, 0x0, 0x0, 0x0, 0xee,

    /* U+F237 "" */
    0xcf, 0x30, 0x0, 0x0, 0x3, 0xfc, 0x5f, 0xa0,
    0x0, 0x0, 0xa, 0xf5, 0xe, 0xf1, 0x0, 0x0,
    0x1f, 0xe0, 0x8c, 0xf7, 0x0, 0x0, 0x7f, 0xc8,
    0xff, 0xfe, 0x0, 0x0, 0xef, 0xff, 0x0, 0xaf,
    0x50, 0x5, 0xfa, 0x0, 0xff, 0xff, 0xff, 0xff,
    0xff, 0xff, 0x88, 0x8d, 0xfa, 0xaf, 0xd8, 0x88,
    0x0, 0x5, 0xf9, 0x9f, 0x50, 0x0, 0x0, 0x0,
    0xef, 0xfe, 0x0, 0x0, 0x0, 0x0, 0x8f, 0xf7,
    0x0, 0x0, 0x0, 0x0, 0x1f, 0xf1, 0x0, 0x0,
    0x0, 0x0, 0xa, 0xa0, 0x0, 0x0, 0x0, 0x0,
    0x3, 0x30, 0x0, 0x0,

    /* U+F238 "" */
    0x3, 0xbe, 0xff, 0xff, 0xff, 0xeb, 0x30, 0x6f,
    0xff, 0xff, 0xff, 0xff, 0xff, 0xf6, 0xef, 0xff,
    0xff, 0xff, 0xff, 0xff, 0xfe, 0xfa, 0x0, 0x0,
    0x0, 0x0, 0x0, 0xaf, 0xf8, 0x0, 0x0, 0x0,
    0x0, 0x0, 0x8f, 0xf8, 0x0, 0x0, 0x0, 0x0,
    0x0, 0x8f, 0xf8, 0x0, 0x0, 0x0, 0x0, 0x0,
    0x8f, 0xfa, 0x0, 0x0, 0x0, 0x0, 0x0, 0xaf,
    0xff, 0xff, 0xff, 0xff, 0xff, 0xff, 0xff, 0xff,
    0xff, 0xfe, 0x65, 0xef, 0xff, 0xff, 0xff, 0xff,
    0xf5, 0x0, 0x5f, 0xff, 0xff, 0xef, 0xff, 0xf5,
    0x0, 0x6f, 0xff, 0xfe, 0x6f, 0xff, 0xfe, 0x55,
    0xef, 0xff, 0xf6, 0x3, 0xbe, 0xff, 0xff, 0xff,
    0xeb, 0x30, 0x0, 0x8, 0xff, 0xff, 0xff, 0x80,
    0x0, 0x0, 0xbf, 0xff, 0xff, 0xff, 0xfb, 0x0,

    /* U+F239 "" */
    0x3, 0xbe, 0xff, 0xff, 0xff, 0xeb, 0x30, 0x6f,
    0xff, 0xff, 0xff, 0xff, 0xff, 0xf6, 0xef, 0xff,
    0xff, 0xff, 0xff, 0xff, 0xfe, 0xfa, 0x0, 0x1,
    0xfb, 0x0, 0x0, 0xaf, 0xf8, 0x0, 0x0, 0xe9,
    0x0, 0x0, 0x8f, 0xf8, 0x0, 0x0, 0xe9, 0x0,
    0x0, 0x8f, 0xf8, 0x0, 0x0, 0xe9, 0x0, 0x0,
    0x8f, 0xfa, 0x0, 0x1, 0xfb, 0x0, 0x0, 0xaf,
    0xff, 0xff, 0xff, 0xff, 0xff, 0xff, 0xff, 0xfd,
    0x13, 0xff, 0xff, 0xfc, 0x12, 0xdf, 0xf8, 0x0,
    0xbf, 0xff, 0xf6, 0x0, 0x8f, 0xed, 0x13, 0xff,
    0xff, 0xfc, 0x12, 0xde, 0x6f, 0xff, 0xff, 0xff,
    0xff, 0xff, 0xf6, 0x4, 0xbe, 0xff, 0xff, 0xff,
    0xeb, 0x30, 0x0, 0xa, 0xff, 0xff, 0xff, 0x70,
    0x0, 0x0, 0xdf, 0xff, 0xff, 0xff, 0xf9, 0x0,

    /* U+F23A "" */
    0xff, 0xff, 0xff, 0xff, 0xff, 0xff, 0xff, 0xff,
    0xff, 0xff, 0xff, 0xff, 0xff, 0xff, 0xff, 0xff,
    0xff, 0xff, 0xff, 0xff, 0xff, 0xff, 0xa2, 0x2c,
    0xff, 0xe2, 0x2b, 0xff, 0xff, 0xf3, 0x4, 0xff,
    0x80, 0x2f, 0xff, 0xff, 0xf6, 0x10, 0xdf, 0x30,
    0x3f, 0xff, 0xff, 0xf6, 0x70, 0x6b, 0x70, 0x3f,
    0xff, 0xff, 0xf6, 0xe0, 0x5, 0xc0, 0x3f, 0xff,
    0xff, 0xf6, 0xf6, 0x8, 0xc0, 0x3f, 0xff, 0xff,
    0xe1, 0xbd, 0xe, 0xb0, 0x2f, 0xff, 0xff, 0x96,
    0x7f, 0xaf, 0x76, 0x6b, 0xff, 0xff, 0xff, 0xff,
    0xff, 0xff, 0xff, 0xff, 0xff, 0xff, 0xff, 0xff,
    0xff, 0xff, 0xff, 0xff, 0xff, 0xff, 0xff, 0xff,
    0xff, 0xff,

    /* U+F23B "" */
    0xff, 0xff, 0xff, 0xff, 0xff, 0xff, 0xff, 0xff,
    0xff, 0xff, 0xff, 0xff, 0xff, 0xff, 0xff, 0xff,
    0xff, 0xff, 0xff, 0xff, 0xff, 0xff, 0xff, 0x8d,
    0xff, 0xca, 0xff, 0xff, 0xff, 0xff, 0x95, 0xff,
    0x3c, 0xff, 0xff, 0xff, 0xff, 0xf2, 0xdb, 0x4f,
    0xff, 0xff, 0xff, 0xff, 0xfa, 0x53, 0xdf, 0xff,
    0xff, 0xff, 0xff, 0xff, 0x35, 0xff, 0xff, 0xff,
    0xff, 0xff, 0xff, 0x7a, 0xff, 0xff, 0xff, 0xff,
    0xff, 0xff, 0x7a, 0xff, 0xff, 0xff, 0xff, 0xff,
    0xff, 0x8a, 0xff, 0xff, 0xff, 0xff, 0xff, 0xff,
    0xff, 0xff, 0xff, 0xff, 0xff, 0xff, 0xff, 0xff,
    0xff, 0xff, 0xff, 0xff, 0xff, 0xff, 0xff, 0xff,
    0xff, 0xff,

    /* U+F23C "" */
    0x0, 0x0, 0x0, 0x0, 0x3, 0x84, 0x0, 0x0,
    0x0, 0x0, 0x0, 0x0, 0x0, 0x0, 0x15, 0x38,
    0x50, 0x0, 0x0, 0x0, 0x0, 0x0, 0x0, 0x2a,
    0xfa, 0xab, 0x70, 0x0, 0x0, 0x0, 0x0, 0x0,
    0x6, 0xdf, 0x40, 0x2, 0xfc, 0x10, 0x0, 0x0,
    0x0, 0x46, 0x7f, 0xfb, 0x2, 0xb2, 0xaf, 0xb0,
    0x54, 0x0, 0x0, 0x76, 0xaf, 0xfc, 0x37, 0xfa,
    0xbf, 0xf9, 0x67, 0x0, 0x0, 0x84, 0x6f, 0xff,
    0x8f, 0xfa, 0xff, 0xf9, 0x48, 0x0, 0x0, 0x37,
    0xcf, 0xff, 0xfd, 0xdf, 0xff, 0xfd, 0x73, 0x0,
    0x0, 0x1b, 0xaf, 0x56, 0x3, 0x20, 0x77, 0xfa,
    0xb1, 0x0, 0x0, 0x9f, 0xf4, 0x69, 0x47, 0x76,
    0x87, 0x4f, 0xf8, 0x0, 0x0, 0x5f, 0xe6, 0x31,
    0x10, 0x0, 0x14, 0x6d, 0xf5, 0x0, 0x0, 0x48,
    0x50, 0x56, 0x0, 0x0, 0x64, 0x4, 0x84, 0x0,
    0x8, 0xcb, 0x60, 0x5, 0xb6, 0x6a, 0x40, 0x6,
    0xbc, 0x80, 0xb, 0xde, 0x55, 0x84, 0x1, 0x0,
    0x27, 0x56, 0xed, 0xa0, 0x4, 0x9b, 0x9a, 0x77,
    0x77, 0x67, 0x77, 0x99, 0xb9, 0x40, 0x0, 0x24,
    0x10, 0x0, 0x0, 0x0, 0x0, 0x1, 0x32, 0x0,

    /* U+F23D "" */
    0x0, 0x0, 0x0, 0x0, 0x0, 0x0, 0x0, 0x0,
    0x0, 0x0, 0x5, 0x0, 0x0, 0x0, 0x0, 0x0,
    0x0, 0x0, 0x0, 0x0, 0x0, 0xb, 0x60, 0x0,
    0x0, 0x0, 0x0, 0x0, 0x0, 0x0, 0x0, 0x0,
    0x1b, 0xfb, 0x85, 0x43, 0x22, 0x11, 0x11, 0x10,
    0x0, 0x0, 0x0, 0x3, 0x8d, 0xff, 0xff, 0xff,
    0xff, 0xff, 0xff, 0xd7, 0x0, 0x0, 0x0, 0x0,
    0x23, 0x44, 0x55, 0x56, 0x7b, 0xff, 0xd0, 0x0,
    0x0, 0x0, 0x0, 0x0, 0x0, 0x0, 0x0, 0x9,
    0xf3, 0x0, 0x0, 0x0, 0x0, 0x0, 0x0, 0x0,
    0x0, 0x1, 0xd3, 0x0, 0x0, 0x0, 0x0, 0x0,
    0x0, 0x0, 0x0, 0x1, 0xa2, 0x0, 0x0, 0x0,
    0x0, 0x0, 0x0, 0x0, 0x0, 0x0, 0x80, 0x0,
    0x0, 0x0, 0x0, 0x0, 0x0, 0x0, 0x0, 0x0,
    0x40, 0x0, 0x0, 0x0, 0x0, 0x0, 0x0, 0x0,
    0x0, 0x0, 0x0, 0x0, 0x0, 0x0, 0x0, 0x0,
    0x6a, 0x20, 0x0, 0x19, 0x70, 0x0, 0x0, 0x0,
    0x0, 0x0, 0x1f, 0xfa, 0x0, 0x8, 0xff, 0x20,
    0x0, 0x0, 0x0, 0x0, 0x0, 0xdf, 0x60, 0x0,
    0x5f, 0xd0, 0x0, 0x0, 0x0, 0x0, 0x0, 0x0,
    0x10, 0x0, 0x0, 0x10, 0x0, 0x0, 0x0, 0x0,

    /* U+F23E "" */
    0x0, 0x0, 0x38, 0x99, 0x99, 0x60, 0x0, 0x0,
    0x0, 0x9, 0x77, 0xbd, 0xc9, 0x6a, 0x30, 0x0,
    0x0, 0xa6, 0xef, 0x94, 0x7e, 0xf9, 0x84, 0x0,
    0x9, 0x6f, 0xf6, 0x14, 0x31, 0xef, 0xa9, 0x10,
    0x37, 0xef, 0xe0, 0xdf, 0xf5, 0x8f, 0xf7, 0x90,
    0x97, 0xff, 0xb2, 0xff, 0xfa, 0x5f, 0xfd, 0x80,
    0x9b, 0xff, 0xc7, 0xff, 0xfc, 0x8f, 0xff, 0x74,
    0x9d, 0xf7, 0x40, 0x0, 0x0, 0x0, 0xff, 0x75,
    0x8d, 0xf6, 0x90, 0x2d, 0x80, 0x0, 0xef, 0x75,
    0x9b, 0xf6, 0x90, 0x4f, 0xb0, 0x0, 0xef, 0x73,
    0x87, 0xf6, 0x90, 0xd, 0x50, 0x0, 0xec, 0x90,
    0x28, 0xd6, 0x80, 0x4, 0x10, 0x0, 0xe6, 0x70,
    0x7, 0x6b, 0x88, 0x88, 0x88, 0x88, 0x8a, 0x0,
    0x0, 0x96, 0xcf, 0xff, 0xff, 0xf7, 0xa2, 0x0,
    0x0, 0x7, 0x87, 0x8a, 0x97, 0x79, 0x10, 0x0,
    0x0, 0x0, 0x16, 0x99, 0x98, 0x30, 0x0, 0x0,

    /* U+F240 "" */
    0x8f, 0xff, 0xff, 0xff, 0xff, 0xff, 0xff, 0xff,
    0xff, 0x80, 0xff, 0xff, 0xff, 0xff, 0xff, 0xff,
    0xff, 0xff, 0xff, 0xf0, 0xff, 0x0, 0x0, 0x0,
    0x0, 0x0, 0x0, 0x0, 0xf, 0xfd, 0xff, 0xf,
    0xff, 0xff, 0xff, 0xff, 0xff, 0xff, 0xf, 0xff,
    0xff, 0xf, 0xff, 0xff, 0xff, 0xff, 0xff, 0xff,
    0x0, 0xff, 0xff, 0xf, 0xff, 0xff, 0xff, 0xff,
    0xff, 0xff, 0x0, 0xff, 0xff, 0xf, 0xff, 0xff,
    0xff, 0xff, 0xff, 0xff, 0xf, 0xff, 0xff, 0x0,
    0x0, 0x0, 0x0, 0x0, 0x0, 0x0, 0xf, 0xfd,
    0xff, 0xff, 0xff, 0xff, 0xff, 0xff, 0xff, 0xff,
    0xff, 0xf0, 0x8f, 0xff, 0xff, 0xff, 0xff, 0xff,
    0xff, 0xff, 0xff, 0x80,

    /* U+F241 "" */
    0x8f, 0xff, 0xff, 0xff, 0xff, 0xff, 0xff, 0xff,
    0xff, 0x80, 0xff, 0xff, 0xff, 0xff, 0xff, 0xff,
    0xff, 0xff, 0xff, 0xf0, 0xff, 0x0, 0x0, 0x0,
    0x0, 0x0, 0x0, 0x0, 0xf, 0xfd, 0xff, 0xf,
    0xff, 0xff, 0xff, 0xff, 0xf0, 0x0, 0xf, 0xff,
    0xff, 0xf, 0xff, 0xff, 0xff, 0xff, 0xf0, 0x0,
    0x0, 0xff, 0xff, 0xf, 0xff, 0xff, 0xff, 0xff,
    0xf0, 0x0, 0x0, 0xff, 0xff, 0xf, 0xff, 0xff,
    0xff, 0xff, 0xf0, 0x0, 0xf, 0xff, 0xff, 0x0,
    0x0, 0x0, 0x0, 0x0, 0x0, 0x0, 0xf, 0xfd,
    0xff, 0xff, 0xff, 0xff, 0xff, 0xff, 0xff, 0xff,
    0xff, 0xf0, 0x8f, 0xff, 0xff, 0xff, 0xff, 0xff,
    0xff, 0xff, 0xff, 0x80,

    /* U+F242 "" */
    0x8f, 0xff, 0xff, 0xff, 0xff, 0xff, 0xff, 0xff,
    0xff, 0x80, 0xff, 0xff, 0xff, 0xff, 0xff, 0xff,
    0xff, 0xff, 0xff, 0xf0, 0xff, 0x0, 0x0, 0x0,
    0x0, 0x0, 0x0, 0x0, 0xf, 0xfd, 0xff, 0xf,
    0xff, 0xff, 0xff, 0x0, 0x0, 0x0, 0xf, 0xff,
    0xff, 0xf, 0xff, 0xff, 0xff, 0x0, 0x0, 0x0,
    0x0, 0xff, 0xff, 0xf, 0xff, 0xff, 0xff, 0x0,
    0x0, 0x0, 0x0, 0xff, 0xff, 0xf, 0xff, 0xff,
    0xff, 0x0, 0x0, 0x0, 0xf, 0xff, 0xff, 0x0,
    0x0, 0x0, 0x0, 0x0, 0x0, 0x0, 0xf, 0xfd,
    0xff, 0xff, 0xff, 0xff, 0xff, 0xff, 0xff, 0xff,
    0xff, 0xf0, 0x8f, 0xff, 0xff, 0xff, 0xff, 0xff,
    0xff, 0xff, 0xff, 0x80,

    /* U+F243 "" */
    0x8f, 0xff, 0xff, 0xff, 0xff, 0xff, 0xff, 0xff,
    0xff, 0x80, 0xff, 0xff, 0xff, 0xff, 0xff, 0xff,
    0xff, 0xff, 0xff, 0xf0, 0xff, 0x0, 0x0, 0x0,
    0x0, 0x0, 0x0, 0x0, 0xf, 0xfd, 0xff, 0xf,
    0xff, 0xf0, 0x0, 0x0, 0x0, 0x0, 0xf, 0xff,
    0xff, 0xf, 0xff, 0xf0, 0x0, 0x0, 0x0, 0x0,
    0x0, 0xff, 0xff, 0xf, 0xff, 0xf0, 0x0, 0x0,
    0x0, 0x0, 0x0, 0xff, 0xff, 0xf, 0xff, 0xf0,
    0x0, 0x0, 0x0, 0x0, 0xf, 0xff, 0xff, 0x0,
    0x0, 0x0, 0x0, 0x0, 0x0, 0x0, 0xf, 0xfd,
    0xff, 0xff, 0xff, 0xff, 0xff, 0xff, 0xff, 0xff,
    0xff, 0xf0, 0x8f, 0xff, 0xff, 0xff, 0xff, 0xff,
    0xff, 0xff, 0xff, 0x80,

    /* U+F244 "" */
    0x8f, 0xff, 0xff, 0xff, 0xff, 0xff, 0xff, 0xff,
    0xff, 0x80, 0xff, 0xff, 0xff, 0xff, 0xff, 0xff,
    0xff, 0xff, 0xff, 0xf0, 0xff, 0x0, 0x0, 0x0,
    0x0, 0x0, 0x0, 0x0, 0xf, 0xfd, 0xff, 0x0,
    0x0, 0x0, 0x0, 0x0, 0x0, 0x0, 0xf, 0xff,
    0xff, 0x0, 0x0, 0x0, 0x0, 0x0, 0x0, 0x0,
    0x0, 0xff, 0xff, 0x0, 0x0, 0x0, 0x0, 0x0,
    0x0, 0x0, 0x0, 0xff, 0xff, 0x0, 0x0, 0x0,
    0x0, 0x0, 0x0, 0x0, 0xf, 0xff, 0xff, 0x0,
    0x0, 0x0, 0x0, 0x0, 0x0, 0x0, 0xf, 0xfd,
    0xff, 0xff, 0xff, 0xff, 0xff, 0xff, 0xff, 0xff,
    0xff, 0xf0, 0x8f, 0xff, 0xff, 0xff, 0xff, 0xff,
    0xff, 0xff, 0xff, 0x80,

    /* U+F245 "" */
    0x0, 0x0, 0x0, 0x0, 0x0, 0xe, 0x40, 0x0,
    0x0, 0x0, 0x0, 0xff, 0x40, 0x0, 0x0, 0x0,
    0xf, 0xff, 0x40, 0x0, 0x0, 0x0, 0xff, 0xff,
    0x30, 0x0, 0x0, 0xf, 0xff, 0xff, 0x30, 0x0,
    0x0, 0xff, 0xff, 0xfe, 0x30, 0x0, 0xf, 0xff,
    0xff, 0xfe, 0x20, 0x0, 0xff, 0xff, 0xff, 0xfe,
    0x20, 0xf, 0xff, 0xff, 0xff, 0xfe, 0x20, 0xff,
    0xff, 0xff, 0xff, 0xfd, 0xf, 0xff, 0xff, 0xf7,
    0x44, 0x30, 0xff, 0xfe, 0xff, 0xa0, 0x0, 0xf,
    0xfc, 0x1f, 0xff, 0x10, 0x0, 0xfc, 0x0, 0x9f,
    0xf7, 0x0, 0x7, 0x0, 0x2, 0xff, 0xd0, 0x0,
    0x0, 0x0, 0xb, 0xc4, 0x0, 0x0, 0x0, 0x0,
    0x0, 0x0, 0x0,

    /* U+F246 "" */
    0xfe, 0xa2, 0x3b, 0xff, 0xff, 0xff, 0xff, 0xff,
    0x1, 0x8f, 0xf9, 0x10, 0x0, 0xf, 0xf0, 0x0,
    0x0, 0xf, 0xf0, 0x0, 0x0, 0xf, 0xf0, 0x0,
    0x0, 0xf, 0xf0, 0x0, 0x7, 0xff, 0xff, 0x70,
    0x7, 0xff, 0xff, 0x70, 0x0, 0xf, 0xf0, 0x0,
    0x0, 0xf, 0xf0, 0x0, 0x0, 0xf, 0xf0, 0x0,
    0x0, 0xf, 0xf0, 0x0, 0x1, 0x9f, 0xf8, 0x10,
    0xff, 0xff, 0xff, 0xff, 0xff, 0xb3, 0x2a, 0xef,

    /* U+F247 "" */
    0xff, 0x0, 0x0, 0x0, 0x0, 0x0, 0x0, 0xff,
    0xff, 0xff, 0xff, 0xff, 0xff, 0xff, 0xff, 0xff,
    0xf, 0xff, 0xff, 0xff, 0xff, 0xff, 0xff, 0xf0,
    0xf, 0xf0, 0x0, 0x0, 0xf, 0xff, 0xff, 0xf0,
    0xf, 0xf0, 0x0, 0x0, 0xf, 0xff, 0xff, 0xf0,
    0xf, 0xf0, 0x0, 0x0, 0xf, 0xff, 0xff, 0xf0,
    0xf, 0xf0, 0x0, 0x0, 0xf, 0x0, 0xf, 0xf0,
    0xf, 0xf0, 0x0, 0x0, 0xf, 0x0, 0xf, 0xf0,
    0xf, 0xff, 0xff, 0xff, 0xfd, 0x0, 0xf, 0xf0,
    0xf, 0xff, 0xff, 0xf0, 0x0, 0x0, 0xf, 0xf0,
    0xf, 0xff, 0xff, 0xf0, 0x0, 0x0, 0xf, 0xf0,
    0xf, 0xff, 0xff, 0xff, 0xff, 0xff, 0xff, 0xf0,
    0xff, 0xff, 0xff, 0xff, 0xff, 0xff, 0xff, 0xff,
    0xff, 0x0, 0x0, 0x0, 0x0, 0x0, 0x0, 0xff,

    /* U+F248 "" */
    0xff, 0x0, 0x0, 0x0, 0x0, 0xf, 0xf0, 0x0,
    0x0, 0xff, 0xff, 0xff, 0xff, 0xff, 0xff, 0xf0,
    0x0, 0x0, 0xf, 0xff, 0xff, 0xff, 0xff, 0xff,
    0x0, 0x0, 0x0, 0xf, 0xff, 0xff, 0xff, 0xff,
    0xff, 0x0, 0x0, 0x0, 0xf, 0xff, 0xff, 0xff,
    0xff, 0xff, 0x0, 0x0, 0xff, 0xf, 0xff, 0xff,
    0xff, 0xff, 0xff, 0x4f, 0xff, 0xff, 0xf, 0xff,
    0xff, 0xff, 0xff, 0xff, 0x4f, 0xff, 0xf0, 0xf,
    0xff, 0xff, 0xff, 0xff, 0xff, 0x19, 0xff, 0xf0,
    0xff, 0xff, 0xff, 0xff, 0xff, 0xff, 0xf4, 0xff,
    0xf0, 0xff, 0x0, 0x0, 0x44, 0x44, 0x1f, 0xf4,
    0xff, 0xf0, 0x0, 0x0, 0x0, 0xff, 0xff, 0x94,
    0x49, 0xff, 0xf0, 0x0, 0x0, 0x0, 0xff, 0xff,
    0xff, 0xff, 0xff, 0xf0, 0x0, 0x0, 0xf, 0xff,
    0xff, 0xff, 0xff, 0xff, 0xff, 0x0, 0x0, 0xf,
    0xf0, 0x0, 0x0, 0x0, 0x0, 0xff,

    /* U+F249 "" */
    0xdf, 0xff, 0xff, 0xff, 0xff, 0xff, 0xfd, 0xff,
    0xff, 0xff, 0xff, 0xff, 0xff, 0xff, 0xff, 0xff,
    0xff, 0xff, 0xff, 0xff, 0xff, 0xff, 0xff, 0xff,
    0xff, 0xff, 0xff, 0xff, 0xff, 0xff, 0xff, 0xff,
    0xff, 0xff, 0xff, 0xff, 0xff, 0xff, 0xff, 0xff,
    0xff, 0xff, 0xff, 0xff, 0xff, 0xff, 0xff, 0xff,
    0xff, 0xff, 0xff, 0xff, 0xff, 0xff, 0xff, 0xff,
    0xff, 0xff, 0xff, 0xff, 0xff, 0xff, 0xff, 0xff,
    0xff, 0xff, 0xff, 0xf2, 0x0, 0x0, 0xff, 0xff,
    0xff, 0xff, 0xf0, 0xff, 0xfd, 0xff, 0xff, 0xff,
    0xff, 0xf0, 0xff, 0xe1, 0xff, 0xff, 0xff, 0xff,
    0xf0, 0xfe, 0x10, 0xdf, 0xff, 0xff, 0xff, 0xf0,
    0xd1, 0x0,

    /* U+F24B "" */
    0x8f, 0xff, 0xff, 0xff, 0xff, 0xff, 0xff, 0xff,
    0xf8, 0xff, 0xff, 0xff, 0xff, 0xff, 0xff, 0xff,
    0xff, 0xff, 0xff, 0xff, 0xff, 0xff, 0xff, 0xff,
    0xff, 0xff, 0xff, 0xff, 0xff, 0xff, 0xff, 0xff,
    0xff, 0xff, 0xff, 0xff, 0xff, 0xff, 0xff, 0xff,
    0xfe, 0xff, 0xff, 0xff, 0xff, 0xff, 0xfe, 0x7,
    0xb2, 0x3, 0x1a, 0x2, 0x21, 0x9f, 0xff, 0xfe,
    0x6, 0x10, 0xdf, 0xfc, 0x9, 0xb0, 0x7f, 0xff,
    0xfd, 0x7, 0x10, 0xff, 0xfd, 0x6, 0x90, 0x6f,
    0xf3, 0x63, 0x1d, 0xb2, 0x37, 0x5a, 0x3, 0x40,
    0x4f, 0xff, 0xee, 0xff, 0xff, 0xff, 0xff, 0xff,
    0xff, 0xff, 0xff, 0xff, 0xff, 0xff, 0xff, 0xff,
    0xff, 0xff, 0xff, 0xff, 0xff, 0xff, 0xff, 0xff,
    0xff, 0xff, 0xff, 0xff, 0xff, 0xff, 0xff, 0xff,
    0xff, 0xff, 0xff, 0xff, 0xff, 0x8f, 0xff, 0xff,
    0xff, 0xff, 0xff, 0xff, 0xff, 0xf8,

    /* U+F24C "" */
    0x8f, 0xff, 0xff, 0xff, 0xff, 0xff, 0xff, 0xff,
    0xf8, 0xff, 0xff, 0xc7, 0x87, 0x61, 0x2, 0x6d,
    0xff, 0xff, 0xff, 0xf7, 0x9f, 0xff, 0xff, 0x90,
    0x0, 0x9f, 0xff, 0xff, 0x9b, 0xff, 0xff, 0xff,
    0xfb, 0x0, 0xa, 0xff, 0xff, 0x7f, 0xd2, 0xef,
    0x94, 0xff, 0x60, 0x1, 0xff, 0xfa, 0xcf, 0x40,
    0xef, 0x90, 0x6f, 0xc0, 0x0, 0xaf, 0xf8, 0xff,
    0x0, 0xef, 0x90, 0x1f, 0xf0, 0x0, 0x7f, 0xf7,
    0xff, 0x0, 0xef, 0x90, 0x1f, 0xf0, 0x0, 0x7f,
    0xfa, 0xcf, 0x40, 0xef, 0x90, 0x7f, 0xc0, 0x0,
    0xaf, 0xfe, 0x7f, 0xe2, 0xef, 0x94, 0xff, 0x50,
    0x1, 0xff, 0xff, 0x9b, 0xff, 0xff, 0xff, 0xfb,
    0x0, 0xa, 0xff, 0xff, 0xf8, 0x9f, 0xff, 0xff,
    0x90, 0x0, 0xaf, 0xff, 0xff, 0xff, 0xc7, 0x77,
    0x61, 0x2, 0x6d, 0xff, 0xff, 0x8f, 0xff, 0xff,
    0xff, 0xff, 0xff, 0xff, 0xff, 0xf8,

    /* U+F24D "" */
    0x0, 0x0, 0x8f, 0xff, 0xff, 0xff, 0xff, 0xf8,
    0x0, 0x0, 0xff, 0xff, 0xff, 0xff, 0xff, 0xff,
    0x0, 0x0, 0xff, 0xff, 0xff, 0xff, 0xff, 0xff,
    0x0, 0x0, 0xff, 0xff, 0xff, 0xff, 0xff, 0xff,
    0x8f, 0xf0, 0xff, 0xff, 0xff, 0xff, 0xff, 0xff,
    0xff, 0xf0, 0xff, 0xff, 0xff, 0xff, 0xff, 0xff,
    0xff, 0xf0, 0xff, 0xff, 0xff, 0xff, 0xff, 0xff,
    0xff, 0xf0, 0xff, 0xff, 0xff, 0xff, 0xff, 0xff,
    0xff, 0xf0, 0xff, 0xff, 0xff, 0xff, 0xff, 0xff,
    0xff, 0xf0, 0xff, 0xff, 0xff, 0xff, 0xff, 0xff,
    0xff, 0xf0, 0xff, 0xff, 0xff, 0xff, 0xff, 0xff,
    0xff, 0xf4, 0x8f, 0xff, 0xff, 0xff, 0xff, 0xf8,
    0xff, 0xfe, 0x40, 0x0, 0x0, 0x0, 0x0, 0x0,
    0xff, 0xff, 0xff, 0xff, 0xff, 0xff, 0x0, 0x0,
    0xff, 0xff, 0xff, 0xff, 0xff, 0xff, 0x0, 0x0,
    0x8f, 0xff, 0xff, 0xff, 0xff, 0xf8, 0x0, 0x0,

    /* U+F24E "" */
    0x0, 0x0, 0x0, 0x0, 0x6e, 0xe6, 0x0, 0x0,
    0x0, 0x0, 0x0, 0xe, 0xff, 0xff, 0xff, 0xff,
    0xff, 0xff, 0xe0, 0x0, 0x0, 0xe, 0xff, 0xff,
    0xff, 0xff, 0xff, 0xff, 0xe0, 0x0, 0x0, 0x0,
    0x0, 0x3, 0xff, 0xff, 0x30, 0x0, 0x0, 0x0,
    0x0, 0x2d, 0xd2, 0x0, 0x6f, 0xf6, 0x0, 0x2d,
    0xd2, 0x0, 0x0, 0xbe, 0xfa, 0x0, 0xf, 0xf0,
    0x0, 0xae, 0xfa, 0x0, 0x3, 0xf7, 0x8f, 0x20,
    0xf, 0xf0, 0x2, 0xf7, 0x8f, 0x20, 0xb, 0xe0,
    0x1f, 0xa0, 0xf, 0xf0, 0xb, 0xe0, 0x1f, 0xa0,
    0x3f, 0x70, 0x8, 0xf2, 0xf, 0xf0, 0x3f, 0x70,
    0x8, 0xf2, 0xaf, 0x0, 0x1, 0xfa, 0xf, 0xf0,
    0xaf, 0x0, 0x1, 0xfa, 0xff, 0xff, 0xff, 0xff,
    0xf, 0xf0, 0xff, 0xff, 0xff, 0xff, 0xaf, 0xff,
    0xff, 0xfa, 0xf, 0xf0, 0xaf, 0xff, 0xff, 0xf9,
    0x6, 0xcf, 0xfc, 0x60, 0xf, 0xf0, 0x6, 0xcf,
    0xfc, 0x70, 0x0, 0x0, 0x0, 0x0, 0xf, 0xf0,
    0x0, 0x0, 0x0, 0x0, 0x0, 0xe, 0xff, 0xff,
    0xff, 0xff, 0xff, 0xff, 0xe0, 0x0, 0x0, 0xe,
    0xff, 0xff, 0xff, 0xff, 0xff, 0xff, 0xe0, 0x0,

    /* U+F251 "" */
    0xdf, 0xff, 0xff, 0xff, 0xff, 0xfd, 0xdf, 0xff,
    0xff, 0xff, 0xff, 0xfd, 0x3f, 0xff, 0xff, 0xff,
    0xff, 0xf3, 0x1f, 0xff, 0xff, 0xff, 0xff, 0xf1,
    0xc, 0xff, 0xff, 0xff, 0xff, 0xc0, 0x5, 0xff,
    0xff, 0xff, 0xff, 0x50, 0x0, 0x9f, 0xff, 0xff,
    0xf9, 0x0, 0x0, 0x7, 0xef, 0xff, 0x70, 0x0,
    0x0, 0x7, 0xef, 0xfe, 0x70, 0x0, 0x0, 0x9f,
    0xe9, 0x9e, 0xf9, 0x0, 0x5, 0xfe, 0x10, 0x1,
    0xef, 0x50, 0xc, 0xf5, 0x0, 0x0, 0x6f, 0xc0,
    0x1f, 0xf0, 0x0, 0x0, 0xf, 0xf1, 0x3f, 0xd0,
    0x0, 0x0, 0xd, 0xf3, 0xdf, 0xff, 0xff, 0xff,
    0xff, 0xfd, 0xdf, 0xff, 0xff, 0xff, 0xff, 0xfd,

    /* U+F252 "" */
    0xdf, 0xff, 0xff, 0xff, 0xff, 0xfd, 0xdf, 0xff,
    0xff, 0xff, 0xff, 0xfd, 0x3f, 0xc0, 0x0, 0x0,
    0xc, 0xf3, 0x1f, 0xf0, 0x0, 0x0, 0xf, 0xf1,
    0xc, 0xff, 0xff, 0xff, 0xff, 0xc0, 0x5, 0xff,
    0xff, 0xff, 0xff, 0x50, 0x0, 0x9f, 0xff, 0xff,
    0xf9, 0x0, 0x0, 0x7, 0xef, 0xff, 0x70, 0x0,
    0x0, 0x7, 0xef, 0xfe, 0x70, 0x0, 0x0, 0x9f,
    0xf9, 0x9f, 0xf9, 0x0, 0x5, 0xfe, 0x20, 0x2,
    0xef, 0x50, 0xc, 0xf5, 0x0, 0x0, 0x5f, 0xc0,
    0x1f, 0xff, 0xff, 0xff, 0xff, 0xf1, 0x3f, 0xff,
    0xff, 0xff, 0xff, 0xf3, 0xdf, 0xff, 0xff, 0xff,
    0xff, 0xfd, 0xdf, 0xff, 0xff, 0xff, 0xff, 0xfd,

    /* U+F253 "" */
    0xdf, 0xff, 0xff, 0xff, 0xff, 0xfd, 0xdf, 0xff,
    0xff, 0xff, 0xff, 0xfd, 0x3f, 0xd0, 0x0, 0x0,
    0xd, 0xf3, 0x1f, 0xf0, 0x0, 0x0, 0xf, 0xf1,
    0xc, 0xf5, 0x0, 0x0, 0x6f, 0xc0, 0x5, 0xfe,
    0x10, 0x1, 0xef, 0x50, 0x0, 0x9f, 0xe9, 0x9e,
    0xf9, 0x0, 0x0, 0x7, 0xef, 0xff, 0x70, 0x0,
    0x0, 0x7, 0xef, 0xfe, 0x70, 0x0, 0x0, 0x9f,
    0xff, 0xff, 0xf9, 0x0, 0x5, 0xff, 0xff, 0xff,
    0xff, 0x50, 0xc, 0xff, 0xff, 0xff, 0xff, 0xc0,
    0x1f, 0xff, 0xff, 0xff, 0xff, 0xf1, 0x3f, 0xff,
    0xff, 0xff, 0xff, 0xf3, 0xdf, 0xff, 0xff, 0xff,
    0xff, 0xfd, 0xdf, 0xff, 0xff, 0xff, 0xff, 0xfd,

    /* U+F254 "" */
    0xdf, 0xff, 0xff, 0xff, 0xff, 0xfd, 0xdf, 0xff,
    0xff, 0xff, 0xff, 0xfd, 0x3f, 0xff, 0xff, 0xff,
    0xff, 0xf3, 0x1f, 0xff, 0xff, 0xff, 0xff, 0xf1,
    0xc, 0xff, 0xff, 0xff, 0xff, 0xc0, 0x5, 0xff,
    0xff, 0xff, 0xff, 0x50, 0x0, 0x9f, 0xff, 0xff,
    0xf9, 0x0, 0x0, 0x7, 0xef, 0xff, 0x70, 0x0,
    0x0, 0x7, 0xef, 0xfe, 0x70, 0x0, 0x0, 0x9f,
    0xff, 0xff, 0xf9, 0x0, 0x5, 0xff, 0xff, 0xff,
    0xff, 0x50, 0xc, 0xff, 0xff, 0xff, 0xff, 0xc0,
    0x1f, 0xff, 0xff, 0xff, 0xff, 0xf1, 0x3f, 0xff,
    0xff, 0xff, 0xff, 0xf3, 0xdf, 0xff, 0xff, 0xff,
    0xff, 0xfd, 0xdf, 0xff, 0xff, 0xff, 0xff, 0xfd,

    /* U+F255 "" */
    0x0, 0x0, 0x63, 0x2d, 0xd2, 0x36, 0x0, 0x0,
    0x0, 0x9, 0xff, 0x9f, 0xf9, 0xff, 0x92, 0x71,
    0x0, 0xc, 0xff, 0xbf, 0xfc, 0xff, 0xbd, 0xfd,
    0x8f, 0x8c, 0xff, 0xff, 0xff, 0xff, 0xff, 0xff,
    0xff, 0xfc, 0xff, 0xff, 0xff, 0xff, 0xff, 0xff,
    0xff, 0xfc, 0xff, 0xff, 0xff, 0xff, 0xff, 0xff,
    0xff, 0xff, 0xff, 0xff, 0xff, 0xff, 0xff, 0xff,
    0xcf, 0xff, 0xff, 0xff, 0xff, 0xff, 0xff, 0xfe,
    0x3f, 0xff, 0xff, 0xff, 0xff, 0xff, 0xff, 0xfa,
    0x4, 0xff, 0xff, 0xff, 0xff, 0xff, 0xff, 0xf4,
    0x0, 0x3e, 0xff, 0xff, 0xff, 0xff, 0xff, 0xd0,
    0x0, 0x2, 0xdf, 0xff, 0xff, 0xff, 0xff, 0x70,
    0x0, 0x0, 0x2f, 0xff, 0xff, 0xff, 0xff, 0x20,
    0x0, 0x0, 0xd, 0xff, 0xff, 0xff, 0xfd, 0x0,

    /* U+F256 "" */
    0x0, 0x0, 0x0, 0xc, 0xd1, 0x0, 0x0, 0x0,
    0x0, 0x5, 0xa4, 0xff, 0x6a, 0x70, 0x0, 0x0,
    0x0, 0xef, 0xbf, 0xfb, 0xff, 0x0, 0x0, 0x0,
    0xe, 0xfc, 0xff, 0xcf, 0xf1, 0x0, 0x0, 0x0,
    0xef, 0xcf, 0xfc, 0xff, 0x6f, 0x70, 0x0, 0xe,
    0xfc, 0xff, 0xcf, 0xfb, 0xfd, 0x0, 0x0, 0xef,
    0xcf, 0xfc, 0xff, 0xcf, 0xd0, 0x0, 0xe, 0xfc,
    0xff, 0xcf, 0xfc, 0xfd, 0xc, 0xd2, 0xef, 0xff,
    0xff, 0xff, 0xff, 0xd1, 0xff, 0xce, 0xff, 0xff,
    0xff, 0xff, 0xfd, 0x8, 0xff, 0xff, 0xff, 0xff,
    0xff, 0xff, 0xc0, 0xc, 0xff, 0xff, 0xff, 0xff,
    0xff, 0xf9, 0x0, 0x2f, 0xff, 0xff, 0xff, 0xff,
    0xff, 0x60, 0x0, 0x6f, 0xff, 0xff, 0xff, 0xff,
    0xf2, 0x0, 0x0, 0xaf, 0xff, 0xff, 0xff, 0xfe,
    0x0, 0x0, 0x0, 0xbf, 0xff, 0xff, 0xff, 0x60,

    /* U+F257 "" */
    0x1, 0xaa, 0x50, 0x0, 0x0, 0x0, 0x0, 0x0,
    0x6, 0xff, 0xfe, 0x82, 0x0, 0x7b, 0x40, 0x0,
    0x3, 0xff, 0xff, 0xff, 0xb8, 0xff, 0xfb, 0x20,
    0x0, 0x28, 0xef, 0xff, 0xff, 0xff, 0xff, 0xf7,
    0x0, 0x0, 0x5, 0xbf, 0xff, 0xff, 0xff, 0xff,
    0x4, 0x44, 0x44, 0x46, 0xff, 0xff, 0xff, 0xff,
    0xcf, 0xff, 0xff, 0xff, 0xff, 0xff, 0xff, 0xff,
    0xef, 0xff, 0xff, 0xff, 0xff, 0xff, 0xff, 0xff,
    0x4b, 0xbb, 0xbb, 0xbc, 0xff, 0xff, 0xff, 0xff,
    0x0, 0x0, 0x1, 0xef, 0xff, 0xff, 0xff, 0xff,
    0x0, 0x0, 0x2, 0xff, 0xff, 0xff, 0xff, 0xff,
    0x0, 0x0, 0x0, 0x29, 0xff, 0xff, 0xff, 0xff,
    0x0, 0x0, 0x0, 0x2f, 0xff, 0xff, 0xff, 0xfa,
    0x0, 0x0, 0x0, 0x1d, 0xff, 0xfc, 0x95, 0x10,

    /* U+F258 "" */
    0xdf, 0xff, 0xff, 0xff, 0xff, 0xfe, 0x30, 0x0,
    0x0, 0xff, 0xff, 0xff, 0xff, 0xff, 0xff, 0xe0,
    0x0, 0x0, 0x6f, 0xff, 0xff, 0xff, 0xff, 0xff,
    0xf9, 0x0, 0x0, 0x0, 0x0, 0x0, 0x0, 0xa,
    0xff, 0xff, 0x30, 0x0, 0x0, 0x0, 0x0, 0x0,
    0xd, 0xff, 0xff, 0xd0, 0x0, 0x0, 0x0, 0x0,
    0x0, 0x6f, 0xff, 0xff, 0xf7, 0x0, 0x0, 0x4e,
    0xff, 0xff, 0xff, 0xff, 0xff, 0xff, 0x20, 0x0,
    0xef, 0xff, 0xff, 0xff, 0xff, 0xff, 0xff, 0xb0,
    0x0, 0xdf, 0xff, 0xff, 0xff, 0xff, 0xff, 0xff,
    0xf5, 0x0, 0x0, 0x0, 0x0, 0x7f, 0xff, 0xff,
    0xff, 0xfd, 0x0, 0x0, 0x0, 0x0, 0x1, 0xbf,
    0xff, 0xff, 0xff, 0x0, 0x0, 0x0, 0x0, 0x0,
    0x6, 0xff, 0xff, 0xff, 0x0, 0x0, 0x0, 0x0,
    0x0, 0x0, 0xff, 0xff, 0xff, 0x0, 0x0, 0x0,
    0x0, 0x0, 0x0, 0xff, 0xff, 0xff,

    /* U+F259 "" */
    0x0, 0x0, 0x0, 0x0, 0x0, 0x0, 0x0, 0x0,
    0x0, 0x0, 0x0, 0x8e, 0x40, 0x0, 0x0, 0x0,
    0x0, 0x0, 0x0, 0xd, 0xfa, 0x0, 0x8, 0xf5,
    0x0, 0x0, 0x0, 0x99, 0xaf, 0xe0, 0x0, 0xff,
    0x90, 0x0, 0x0, 0x3f, 0xfb, 0xff, 0x20, 0x3f,
    0xf9, 0xea, 0x0, 0x1, 0xff, 0xbf, 0xf6, 0x7,
    0xff, 0xbf, 0xf0, 0x0, 0xd, 0xfb, 0xff, 0x90,
    0xbf, 0xdd, 0xfb, 0x0, 0x0, 0x9f, 0xfb, 0xfd,
    0xf, 0xfa, 0xff, 0x80, 0x0, 0x5, 0xff, 0xbf,
    0xf4, 0xff, 0xaf, 0xf4, 0x0, 0x0, 0x2f, 0xff,
    0xff, 0xff, 0xff, 0xff, 0x0, 0x36, 0x0, 0xff,
    0xff, 0xff, 0xff, 0xff, 0xd0, 0xe, 0xfb, 0xf,
    0xff, 0xff, 0xff, 0xff, 0xfc, 0x0, 0xaf, 0xfc,
    0xff, 0xff, 0xff, 0xff, 0xff, 0xb0, 0x0, 0xaf,
    0xff, 0xff, 0xff, 0xff, 0xff, 0xf8, 0x0, 0x0,
    0xaf, 0xff, 0xff, 0xff, 0xff, 0xff, 0x30, 0x0,
    0x0, 0x9f, 0xff, 0xff, 0xff, 0xff, 0xe0, 0x0,
    0x0, 0x0, 0x8f, 0xff, 0xff, 0xff, 0xf6, 0x0,
    0x0,

    /* U+F25A "" */
    0x0, 0x0, 0x9f, 0x40, 0x0, 0x0, 0x0, 0x0,
    0x0, 0xe, 0xf9, 0x0, 0x0, 0x0, 0x0, 0x0,
    0x0, 0xef, 0x90, 0x0, 0x0, 0x0, 0x0, 0x0,
    0xe, 0xf9, 0x0, 0x0, 0x0, 0x0, 0x0, 0x0,
    0xef, 0x90, 0x0, 0x0, 0x0, 0x0, 0x0, 0xe,
    0xf9, 0xcd, 0x16, 0x40, 0x0, 0x0, 0x0, 0xef,
    0xbf, 0xfa, 0xff, 0x3b, 0x40, 0x0, 0xe, 0xfe,
    0xff, 0xef, 0xfd, 0xfc, 0xc, 0xd2, 0xef, 0xff,
    0xff, 0xff, 0xff, 0xd1, 0xff, 0xce, 0xff, 0xff,
    0xff, 0xff, 0xfd, 0x8, 0xff, 0xff, 0xcf, 0xfc,
    0xff, 0xcf, 0xc0, 0xc, 0xff, 0xfc, 0xff, 0xcf,
    0xfc, 0xfa, 0x0, 0x2f, 0xff, 0xcf, 0xfc, 0xff,
    0xcf, 0x60, 0x0, 0x6f, 0xff, 0xff, 0xff, 0xff,
    0xf2, 0x0, 0x0, 0xaf, 0xff, 0xff, 0xff, 0xfe,
    0x0, 0x0, 0x0, 0xcf, 0xff, 0xff, 0xff, 0x70,

    /* U+F25B "" */
    0x0, 0x0, 0x0, 0x4e, 0xc0, 0x0, 0x0, 0x0,
    0x36, 0x0, 0xb, 0xff, 0x40, 0x0, 0x0, 0x1f,
    0xfa, 0x0, 0xbf, 0xf4, 0x0, 0x0, 0x1, 0xff,
    0xf1, 0xb, 0xff, 0x40, 0x0, 0x0, 0xc, 0xff,
    0x70, 0xbf, 0xf4, 0x0, 0x0, 0x0, 0x5f, 0xfd,
    0xb, 0xff, 0x42, 0x10, 0x0, 0x0, 0xef, 0xf4,
    0xbf, 0xf9, 0xfe, 0x3, 0x0, 0x9, 0xff, 0xab,
    0xff, 0xbf, 0xf9, 0xfc, 0x0, 0x2f, 0xff, 0xff,
    0xff, 0xff, 0xff, 0xe0, 0x1, 0xef, 0xff, 0xff,
    0xff, 0xff, 0xfe, 0x0, 0xdf, 0xff, 0xff, 0xff,
    0xff, 0xff, 0xe0, 0x2f, 0xff, 0xff, 0xff, 0xff,
    0xff, 0xfb, 0x0, 0xbf, 0xff, 0xff, 0xff, 0xff,
    0xff, 0x70, 0x2, 0xff, 0xff, 0xff, 0xff, 0xff,
    0xf3, 0x0, 0x8, 0xff, 0xff, 0xff, 0xff, 0xff,
    0x0, 0x0, 0xc, 0xff, 0xff, 0xff, 0xff, 0x80,

    /* U+F25C "" */
    0xff, 0xff, 0xff, 0xff, 0x71, 0xff, 0xc0, 0x0,
    0x9f, 0xf3, 0xf, 0xff, 0xff, 0xff, 0xf7, 0x2f,
    0xff, 0x20, 0xe, 0xff, 0x50, 0x11, 0x1f, 0xf8,
    0x11, 0x3, 0xff, 0xf7, 0x4, 0xff, 0xf6, 0x0,
    0x0, 0xff, 0x70, 0x0, 0x5f, 0xff, 0xd0, 0xaf,
    0xff, 0x80, 0x0, 0xf, 0xf7, 0x0, 0x6, 0xfe,
    0xdf, 0x2f, 0xfc, 0xf9, 0x0, 0x0, 0xff, 0x70,
    0x0, 0x7f, 0xe7, 0xfb, 0xfa, 0xbf, 0xa0, 0x0,
    0xf, 0xf7, 0x0, 0x9, 0xfd, 0x2f, 0xff, 0x5a,
    0xfb, 0x0, 0x0, 0xff, 0x70, 0x0, 0xaf, 0xc0,
    0xcf, 0xf0, 0x9f, 0xd0, 0x0, 0xf, 0xf7, 0x0,
    0xb, 0xfb, 0x2, 0x63, 0x8, 0xfe, 0x0, 0x0,
    0xef, 0x60, 0x0, 0xcf, 0x90, 0x0, 0x0, 0x6f,
    0xf0,

    /* U+F25D "" */
    0x0, 0x0, 0x18, 0xce, 0xec, 0x82, 0x0, 0x0,
    0x0, 0x6, 0xff, 0xff, 0xff, 0xff, 0x70, 0x0,
    0x0, 0x8f, 0xff, 0xff, 0xff, 0xff, 0xf9, 0x0,
    0x5, 0xff, 0xf8, 0x66, 0x8b, 0xff, 0xff, 0x60,
    0xe, 0xff, 0xe0, 0x0, 0x0, 0x6f, 0xff, 0xf1,
    0x4f, 0xff, 0xe0, 0x8, 0x60, 0xe, 0xff, 0xf6,
    0x8f, 0xff, 0xe0, 0xd, 0xd0, 0xd, 0xff, 0xfa,
    0xaf, 0xff, 0xe0, 0x2, 0x0, 0x1f, 0xff, 0xfc,
    0xaf, 0xff, 0xe0, 0x0, 0x0, 0xbf, 0xff, 0xfb,
    0x8f, 0xff, 0xe0, 0x7, 0x0, 0x9f, 0xff, 0xfa,
    0x4f, 0xff, 0xe0, 0xd, 0x70, 0x1f, 0xff, 0xf5,
    0xd, 0xff, 0xf0, 0xd, 0xf1, 0x9, 0xff, 0xe0,
    0x4, 0xff, 0xfa, 0x9f, 0xfc, 0x8e, 0xff, 0x50,
    0x0, 0x7f, 0xff, 0xff, 0xff, 0xff, 0xf8, 0x0,
    0x0, 0x5, 0xef, 0xff, 0xff, 0xff, 0x60, 0x0,
    0x0, 0x0, 0x6, 0xbc, 0xdb, 0x71, 0x0, 0x0,

    /* U+F25E "" */
    0x0, 0x0, 0x28, 0xbd, 0xca, 0x50, 0x0, 0x0,
    0x0, 0x8, 0xff, 0xa9, 0x9c, 0xfd, 0x30, 0x0,
    0x0, 0xcf, 0x70, 0x0, 0x0, 0x2c, 0xf5, 0x0,
    0x9, 0xf4, 0x0, 0x0, 0x0, 0x0, 0xbf, 0x20,
    0x2f, 0x70, 0x0, 0x0, 0x0, 0x0, 0xe, 0xb0,
    0x9e, 0x0, 0x2, 0x0, 0x1, 0x20, 0x6, 0xf1,
    0xd9, 0x2, 0xde, 0xf5, 0x8f, 0xec, 0x1, 0xf5,
    0xf7, 0x8, 0xd0, 0x21, 0xf5, 0x2, 0x0, 0xf7,
    0xf7, 0x8, 0xd0, 0x22, 0xf5, 0x3, 0x0, 0xf7,
    0xd9, 0x2, 0xee, 0xe4, 0x9f, 0xeb, 0x1, 0xf5,
    0x9e, 0x0, 0x2, 0x0, 0x1, 0x20, 0x6, 0xf1,
    0x2f, 0x70, 0x0, 0x0, 0x0, 0x0, 0xd, 0xb0,
    0x9, 0xf4, 0x0, 0x0, 0x0, 0x0, 0xbf, 0x20,
    0x0, 0xbf, 0x70, 0x0, 0x0, 0x3c, 0xf4, 0x0,
    0x0, 0x8, 0xff, 0xa9, 0x9d, 0xfd, 0x30, 0x0,
    0x0, 0x0, 0x28, 0xbd, 0xca, 0x50, 0x0, 0x0,

    /* U+F260 "" */
    0x0, 0x0, 0x5, 0x0, 0x0, 0x50, 0x0, 0x0,
    0x0, 0x0, 0x7f, 0xa0, 0xa, 0xf8, 0x0, 0x0,
    0x0, 0x7, 0xe4, 0x40, 0xad, 0x4e, 0x80, 0x0,
    0x0, 0x7e, 0x20, 0x8, 0xf1, 0x2, 0xe8, 0x0,
    0x7, 0xe2, 0x0, 0x1, 0xda, 0x0, 0x2e, 0x80,
    0x7e, 0x20, 0x8, 0x10, 0x1d, 0xa0, 0x2, 0xe8,
    0x8e, 0x20, 0xa, 0xd1, 0x1, 0x80, 0x2, 0xe7,
    0x8, 0xe2, 0x0, 0xad, 0x10, 0x0, 0x2e, 0x70,
    0x0, 0x8e, 0x20, 0x1f, 0x80, 0x2, 0xe7, 0x0,
    0x0, 0x8, 0xe4, 0xda, 0x4, 0x4e, 0x70, 0x0,
    0x0, 0x0, 0x8f, 0xa0, 0xa, 0xf7, 0x0, 0x0,
    0x0, 0x0, 0x5, 0x0, 0x0, 0x50, 0x0, 0x0,

    /* U+F261 "" */
    0x0, 0x0, 0x3, 0x79, 0x97, 0x30, 0x0, 0x0,
    0x0, 0x3, 0xcf, 0xff, 0xff, 0xfc, 0x30, 0x0,
    0x0, 0x5f, 0xff, 0xff, 0xff, 0xff, 0xf5, 0x0,
    0x3, 0xff, 0xff, 0xff, 0xff, 0xff, 0xff, 0x40,
    0xc, 0xff, 0xff, 0x7f, 0xf6, 0xef, 0xff, 0xd0,
    0x4f, 0xff, 0xf3, 0x1a, 0x41, 0x2e, 0xff, 0xf5,
    0x8f, 0xff, 0x35, 0xf7, 0x1e, 0x62, 0xef, 0xf9,
    0xaf, 0xf3, 0x5f, 0x8f, 0x44, 0xf6, 0x2e, 0xfb,
    0xaf, 0xd1, 0x8e, 0x26, 0xf5, 0xd9, 0x1d, 0xfb,
    0x9f, 0xfd, 0x19, 0xe1, 0x7f, 0x81, 0xdf, 0xfa,
    0x5f, 0xff, 0xd1, 0x41, 0xa4, 0x1d, 0xff, 0xf6,
    0xe, 0xff, 0xfd, 0x2d, 0xe3, 0xdf, 0xff, 0xe1,
    0x5, 0xff, 0xff, 0xff, 0xff, 0xff, 0xff, 0x60,
    0x0, 0x8f, 0xff, 0xff, 0xff, 0xff, 0xf8, 0x0,
    0x0, 0x6, 0xef, 0xff, 0xff, 0xff, 0x60, 0x0,
    0x0, 0x0, 0x16, 0xbd, 0xdb, 0x71, 0x0, 0x0,

    /* U+F262 "" */
    0x0, 0x0, 0x0, 0x1, 0x46, 0x64, 0x10, 0x0,
    0x0, 0x0, 0x0, 0x0, 0x18, 0xca, 0x76, 0x67,
    0xab, 0x71, 0x0, 0x0, 0x9, 0xbb, 0xff, 0xa4,
    0x0, 0x0, 0x4a, 0xff, 0xbb, 0x90, 0x5, 0xfc,
    0x42, 0x4c, 0x80, 0x9, 0xd6, 0x36, 0xdf, 0x50,
    0x6, 0xb0, 0x6a, 0x50, 0xb5, 0x6c, 0x6, 0xa6,
    0xc, 0x70, 0xd, 0x27, 0x93, 0xa5, 0x2d, 0xc2,
    0x69, 0x39, 0x63, 0xd0, 0xe, 0xb, 0x4f, 0x3a,
    0xe, 0xe0, 0xb3, 0xf3, 0xb0, 0xf0, 0xe, 0x9,
    0x55, 0x67, 0xf, 0xf0, 0x85, 0x55, 0x90, 0xf0,
    0xa, 0x51, 0xbc, 0xa0, 0x5f, 0xf5, 0x1a, 0xcb,
    0x6, 0xb0, 0x2, 0xe3, 0x0, 0x3, 0xef, 0xed,
    0x40, 0x0, 0x4e, 0x30, 0x0, 0x2c, 0xc9, 0xbd,
    0x36, 0x53, 0xdb, 0x9b, 0xd3, 0x0, 0x0, 0x0,
    0x24, 0x20, 0x0, 0x0, 0x3, 0x53, 0x0, 0x0,

    /* U+F263 "" */
    0x0, 0x2b, 0xfe, 0xa2, 0x0, 0x2, 0xff, 0xff,
    0xff, 0x20, 0xb, 0xfc, 0x22, 0xcf, 0xb0, 0xf,
    0xf1, 0x0, 0x2f, 0xf0, 0xf, 0xf1, 0x0, 0x1f,
    0xf0, 0xc, 0xfb, 0x11, 0xbf, 0xc0, 0x3, 0xff,
    0xff, 0xff, 0x30, 0x0, 0x3c, 0xff, 0xc3, 0x0,
    0x8d, 0x50, 0x0, 0x4, 0xd8, 0x9f, 0xfe, 0xcc,
    0xef, 0xf9, 0x7, 0xef, 0xff, 0xfe, 0x70, 0x0,
    0x4, 0xff, 0x40, 0x0, 0x0, 0x1d, 0xff, 0xd1,
    0x0, 0x1, 0xdf, 0xcc, 0xfd, 0x10, 0xd, 0xfc,
    0x0, 0xcf, 0xd0, 0xc, 0xc0, 0x0, 0xb, 0xc0,
    0x0, 0x0, 0x0, 0x0, 0x0,

    /* U+F264 "" */
    0x8f, 0xff, 0xff, 0xff, 0xff, 0xff, 0xf8, 0xff,
    0xff, 0xff, 0xff, 0xff, 0xff, 0xff, 0xff, 0xff,
    0xf8, 0x11, 0x8f, 0xff, 0xff, 0xff, 0xff, 0xb0,
    0x77, 0xb, 0xff, 0xff, 0xff, 0xff, 0x82, 0xff,
    0x38, 0xff, 0xff, 0xff, 0xff, 0xb0, 0xab, 0xb,
    0xff, 0xff, 0xff, 0xff, 0xf7, 0x0, 0x7f, 0xff,
    0xff, 0xff, 0xff, 0x37, 0xbb, 0x72, 0xff, 0xff,
    0xff, 0xff, 0xa2, 0x0, 0x2a, 0xff, 0xff, 0xff,
    0xff, 0xfe, 0x22, 0xef, 0xff, 0xff, 0xff, 0xff,
    0xe2, 0x33, 0x2e, 0xff, 0xff, 0xff, 0xff, 0x93,
    0xef, 0x39, 0xff, 0xff, 0xff, 0xff, 0xff, 0xff,
    0xff, 0xff, 0xff, 0x8f, 0xff, 0xff, 0xff, 0xff,
    0xff, 0xf8,

    /* U+F265 "" */
    0x9f, 0xff, 0xff, 0xff, 0xff, 0xff, 0xfa, 0xff,
    0xff, 0xff, 0xff, 0xff, 0xff, 0xff, 0xff, 0xff,
    0xff, 0xff, 0xff, 0xff, 0xff, 0xff, 0xfb, 0xef,
    0xff, 0xfe, 0xbf, 0xff, 0xff, 0xd0, 0x1d, 0xff,
    0xe2, 0xd, 0xff, 0xff, 0xf4, 0x1, 0xdd, 0x20,
    0x4f, 0xff, 0xef, 0xff, 0x40, 0x11, 0x4, 0xff,
    0xfe, 0xbf, 0xff, 0xf4, 0x0, 0x4f, 0xff, 0xfb,
    0x6f, 0xff, 0xff, 0x55, 0xff, 0xff, 0xf6, 0xd,
    0xff, 0xff, 0xff, 0xff, 0xff, 0xd0, 0x2, 0xef,
    0xff, 0xff, 0xff, 0xfe, 0x20, 0x0, 0x1b, 0xff,
    0xff, 0xff, 0xb1, 0x0, 0x0, 0x0, 0x38, 0xaa,
    0x83, 0x0, 0x0,

    /* U+F266 "" */
    0x77, 0x77, 0x60, 0x77, 0x77, 0x25, 0x77, 0x61,
    0x66, 0x65, 0x2d, 0xfd, 0x10, 0x7, 0xf8, 0x0,
    0xab, 0x10, 0x2d, 0xb1, 0x1, 0xfd, 0x0, 0x0,
    0xdc, 0x0, 0xc1, 0x0, 0xd, 0x10, 0x0, 0x8f,
    0x50, 0x0, 0x7f, 0x34, 0x80, 0x0, 0x59, 0x0,
    0x0, 0x1f, 0xc0, 0x0, 0xf, 0xac, 0x10, 0x0,
    0xb2, 0x0, 0x0, 0xa, 0xf2, 0x0, 0x9, 0xf9,
    0x0, 0x2, 0xc0, 0x0, 0x0, 0x3, 0xf9, 0x0,
    0x3, 0xfb, 0x0, 0x9, 0x50, 0x0, 0x0, 0x0,
    0xcf, 0x10, 0x8, 0xdf, 0x20, 0x1d, 0x0, 0x0,
    0x0, 0x0, 0x5f, 0x70, 0x1c, 0x3f, 0x90, 0x77,
    0x0, 0x0, 0x0, 0x0, 0xe, 0xe0, 0x94, 0xc,
    0xf1, 0xd1, 0x0, 0x0, 0x0, 0x0, 0x7, 0xf7,
    0xb0, 0x5, 0xfc, 0x90, 0x0, 0x0, 0x0, 0x0,
    0x1, 0xff, 0x40, 0x0, 0xef, 0x20, 0x0, 0x0,
    0x0, 0x0, 0x0, 0x9b, 0x0, 0x0, 0x8b, 0x0,
    0x0, 0x0, 0x0, 0x0, 0x0, 0x12, 0x0, 0x0,
    0x12, 0x0, 0x0, 0x0,

    /* U+F267 "" */
    0x0, 0x0, 0x6, 0xac, 0xca, 0x60, 0x0, 0x0,
    0x0, 0x5, 0xd7, 0x20, 0x2, 0x7d, 0x50, 0x0,
    0x0, 0x7b, 0x28, 0xae, 0xeb, 0x61, 0xb7, 0x0,
    0x5, 0xb4, 0xef, 0xff, 0xff, 0xfb, 0x2b, 0x50,
    0xd, 0x2f, 0xff, 0xff, 0xff, 0xaf, 0xd1, 0xd0,
    0x58, 0xbf, 0xff, 0xff, 0xf7, 0xaf, 0xf6, 0x85,
    0x95, 0xff, 0xff, 0xff, 0x74, 0xff, 0xfa, 0x49,
    0xb6, 0xff, 0xff, 0xf8, 0xd, 0xff, 0xfe, 0x2b,
    0xb7, 0xff, 0xff, 0xa7, 0xaf, 0xff, 0xff, 0x2b,
    0x96, 0xef, 0xff, 0x16, 0xff, 0xff, 0xfd, 0x49,
    0x58, 0xef, 0xf7, 0x7f, 0xff, 0xff, 0xf9, 0x85,
    0xd, 0x7f, 0xd9, 0xff, 0xff, 0xff, 0xe3, 0xd0,
    0x5, 0xb9, 0xdf, 0xff, 0xff, 0xff, 0x5b, 0x50,
    0x0, 0x7b, 0x5e, 0xff, 0xfe, 0xc4, 0xb7, 0x0,
    0x0, 0x5, 0xd7, 0x66, 0x64, 0x7d, 0x50, 0x0,
    0x0, 0x0, 0x6, 0xac, 0xca, 0x60, 0x0, 0x0,

    /* U+F268 "" */
    0x0, 0x0, 0x39, 0xde, 0xeb, 0x60, 0x0, 0x0,
    0x0, 0x1a, 0xff, 0xff, 0xff, 0xfe, 0x30, 0x0,
    0x0, 0xcf, 0xff, 0xff, 0xff, 0xff, 0xf5, 0x0,
    0x2, 0xdf, 0xff, 0xff, 0xff, 0xff, 0xff, 0x20,
    0x3b, 0x4f, 0xfc, 0x40, 0x0, 0x12, 0x23, 0x20,
    0x9f, 0x39, 0xc0, 0x15, 0x30, 0x16, 0x67, 0x80,
    0xdf, 0xa0, 0x22, 0xef, 0xfa, 0xd, 0xff, 0xf4,
    0xff, 0xf2, 0xb, 0xff, 0xff, 0x39, 0xff, 0xf7,
    0xff, 0xfa, 0xd, 0xff, 0xff, 0x48, 0xff, 0xf7,
    0xdf, 0xff, 0x27, 0xff, 0xfe, 0x1b, 0xff, 0xf5,
    0x9f, 0xff, 0xc0, 0x7c, 0xb2, 0x2f, 0xff, 0xf2,
    0x2f, 0xff, 0xfc, 0x40, 0x0, 0xcf, 0xff, 0xb0,
    0x9, 0xff, 0xff, 0xff, 0x47, 0xff, 0xff, 0x30,
    0x0, 0xcf, 0xff, 0xfc, 0x2f, 0xff, 0xf6, 0x0,
    0x0, 0xa, 0xff, 0xf4, 0xbf, 0xfe, 0x50, 0x0,
    0x0, 0x0, 0x39, 0xa5, 0xec, 0x70, 0x0, 0x0,
    0x0, 0x0, 0x0, 0x0, 0x0, 0x0, 0x0, 0x0,

    /* U+F269 "" */
    0x0, 0x0, 0x0, 0x0, 0x2, 0x10, 0x0, 0x0,
    0x0, 0x0, 0x0, 0x0, 0xac, 0x0, 0x0, 0x2,
    0x50, 0x0, 0x0, 0xf, 0xfd, 0x50, 0x0, 0x8e,
    0x98, 0xd3, 0x1, 0xff, 0xfe, 0x10, 0xc, 0xff,
    0xfc, 0x0, 0xd, 0xff, 0xfb, 0x5, 0xff, 0xff,
    0xff, 0x50, 0x4f, 0xff, 0xf4, 0xaf, 0xff, 0xfe,
    0x40, 0x0, 0x5f, 0xff, 0x9d, 0xff, 0xfe, 0x50,
    0x0, 0x0, 0xaf, 0xfe, 0xdf, 0xff, 0xd0, 0x0,
    0x0, 0xd, 0xff, 0xeb, 0xff, 0xff, 0xda, 0xd7,
    0x0, 0xff, 0xfc, 0x7f, 0xff, 0xfd, 0xb6, 0x0,
    0x8f, 0xff, 0x51, 0xff, 0xff, 0xe5, 0x12, 0x9f,
    0xff, 0xf0, 0x7, 0xff, 0xff, 0xff, 0xff, 0xff,
    0xfb, 0x0, 0x9, 0xff, 0xff, 0xff, 0xff, 0xfb,
    0x10, 0x0, 0x6, 0xef, 0xff, 0xff, 0xf6, 0x0,
    0x0, 0x0, 0x0, 0x6a, 0xbb, 0x83, 0x0, 0x0,

    /* U+F26A "" */
    0x0, 0x0, 0x4a, 0xef, 0xec, 0x71, 0x0, 0x0,
    0x0, 0x1b, 0xff, 0xf8, 0x33, 0x8b, 0x40, 0x0,
    0x1, 0xdf, 0xfe, 0x20, 0x8, 0xff, 0xf7, 0x0,
    0xb, 0xff, 0xf2, 0x0, 0x0, 0x7f, 0xff, 0x40,
    0x4f, 0xff, 0x80, 0x0, 0x0, 0xd, 0xff, 0xd0,
    0xaf, 0xff, 0x10, 0x0, 0x0, 0x6, 0xff, 0xf2,
    0xef, 0xfd, 0x0, 0x0, 0x0, 0x3, 0xff, 0xf6,
    0xff, 0xfc, 0x0, 0x0, 0x0, 0x2, 0xff, 0xf7,
    0xef, 0xfd, 0x0, 0x0, 0x0, 0x3, 0xff, 0xf6,
    0xcf, 0xff, 0x0, 0x0, 0x0, 0x5, 0xff, 0xf4,
    0x6f, 0xff, 0x50, 0x0, 0x0, 0xb, 0xff, 0xe0,
    0xe, 0xff, 0xe0, 0x0, 0x0, 0x4f, 0xff, 0x60,
    0x3, 0xff, 0xfb, 0x0, 0x5, 0xef, 0xfa, 0x0,
    0x0, 0x4e, 0xff, 0xd4, 0x6, 0xbc, 0x80, 0x0,
    0x0, 0x1, 0x9e, 0xff, 0xec, 0x94, 0x0, 0x0,
    0x0, 0x0, 0x0, 0x24, 0x31, 0x0, 0x0, 0x0,

    /* U+F26B "" */
    0x0, 0x0, 0x0, 0x0, 0x0, 0x0, 0x0, 0x0,
    0x0, 0x0, 0x0, 0x0, 0x0, 0x17, 0xcf, 0xeb,
    0x10, 0x0, 0x0, 0x2, 0x8d, 0xff, 0xfd, 0x20,
    0x28, 0x0, 0x0, 0x6, 0xff, 0xff, 0xff, 0xfd,
    0x20, 0x60, 0x0, 0x8, 0xff, 0xff, 0xff, 0xff,
    0xfe, 0x24, 0x0, 0x4, 0xe9, 0xff, 0xc8, 0x8d,
    0xff, 0xfc, 0x30, 0x0, 0xa5, 0xef, 0x70, 0x0,
    0xa, 0xff, 0xf6, 0x0, 0x2, 0xdf, 0xd0, 0x0,
    0x0, 0xf, 0xff, 0xc0, 0x0, 0x9f, 0xfe, 0xcc,
    0xcc, 0xcc, 0xff, 0xff, 0x0, 0x3f, 0xff, 0xff,
    0xff, 0xff, 0xff, 0xff, 0xf0, 0xc, 0xff, 0xfc,
    0x33, 0x33, 0x33, 0x33, 0x32, 0x4, 0xff, 0xff,
    0xe1, 0x0, 0x0, 0x15, 0x55, 0x20, 0x9a, 0x9f,
    0xff, 0xc1, 0x0, 0x2d, 0xff, 0xf3, 0xd, 0x51,
    0xef, 0xff, 0xfc, 0xdf, 0xff, 0xf9, 0x0, 0xf2,
    0x3, 0xef, 0xff, 0xff, 0xff, 0xf9, 0x0, 0xd,
    0x60, 0x3, 0xdf, 0xff, 0xff, 0xb4, 0x0, 0x0,
    0x5d, 0x86, 0x50, 0x2, 0x32, 0x0, 0x0, 0x0,
    0x0, 0x0, 0x0, 0x0, 0x0, 0x0, 0x0, 0x0,
    0x0,

    /* U+F26C "" */
    0x8f, 0xff, 0xff, 0xff, 0xff, 0xff, 0xff, 0xff,
    0xff, 0xf8, 0xff, 0xff, 0xff, 0xff, 0xff, 0xff,
    0xff, 0xff, 0xff, 0xff, 0xff, 0x0, 0x0, 0x0,
    0x0, 0x0, 0x0, 0x0, 0x0, 0xff, 0xff, 0x0,
    0x0, 0x0, 0x0, 0x0, 0x0, 0x0, 0x0, 0xff,
    0xff, 0x0, 0x0, 0x0, 0x0, 0x0, 0x0, 0x0,
    0x0, 0xff, 0xff, 0x0, 0x0, 0x0, 0x0, 0x0,
    0x0, 0x0, 0x0, 0xff, 0xff, 0x0, 0x0, 0x0,
    0x0, 0x0, 0x0, 0x0, 0x0, 0xff, 0xff, 0x0,
    0x0, 0x0, 0x0, 0x0, 0x0, 0x0, 0x0, 0xff,
    0xff, 0x0, 0x0, 0x0, 0x0, 0x0, 0x0, 0x0,
    0x0, 0xff, 0xff, 0x0, 0x0, 0x0, 0x0, 0x0,
    0x0, 0x0, 0x0, 0xff, 0xff, 0x0, 0x0, 0x0,
    0x0, 0x0, 0x0, 0x0, 0x0, 0xff, 0xff, 0xff,
    0xff, 0xff, 0xff, 0xff, 0xff, 0xff, 0xff, 0xff,
    0x8f, 0xff, 0xff, 0xff, 0xff, 0xff, 0xff, 0xff,
    0xff, 0xf8, 0x0, 0x0, 0x0, 0x0, 0xd, 0xf2,
    0x0, 0x0, 0x0, 0x0, 0x0, 0x9, 0xff, 0xff,
    0xff, 0xff, 0xff, 0xff, 0xd0, 0x0, 0x0, 0x9,
    0xff, 0xff, 0xff, 0xff, 0xff, 0xff, 0xd0, 0x0,

    /* U+F26D "" */
    0xbf, 0x70, 0x0, 0x0, 0x0, 0x0, 0x7f, 0xfb,
    0xfb, 0x0, 0x0, 0x0, 0x0, 0x0, 0xc, 0xff,
    0xf3, 0x0, 0x1, 0xad, 0x80, 0x0, 0x19, 0xff,
    0xe0, 0x0, 0xa, 0xff, 0xfa, 0xae, 0xff, 0xff,
    0xd0, 0x0, 0xd, 0xff, 0xff, 0xff, 0xff, 0xff,
    0xe0, 0x0, 0xb, 0xff, 0xff, 0xff, 0xff, 0xff,
    0xf0, 0x0, 0x9, 0xff, 0xff, 0xff, 0xff, 0xff,
    0xf3, 0x0, 0x5, 0xff, 0xff, 0xff, 0xff, 0xff,
    0xf6, 0x0, 0x2, 0xff, 0xff, 0xff, 0xff, 0xff,
    0xfa, 0x0, 0x0, 0xef, 0xff, 0xfa, 0x73, 0xe,
    0xfd, 0x0, 0x0, 0x9f, 0xff, 0xa0, 0x0, 0xf,
    0xff, 0x20, 0x0, 0x1d, 0xfe, 0x20, 0x0, 0x3f,
    0xff, 0x90, 0x0, 0x0, 0x10, 0x0, 0x0, 0xaf,
    0xbf, 0xf3, 0x0, 0x0, 0x0, 0x0, 0x4, 0xfb,

    /* U+F26E "" */
    0x0, 0xc, 0xee, 0xee, 0xee, 0xe2, 0x0, 0x0,
    0xe, 0x0, 0x24, 0x31, 0x0, 0x0, 0x0, 0xe,
    0xb, 0xca, 0xad, 0xb3, 0x0, 0x0, 0xe, 0x0,
    0x2, 0x20, 0x4c, 0x50, 0x0, 0xe, 0x1a, 0xa7,
    0x8c, 0x60, 0x10, 0x0, 0xe, 0xc3, 0x1, 0x0,
    0x88, 0x0, 0x0, 0x7, 0x22, 0xce, 0xe9, 0xb,
    0x30, 0x0, 0x0, 0xd, 0x50, 0x1b, 0x74, 0xa0,
    0x0, 0x0, 0x3c, 0x2c, 0x92, 0xc1, 0xc0, 0x4,
    0x0, 0x4b, 0x2b, 0x93, 0xc2, 0xc0, 0xe, 0x1c,
    0x5b, 0x1, 0x3c, 0x67, 0x80, 0x9, 0x77, 0xdb,
    0x3e, 0xd6, 0x2e, 0x20, 0x2, 0xe2, 0xad, 0x30,
    0x16, 0xe5, 0x0, 0x0, 0x5d, 0x25, 0xbe, 0xd9,
    0x25, 0xb0, 0x0, 0x4, 0xd9, 0x42, 0x25, 0xbc,
    0x10, 0x0, 0x0, 0x6, 0xac, 0xb9, 0x40, 0x0,
    0x0, 0x0, 0x0, 0x0, 0x0, 0x0, 0x0,

    /* U+F270 "" */
    0x0, 0x0, 0x3b, 0xef, 0xd5, 0x0, 0x0, 0x0,
    0x5, 0xff, 0xff, 0xff, 0x40, 0x0, 0x0, 0xe,
    0xfc, 0x11, 0xff, 0xa0, 0x0, 0x0, 0x4, 0x62,
    0x0, 0xff, 0xa0, 0x0, 0x0, 0x0, 0x17, 0xbd,
    0xff, 0xa0, 0x0, 0x0, 0x4, 0xff, 0xd9, 0xff,
    0xa0, 0x0, 0x0, 0xe, 0xfb, 0x0, 0xff, 0xa0,
    0x0, 0x0, 0x3f, 0xf7, 0x1, 0xff, 0xc0, 0x0,
    0x0, 0x2f, 0xfe, 0x7b, 0xff, 0xf5, 0x0, 0x0,
    0xa, 0xff, 0xfe, 0x6f, 0xd1, 0x0, 0x30, 0x0,
    0x58, 0x71, 0x3, 0x14, 0x86, 0x2a, 0x40, 0x0,
    0x0, 0x0, 0x3, 0x29, 0x1, 0xad, 0x85, 0x33,
    0x58, 0xd9, 0x33, 0x0, 0x2, 0x8d, 0xff, 0xd8,
    0x20, 0x0,

    /* U+F271 "" */
    0x0, 0xf, 0xf0, 0x0, 0xf, 0xf0, 0x0, 0x0,
    0xf, 0xf0, 0x0, 0xf, 0xf0, 0x0, 0x8f, 0xff,
    0xff, 0xff, 0xff, 0xff, 0xf8, 0xff, 0xff, 0xff,
    0xff, 0xff, 0xff, 0xff, 0xff, 0xff, 0xff, 0xff,
    0xff, 0xff, 0xff, 0x0, 0x0, 0x0, 0x0, 0x0,
    0x0, 0x0, 0xff, 0xff, 0xff, 0xff, 0xff, 0xff,
    0xff, 0xff, 0xff, 0xff, 0xcc, 0xff, 0xff, 0xff,
    0xff, 0xff, 0xff, 0x0, 0xff, 0xff, 0xff, 0xff,
    0xff, 0xff, 0x0, 0xff, 0xff, 0xff, 0xff, 0xfc,
    0x0, 0x0, 0x0, 0xcf, 0xff, 0xff, 0xfc, 0x0,
    0x0, 0x0, 0xcf, 0xff, 0xff, 0xff, 0xff, 0x0,
    0xff, 0xff, 0xff, 0xff, 0xff, 0xff, 0x0, 0xff,
    0xff, 0xff, 0xff, 0xff, 0xff, 0xcc, 0xff, 0xff,
    0xff, 0x8f, 0xff, 0xff, 0xff, 0xff, 0xff, 0xf8,

    /* U+F272 "" */
    0x0, 0xf, 0xf0, 0x0, 0xf, 0xf0, 0x0, 0x0,
    0xf, 0xf0, 0x0, 0xf, 0xf0, 0x0, 0x8f, 0xff,
    0xff, 0xff, 0xff, 0xff, 0xf8, 0xff, 0xff, 0xff,
    0xff, 0xff, 0xff, 0xff, 0xff, 0xff, 0xff, 0xff,
    0xff, 0xff, 0xff, 0x0, 0x0, 0x0, 0x0, 0x0,
    0x0, 0x0, 0xff, 0xff, 0xff, 0xff, 0xff, 0xff,
    0xff, 0xff, 0xff, 0xff, 0xff, 0xff, 0xff, 0xff,
    0xff, 0xff, 0xff, 0xff, 0xff, 0xff, 0xff, 0xff,
    0xff, 0xff, 0xff, 0xff, 0xff, 0xff, 0xff, 0xfc,
    0x0, 0x0, 0x0, 0xcf, 0xff, 0xff, 0xfc, 0x0,
    0x0, 0x0, 0xcf, 0xff, 0xff, 0xff, 0xff, 0xff,
    0xff, 0xff, 0xff, 0xff, 0xff, 0xff, 0xff, 0xff,
    0xff, 0xff, 0xff, 0xff, 0xff, 0xff, 0xff, 0xff,
    0xff, 0x8f, 0xff, 0xff, 0xff, 0xff, 0xff, 0xf8,

    /* U+F273 "" */
    0x0, 0xf, 0xf0, 0x0, 0xf, 0xf0, 0x0, 0x0,
    0xf, 0xf0, 0x0, 0xf, 0xf0, 0x0, 0x8f, 0xff,
    0xff, 0xff, 0xff, 0xff, 0xf8, 0xff, 0xff, 0xff,
    0xff, 0xff, 0xff, 0xff, 0xff, 0xff, 0xff, 0xff,
    0xff, 0xff, 0xff, 0x0, 0x0, 0x0, 0x0, 0x0,
    0x0, 0x0, 0xff, 0xff, 0xff, 0xff, 0xff, 0xff,
    0xff, 0xff, 0xff, 0xff, 0xff, 0xff, 0xff, 0xff,
    0xff, 0xff, 0x82, 0xee, 0x28, 0xff, 0xff, 0xff,
    0xff, 0x20, 0x22, 0x2, 0xff, 0xff, 0xff, 0xff,
    0xe2, 0x0, 0x2e, 0xff, 0xff, 0xff, 0xff, 0xe2,
    0x0, 0x2e, 0xff, 0xff, 0xff, 0xff, 0x20, 0x22,
    0x2, 0xff, 0xff, 0xff, 0xff, 0x82, 0xee, 0x28,
    0xff, 0xff, 0xff, 0xff, 0xff, 0xff, 0xff, 0xff,
    0xff, 0x8f, 0xff, 0xff, 0xff, 0xff, 0xff, 0xf8,

    /* U+F274 "" */
    0x0, 0xf, 0xf0, 0x0, 0xf, 0xf0, 0x0, 0x0,
    0xf, 0xf0, 0x0, 0xf, 0xf0, 0x0, 0x8f, 0xff,
    0xff, 0xff, 0xff, 0xff, 0xf8, 0xff, 0xff, 0xff,
    0xff, 0xff, 0xff, 0xff, 0xff, 0xff, 0xff, 0xff,
    0xff, 0xff, 0xff, 0x0, 0x0, 0x0, 0x0, 0x0,
    0x0, 0x0, 0xff, 0xff, 0xff, 0xff, 0xff, 0xff,
    0xff, 0xff, 0xff, 0xff, 0xff, 0xff, 0xff, 0xff,
    0xff, 0xff, 0xff, 0xff, 0xd2, 0xbf, 0xff, 0xff,
    0xff, 0xef, 0xfd, 0x10, 0x4f, 0xff, 0xff, 0xf8,
    0xc, 0xd1, 0x3, 0xff, 0xff, 0xff, 0xf6, 0x0,
    0x10, 0x3f, 0xff, 0xff, 0xff, 0xff, 0x50, 0x4,
    0xff, 0xff, 0xff, 0xff, 0xff, 0xf5, 0x4f, 0xff,
    0xff, 0xff, 0xff, 0xff, 0xff, 0xff, 0xff, 0xff,
    0xff, 0x8f, 0xff, 0xff, 0xff, 0xff, 0xff, 0xf8,

    /* U+F275 "" */
    0xdf, 0xff, 0xd0, 0x0, 0x0, 0x0, 0x0, 0x0,
    0xff, 0xff, 0xf0, 0x0, 0x0, 0x0, 0x0, 0x0,
    0xff, 0xff, 0xf0, 0x0, 0x0, 0x0, 0x0, 0x0,
    0xff, 0xff, 0xf0, 0x0, 0x0, 0x0, 0x0, 0x0,
    0xff, 0xff, 0xf0, 0x0, 0x5e, 0x50, 0x1, 0xad,
    0xff, 0xff, 0xf0, 0x1b, 0xff, 0x80, 0x6e, 0xff,
    0xff, 0xff, 0xf7, 0xff, 0xff, 0xac, 0xff, 0xff,
    0xff, 0xff, 0xff, 0xff, 0xff, 0xff, 0xff, 0xff,
    0xff, 0xff, 0xff, 0xff, 0xff, 0xff, 0xff, 0xff,
    0xff, 0xff, 0xff, 0xff, 0xff, 0xff, 0xff, 0xff,
    0xff, 0xff, 0xff, 0xff, 0xff, 0xff, 0xff, 0xff,
    0xff, 0xff, 0xff, 0xff, 0xff, 0xff, 0xff, 0xff,
    0xff, 0xff, 0xff, 0xff, 0xff, 0xff, 0xff, 0xff,
    0xdf, 0xff, 0xff, 0xff, 0xff, 0xff, 0xff, 0xfd,

    /* U+F276 "" */
    0x0, 0x8e, 0xfd, 0x60, 0x0, 0xcf, 0xcc, 0xff,
    0xa0, 0x8f, 0x76, 0xcf, 0xff, 0x5e, 0xd8, 0xff,
    0xff, 0xfa, 0xfb, 0xdf, 0xff, 0xff, 0xce, 0xff,
    0xff, 0xff, 0xfa, 0x8f, 0xff, 0xff, 0xff, 0x50,
    0xcf, 0xff, 0xff, 0xa0, 0x0, 0x8e, 0xfd, 0x60,
    0x0, 0x0, 0x0, 0x0, 0x0, 0x0, 0xb, 0xf4,
    0x0, 0x0, 0x0, 0xbf, 0x40, 0x0, 0x0, 0xb,
    0xf4, 0x0, 0x0, 0x0, 0xbf, 0x40, 0x0, 0x0,
    0xb, 0xf4, 0x0, 0x0, 0x0, 0x4c, 0x0, 0x0,

    /* U+F277 "" */
    0x0, 0x0, 0x0, 0x0, 0xee, 0x0, 0x0, 0x0,
    0x0, 0x0, 0xdf, 0xff, 0xff, 0xff, 0xff, 0xff,
    0xfa, 0x0, 0x0, 0xff, 0xff, 0xff, 0xff, 0xff,
    0xff, 0xff, 0xa0, 0x0, 0xff, 0xff, 0xff, 0xff,
    0xff, 0xff, 0xff, 0xa0, 0x0, 0xdf, 0xff, 0xff,
    0xff, 0xff, 0xff, 0xfa, 0x0, 0x0, 0x0, 0x0,
    0x0, 0x0, 0x0, 0x0, 0x0, 0x0, 0x0, 0x0,
    0x0, 0x0, 0xff, 0x0, 0x0, 0x0, 0x0, 0x0,
    0xaf, 0xff, 0xff, 0xff, 0xff, 0xff, 0xfd, 0x0,
    0xa, 0xff, 0xff, 0xff, 0xff, 0xff, 0xff, 0xff,
    0x0, 0xa, 0xff, 0xff, 0xff, 0xff, 0xff, 0xff,
    0xff, 0x0, 0x0, 0xaf, 0xff, 0xff, 0xff, 0xff,
    0xff, 0xfd, 0x0, 0x0, 0x0, 0x0, 0x0, 0x0,
    0x0, 0x0, 0x0, 0x0, 0x0, 0x0, 0x0, 0x0,
    0xff, 0x0, 0x0, 0x0, 0x0, 0x0, 0x0, 0x0,
    0x0, 0xff, 0x0, 0x0, 0x0, 0x0, 0x0, 0x0,
    0x0, 0x0, 0xff, 0x0, 0x0, 0x0, 0x0, 0x0,
    0x0, 0x0, 0x0, 0xee, 0x0, 0x0, 0x0, 0x0,

    /* U+F279 "" */
    0x0, 0x0, 0x0, 0x0, 0x0, 0x0, 0x0, 0x0,
    0x0, 0x0, 0x6, 0xc0, 0xd7, 0x20, 0x0, 0x0,
    0x2, 0x9e, 0x29, 0xff, 0xf0, 0xff, 0xfd, 0x72,
    0x3, 0xaf, 0xff, 0xef, 0xff, 0xf0, 0xff, 0xff,
    0xff, 0xf, 0xff, 0xff, 0xff, 0xff, 0xf0, 0xff,
    0xff, 0xff, 0xf, 0xff, 0xff, 0xff, 0xff, 0xf0,
    0xff, 0xff, 0xff, 0xf, 0xff, 0xff, 0xff, 0xff,
    0xf0, 0xff, 0xff, 0xff, 0xf, 0xff, 0xff, 0xff,
    0xff, 0xf0, 0xff, 0xff, 0xff, 0xf, 0xff, 0xff,
    0xff, 0xff, 0xf0, 0xff, 0xff, 0xff, 0xf, 0xff,
    0xff, 0xff, 0xff, 0xf0, 0xff, 0xff, 0xff, 0xf,
    0xff, 0xff, 0xff, 0xff, 0xf0, 0xff, 0xff, 0xff,
    0xf, 0xff, 0xff, 0xff, 0xff, 0xf0, 0xff, 0xff,
    0xff, 0xf, 0xff, 0xff, 0xff, 0xff, 0xf0, 0xff,
    0xff, 0xff, 0xf, 0xff, 0xfe, 0xff, 0xfa, 0x30,
    0x28, 0xdf, 0xff, 0xf, 0xff, 0x92, 0xd9, 0x20,
    0x0, 0x0, 0x2, 0x8d, 0xc, 0x60, 0x0, 0x0,
    0x0, 0x0, 0x0, 0x0, 0x0, 0x0, 0x0, 0x0,

    /* U+F27A "" */
    0x4e, 0xff, 0xff, 0xff, 0xff, 0xff, 0xff, 0xe4,
    0xef, 0xff, 0xff, 0xff, 0xff, 0xff, 0xff, 0xfe,
    0xff, 0xff, 0xff, 0xff, 0xff, 0xff, 0xff, 0xff,
    0xff, 0xff, 0xff, 0xff, 0xff, 0xff, 0xff, 0xff,
    0xff, 0xff, 0xff, 0xff, 0xff, 0xff, 0xff, 0xff,
    0xff, 0xff, 0xff, 0xff, 0xff, 0xff, 0xff, 0xff,
    0xff, 0xff, 0xff, 0xff, 0xff, 0xff, 0xff, 0xff,
    0xff, 0xff, 0xff, 0xff, 0xff, 0xff, 0xff, 0xff,
    0xff, 0xff, 0xff, 0xff, 0xff, 0xff, 0xff, 0xff,
    0xff, 0xff, 0xff, 0xff, 0xff, 0xff, 0xff, 0xff,
    0xff, 0xff, 0xff, 0xff, 0xff, 0xff, 0xff, 0xff,
    0xef, 0xff, 0xff, 0xff, 0xff, 0xff, 0xff, 0xfe,
    0x4e, 0xff, 0xff, 0xff, 0xff, 0xff, 0xff, 0xe4,
    0x0, 0x0, 0xf, 0xff, 0xb1, 0x0, 0x0, 0x0,
    0x0, 0x0, 0xf, 0xf8, 0x0, 0x0, 0x0, 0x0,
    0x0, 0x0, 0xd, 0x40, 0x0, 0x0, 0x0, 0x0,
    0x0, 0x0, 0x0, 0x0, 0x0, 0x0, 0x0, 0x0,

    /* U+F27C "" */
    0x7f, 0xff, 0x0, 0x0, 0x0, 0x0, 0x0, 0x7f,
    0xff, 0x0, 0x0, 0x0, 0x0, 0x0, 0x7f, 0xff,
    0x0, 0x0, 0x0, 0x0, 0x0, 0x7f, 0xff, 0x95,
    0x0, 0x0, 0x0, 0x0, 0x7f, 0xff, 0xff, 0xfc,
    0x73, 0x0, 0x0, 0x7f, 0xff, 0xff, 0xff, 0xff,
    0xea, 0x61, 0x7f, 0xff, 0xff, 0xff, 0xff, 0xff,
    0xfb, 0x7f, 0xff, 0xff, 0xff, 0xff, 0xff, 0xfb,
    0x7f, 0xff, 0xff, 0xff, 0xff, 0xff, 0xfb, 0x7f,
    0xff, 0xf9, 0x55, 0x7f, 0xff, 0xfb, 0x7f, 0xff,
    0xf5, 0x0, 0x2f, 0xff, 0xfb, 0x7f, 0xff, 0xf5,
    0x0, 0x2f, 0xff, 0xfb, 0x7f, 0xff, 0xf5, 0x0,
    0x2f, 0xff, 0xfb, 0x7f, 0xff, 0xf5, 0x0, 0x2f,
    0xff, 0xfb,

    /* U+F27D "" */
    0x0, 0x0, 0x0, 0x0, 0x0, 0x0, 0x0, 0x0,
    0x1, 0x9c, 0x30, 0x0, 0x2b, 0xfe, 0x40, 0x2,
    0xdf, 0xfd, 0x0, 0x2e, 0xff, 0xfd, 0x3, 0xef,
    0xff, 0xf2, 0xa, 0xff, 0xff, 0xf0, 0xb9, 0xdf,
    0xff, 0x40, 0x23, 0xff, 0xfd, 0x0, 0x5, 0xff,
    0xf7, 0x0, 0x1f, 0xff, 0x80, 0x0, 0xf, 0xff,
    0xb0, 0x7, 0xff, 0xf1, 0x0, 0x0, 0xaf, 0xfe,
    0x1, 0xef, 0xf7, 0x0, 0x0, 0x6, 0xff, 0xf8,
    0xcf, 0xfc, 0x0, 0x0, 0x0, 0x2f, 0xff, 0xff,
    0xfe, 0x10, 0x0, 0x0, 0x0, 0xdf, 0xff, 0xff,
    0x30, 0x0, 0x0, 0x0, 0x7, 0xff, 0xff, 0x40,
    0x0, 0x0, 0x0, 0x0, 0xc, 0xfc, 0x30, 0x0,
    0x0, 0x0, 0x0, 0x0, 0x1, 0x0, 0x0, 0x0,
    0x0,

    /* U+F27E "" */
    0xff, 0xff, 0xff, 0xff, 0xff, 0xff, 0xff, 0xff,
    0xff, 0xcb, 0xbb, 0xbc, 0xff, 0xff, 0xff, 0xff,
    0xb0, 0x0, 0xb, 0xff, 0xff, 0xff, 0xff, 0xf7,
    0x0, 0x7f, 0xff, 0xff, 0xff, 0xff, 0xff, 0x0,
    0xff, 0xff, 0xff, 0xff, 0xff, 0xfb, 0x0, 0xbf,
    0xff, 0xff, 0xff, 0xff, 0xf6, 0x0, 0x6f, 0xff,
    0xff, 0xff, 0xff, 0xf1, 0x0, 0x1f, 0xff, 0xff,
    0xff, 0xff, 0xb0, 0x0, 0xb, 0xff, 0xff, 0xff,
    0xff, 0x50, 0x0, 0x5, 0xff, 0xff, 0xff, 0xff,
    0x70, 0x0, 0x7, 0xff, 0xff, 0xff, 0xff, 0xf8,
    0x0, 0x8f, 0xff, 0xff, 0xff, 0xff, 0xff, 0x88,
    0xff, 0xff, 0xff, 0xff, 0xff, 0xff, 0xff, 0xff,
    0xff, 0xff,

    /* U+F280 "" */
    0xff, 0xff, 0xff, 0xff, 0xff, 0xff, 0xff, 0xff,
    0xff, 0xff, 0xff, 0xff, 0xff, 0xff, 0xff, 0xff,
    0xff, 0xff, 0xe5, 0xcf, 0xff, 0xff, 0xff, 0x95,
    0x5c, 0x70, 0x1d, 0xff, 0xff, 0xfa, 0x6, 0x23,
    0xa3, 0x3f, 0xff, 0xff, 0xf8, 0xc, 0xff, 0xff,
    0xff, 0xff, 0xff, 0xa0, 0x0, 0xc, 0x30, 0x4f,
    0xff, 0xff, 0xe5, 0x8, 0xbf, 0xd0, 0x3f, 0xff,
    0xff, 0xf8, 0xc, 0xff, 0xf0, 0x3f, 0xff, 0xff,
    0xf8, 0xc, 0xff, 0xf0, 0x3f, 0xff, 0xff, 0xf7,
    0xb, 0xff, 0xf0, 0x3f, 0xff, 0xff, 0xb1, 0x1,
    0x6f, 0x40, 0xb, 0xff, 0xff, 0xff, 0xff, 0xff,
    0xff, 0xff, 0xff, 0xff, 0xff, 0xff, 0xff, 0xff,
    0xff, 0xff,

    /* U+F281 "" */
    0x0, 0x0, 0x0, 0x0, 0x0, 0x0, 0x0, 0x0,
    0x0, 0x0, 0x0, 0x0, 0x89, 0x96, 0xbe, 0x20,
    0x0, 0x0, 0x0, 0x0, 0x90, 0x3, 0xff, 0x40,
    0x0, 0x0, 0x0, 0x1, 0x70, 0x0, 0x35, 0x0,
    0x0, 0x0, 0x0, 0x5, 0x40, 0x0, 0x0, 0x0,
    0x0, 0x0, 0x5, 0x9d, 0xa8, 0x40, 0x0, 0x0,
    0x9, 0xc8, 0xef, 0xff, 0xff, 0xfe, 0x8c, 0x90,
    0x5f, 0xff, 0xff, 0xff, 0xff, 0xff, 0xff, 0xf5,
    0x3f, 0xff, 0x95, 0xff, 0xfc, 0x39, 0xff, 0xf3,
    0x9, 0xff, 0x10, 0xcf, 0xf5, 0x1, 0xff, 0x90,
    0x7, 0xff, 0x73, 0xff, 0xfb, 0x28, 0xff, 0x80,
    0x4, 0xff, 0xff, 0xff, 0xff, 0xff, 0xff, 0x40,
    0x0, 0xbf, 0xf7, 0x69, 0x96, 0x7f, 0xfb, 0x0,
    0x0, 0xa, 0xff, 0xc9, 0x9d, 0xff, 0xa0, 0x0,
    0x0, 0x0, 0x39, 0xdf, 0xfd, 0xa4, 0x0, 0x0,

    /* U+F282 "" */
    0x0, 0x0, 0x17, 0xbd, 0xca, 0x50, 0x0, 0x0,
    0x0, 0x5, 0xff, 0xff, 0xff, 0xfe, 0x40, 0x0,
    0x0, 0x5f, 0xff, 0xff, 0xff, 0xff, 0xf4, 0x0,
    0x2, 0xff, 0xc6, 0x31, 0x4b, 0xff, 0xfe, 0x10,
    0xa, 0xe5, 0x17, 0x0, 0x0, 0xbf, 0xff, 0x70,
    0xd, 0x21, 0xd6, 0x0, 0x0, 0x5f, 0xff, 0xc0,
    0x22, 0xb, 0xfc, 0xbb, 0xbb, 0xcf, 0xff, 0xf0,
    0x0, 0x2f, 0xff, 0xff, 0xff, 0xff, 0xff, 0xf0,
    0x0, 0x6f, 0xff, 0xff, 0xff, 0xff, 0xff, 0xf0,
    0x0, 0x7f, 0xf5, 0x0, 0x0, 0x0, 0x0, 0x0,
    0x0, 0x7f, 0xfa, 0x0, 0x0, 0x0, 0x0, 0x0,
    0x0, 0x2f, 0xff, 0x80, 0x0, 0x0, 0x37, 0x0,
    0x0, 0xb, 0xff, 0xff, 0xcb, 0xce, 0xfb, 0x0,
    0x0, 0x1, 0xdf, 0xff, 0xff, 0xff, 0xfb, 0x0,
    0x0, 0x0, 0x1a, 0xff, 0xff, 0xff, 0xf7, 0x0,
    0x0, 0x0, 0x0, 0x26, 0x88, 0x74, 0x0, 0x0,

    /* U+F284 "" */
    0x0, 0x0, 0x16, 0xab, 0xb8, 0x30, 0x0, 0x0,
    0x0, 0x7d, 0x84, 0x23, 0x6d, 0xa0, 0x0, 0x0,
    0xaa, 0x0, 0x0, 0x0, 0x7, 0xc1, 0x0, 0x89,
    0x0, 0x3, 0x66, 0x10, 0x6, 0xb0, 0x2d, 0x0,
    0x2c, 0xff, 0xff, 0x80, 0x2e, 0x59, 0x50, 0xd,
    0xff, 0xff, 0xff, 0xbd, 0x40, 0xd0, 0x7, 0xff,
    0xff, 0xff, 0xf7, 0x96, 0xe, 0x0, 0xbf, 0xff,
    0xff, 0x91, 0xf, 0xd0, 0xd0, 0xc, 0xff, 0xff,
    0xf9, 0x10, 0xd0, 0xd, 0x0, 0x9f, 0xff, 0xff,
    0xff, 0x96, 0x0, 0x95, 0x3, 0xff, 0xff, 0xff,
    0xfc, 0xd9, 0x12, 0xd0, 0x6, 0xff, 0xff, 0xfd,
    0x0, 0xb7, 0x8, 0x90, 0x3, 0xad, 0xc8, 0x0,
    0x3d, 0x0, 0xa, 0xa0, 0x0, 0x0, 0x0, 0x5d,
    0x20, 0x0, 0x7, 0xd8, 0x42, 0x36, 0xcb, 0x10,
    0x0, 0x0, 0x1, 0x6a, 0xba, 0x83, 0x0, 0x0,

    /* U+F285 "" */
    0x4, 0x80, 0x0, 0x0, 0x0, 0x0, 0x0, 0x4,
    0xfd, 0x40, 0x1a, 0xaa, 0xaa, 0xa5, 0x4, 0xff,
    0xf9, 0x7f, 0xff, 0xff, 0xf1, 0x4, 0xff, 0xff,
    0xe9, 0xdf, 0xff, 0x60, 0x4, 0xff, 0xff, 0xff,
    0xca, 0xfc, 0x0, 0x4, 0xff, 0xff, 0xff, 0xff,
    0x82, 0x0, 0x3, 0xff, 0xff, 0xd9, 0x77, 0x53,
    0x0, 0x0, 0x38, 0x77, 0x9d, 0xff, 0xaf, 0x30,
    0x0, 0x2e, 0xff, 0xff, 0xfa, 0xff, 0x40, 0x0,
    0xcf, 0xff, 0xff, 0xdb, 0xff, 0x40, 0x6, 0xff,
    0xff, 0xff, 0x9f, 0xff, 0x40, 0x1e, 0xff, 0xff,
    0xfa, 0x8f, 0xff, 0x40, 0x5a, 0xaa, 0xaa, 0xa1,
    0x3, 0xdf, 0x40, 0x0, 0x0, 0x0, 0x0, 0x0,
    0x8, 0x40,

    /* U+F286 "" */
    0x0, 0x0, 0x0, 0x0, 0x0, 0x0, 0x0, 0x0,
    0x0, 0x0, 0x0, 0x5, 0x70, 0x0, 0x0, 0x0,
    0x0, 0x0, 0x0, 0x2, 0xff, 0xe0, 0x0, 0x0,
    0x0, 0x0, 0x0, 0x2, 0xff, 0xf0, 0x0, 0x0,
    0x0, 0x0, 0x0, 0x2, 0x62, 0x30, 0x0, 0x0,
    0x0, 0x6, 0x5, 0x14, 0x70, 0x60, 0x52, 0x0,
    0x0, 0xf, 0x5e, 0x7a, 0xc5, 0xf5, 0xe7, 0x0,
    0x0, 0xf, 0xfe, 0xff, 0xff, 0xef, 0xf7, 0x0,
    0x0, 0xf, 0xf2, 0xbf, 0xfe, 0x2f, 0xf7, 0x0,
    0x0, 0xf, 0xf2, 0xbf, 0xfe, 0x2f, 0xf7, 0x0,
    0x3e, 0xf, 0xff, 0xff, 0xff, 0xff, 0xf7, 0x4d,
    0x3f, 0xef, 0xff, 0xff, 0xff, 0xff, 0xfe, 0xed,
    0x3f, 0xff, 0xff, 0xe6, 0x5d, 0xff, 0xff, 0xfd,
    0x3f, 0xff, 0xff, 0x60, 0x3, 0xff, 0xff, 0xfd,
    0x3f, 0xff, 0xff, 0x40, 0x1, 0xff, 0xff, 0xfd,
    0x3f, 0xff, 0xff, 0x40, 0x1, 0xff, 0xff, 0xfd,
    0x3f, 0xff, 0xff, 0x40, 0x1, 0xff, 0xff, 0xfd,

    /* U+F287 "" */
    0x0, 0x0, 0x0, 0x0, 0x0, 0x1, 0x0, 0x0,
    0x0, 0x0, 0x0, 0x0, 0x0, 0x0, 0x0, 0x7,
    0xfd, 0x10, 0x0, 0x0, 0x0, 0x0, 0x0, 0x0,
    0x1, 0xcf, 0xff, 0xf5, 0x0, 0x0, 0x0, 0x0,
    0x0, 0x0, 0x0, 0xb9, 0x29, 0xfe, 0x10, 0x0,
    0x0, 0x0, 0x0, 0x0, 0x0, 0x3f, 0x10, 0x2,
    0x0, 0x0, 0x0, 0x0, 0x3, 0xdf, 0x80, 0xa,
    0x90, 0x0, 0x0, 0x0, 0x3, 0x70, 0x0, 0xdf,
    0xff, 0x77, 0xf7, 0x55, 0x55, 0x55, 0x55, 0x8f,
    0xd3, 0xf, 0xff, 0xfd, 0xcc, 0xdf, 0xdc, 0xcc,
    0xcc, 0xcd, 0xff, 0xb0, 0x8f, 0xfe, 0x10, 0x0,
    0xaa, 0x0, 0x0, 0x0, 0x4d, 0x40, 0x0, 0x46,
    0x10, 0x0, 0x1, 0xf2, 0x2, 0x33, 0x10, 0x0,
    0x0, 0x0, 0x0, 0x0, 0x0, 0x9, 0xb1, 0xcf,
    0xf9, 0x0, 0x0, 0x0, 0x0, 0x0, 0x0, 0x0,
    0xa, 0xff, 0xff, 0x90, 0x0, 0x0, 0x0, 0x0,
    0x0, 0x0, 0x0, 0x0, 0xbf, 0xf9, 0x0, 0x0,
    0x0, 0x0, 0x0, 0x0, 0x0, 0x0, 0x1, 0x22,
    0x0, 0x0, 0x0,

    /* U+F288 "" */
    0x0, 0x0, 0x16, 0xac, 0xca, 0x60, 0x0, 0x0,
    0x0, 0x7, 0xff, 0xff, 0xff, 0xfe, 0x50, 0x0,
    0x0, 0x9f, 0xff, 0xff, 0xff, 0xff, 0xf7, 0x0,
    0x7, 0xff, 0xff, 0xff, 0xff, 0xff, 0xff, 0x50,
    0x1f, 0xff, 0xf2, 0x0, 0x2, 0x9f, 0xff, 0xe0,
    0x8f, 0xff, 0xf1, 0x15, 0x41, 0xa, 0xff, 0xf5,
    0xcf, 0xff, 0xf1, 0x5f, 0xfe, 0x4, 0xff, 0xf9,
    0xef, 0xff, 0xf1, 0x5f, 0xfb, 0x5, 0xff, 0xfb,
    0xef, 0xff, 0xf1, 0x0, 0x0, 0xd, 0xff, 0xfb,
    0xcf, 0xff, 0xf1, 0x15, 0x57, 0xdf, 0xff, 0xf9,
    0x8f, 0xff, 0xf1, 0x5f, 0xff, 0xff, 0xff, 0xf5,
    0x1f, 0xff, 0xf2, 0x5f, 0xff, 0xff, 0xff, 0xe0,
    0x7, 0xff, 0xff, 0xff, 0xff, 0xff, 0xff, 0x50,
    0x0, 0x9f, 0xff, 0xff, 0xff, 0xff, 0xf7, 0x0,
    0x0, 0x7, 0xff, 0xff, 0xff, 0xfe, 0x50, 0x0,
    0x0, 0x0, 0x16, 0xbc, 0xca, 0x60, 0x0, 0x0,

    /* U+F289 "" */
    0x0, 0x0, 0x2, 0x9c, 0xda, 0x30, 0x0, 0x0,
    0x0, 0x0, 0x0, 0x0, 0x6f, 0xc8, 0x7b, 0xf7,
    0x0, 0x0, 0x0, 0x0, 0x0, 0x5, 0xf7, 0x0,
    0x0, 0x5f, 0x50, 0x0, 0x0, 0x0, 0x0, 0x1d,
    0xa0, 0x0, 0x0, 0x8, 0xd0, 0x0, 0x0, 0x20,
    0x9, 0xff, 0xfa, 0x0, 0x0, 0x2, 0xf2, 0x0,
    0x15, 0xf1, 0x7f, 0x51, 0x5c, 0x20, 0x0, 0x1,
    0xff, 0x53, 0xf2, 0xe8, 0xd8, 0x0, 0x0, 0x0,
    0x0, 0x3, 0xfa, 0xf3, 0xd8, 0x8d, 0xf6, 0x0,
    0x0, 0x0, 0x0, 0x1, 0x70, 0xd8, 0xaa, 0x6f,
    0xbc, 0x0, 0x0, 0x0, 0x0, 0x0, 0x0, 0xe6,
    0xba, 0x7e, 0x2f, 0xd9, 0x88, 0x88, 0x88, 0x88,
    0x9d, 0xe2, 0xf6, 0xab, 0x2, 0x9c, 0xcc, 0xcc,
    0xcc, 0xcc, 0xc9, 0x12, 0xb2, 0xf6, 0x0, 0x0,
    0x0, 0x0, 0x0, 0x0, 0x0, 0x0, 0x4, 0xc0,

    /* U+F28A "" */
    0x0, 0x0, 0x4, 0x54, 0x30, 0x0, 0x0, 0x0,
    0x7f, 0xff, 0xff, 0xe8, 0x0, 0x0, 0x9f, 0x92,
    0x0, 0x38, 0xfd, 0x20, 0x2f, 0x70, 0x0, 0x0,
    0xb, 0xe1, 0x6, 0xf5, 0x20, 0x0, 0x1, 0xc4,
    0x0, 0x7f, 0xff, 0xe1, 0x0, 0x0, 0x0, 0x5,
    0xff, 0xff, 0x60, 0x0, 0x0, 0x0, 0xe, 0xff,
    0xf3, 0x2, 0xac, 0x60, 0x0, 0x2a, 0xb6, 0x0,
    0xcf, 0xff, 0x60, 0x0, 0x0, 0x0, 0xe, 0xff,
    0xfc, 0x0, 0x32, 0x0, 0x0, 0x7f, 0xff, 0xe0,
    0x2e, 0xb0, 0x0, 0x0, 0x12, 0xdd, 0xc, 0xf3,
    0x0, 0x0, 0x0, 0x2f, 0x80, 0x3d, 0xf9, 0x30,
    0x1, 0x5e, 0xe1, 0x0, 0x7, 0xef, 0xff, 0xff,
    0xa1, 0x0, 0x0, 0x0, 0x24, 0x54, 0x10, 0x0,

    /* U+F28B "" */
    0x0, 0x0, 0x5, 0x9b, 0xb9, 0x50, 0x0, 0x0,
    0x0, 0x4, 0xdf, 0xff, 0xff, 0xfd, 0x40, 0x0,
    0x0, 0x6f, 0xff, 0xff, 0xff, 0xff, 0xf6, 0x0,
    0x4, 0xff, 0xff, 0xff, 0xff, 0xff, 0xff, 0x40,
    0xd, 0xff, 0xff, 0xff, 0xff, 0xff, 0xff, 0xd0,
    0x5f, 0xff, 0xf1, 0xc, 0x50, 0x1f, 0xff, 0xf5,
    0x9f, 0xff, 0xf0, 0xb, 0x40, 0xf, 0xff, 0xf9,
    0xbf, 0xff, 0xf0, 0xb, 0x40, 0xf, 0xff, 0xfb,
    0xbf, 0xff, 0xf0, 0xb, 0x40, 0xf, 0xff, 0xfb,
    0x9f, 0xff, 0xf0, 0xb, 0x40, 0xf, 0xff, 0xf9,
    0x5f, 0xff, 0xf1, 0xc, 0x50, 0x1f, 0xff, 0xf5,
    0xe, 0xff, 0xff, 0xff, 0xff, 0xff, 0xff, 0xd0,
    0x4, 0xff, 0xff, 0xff, 0xff, 0xff, 0xff, 0x40,
    0x0, 0x6f, 0xff, 0xff, 0xff, 0xff, 0xf6, 0x0,
    0x0, 0x4, 0xef, 0xff, 0xff, 0xfd, 0x40, 0x0,
    0x0, 0x0, 0x5, 0x9b, 0xb9, 0x50, 0x0, 0x0,

    /* U+F28D "" */
    0x0, 0x0, 0x5, 0x9b, 0xb9, 0x50, 0x0, 0x0,
    0x0, 0x4, 0xdf, 0xff, 0xff, 0xfd, 0x40, 0x0,
    0x0, 0x6f, 0xff, 0xff, 0xff, 0xff, 0xf6, 0x0,
    0x4, 0xff, 0xff, 0xff, 0xff, 0xff, 0xff, 0x40,
    0xd, 0xff, 0xff, 0xff, 0xff, 0xff, 0xff, 0xd0,
    0x5f, 0xff, 0xf1, 0x0, 0x0, 0x1f, 0xff, 0xf5,
    0x9f, 0xff, 0xf0, 0x0, 0x0, 0xf, 0xff, 0xf9,
    0xbf, 0xff, 0xf0, 0x0, 0x0, 0xf, 0xff, 0xfb,
    0xbf, 0xff, 0xf0, 0x0, 0x0, 0xf, 0xff, 0xfb,
    0x9f, 0xff, 0xf0, 0x0, 0x0, 0xf, 0xff, 0xf9,
    0x5f, 0xff, 0xf1, 0x0, 0x0, 0x1f, 0xff, 0xf5,
    0xe, 0xff, 0xff, 0xff, 0xff, 0xff, 0xff, 0xd0,
    0x4, 0xff, 0xff, 0xff, 0xff, 0xff, 0xff, 0x40,
    0x0, 0x6f, 0xff, 0xff, 0xff, 0xff, 0xf6, 0x0,
    0x0, 0x4, 0xef, 0xff, 0xff, 0xfd, 0x40, 0x0,
    0x0, 0x0, 0x5, 0x9b, 0xb9, 0x50, 0x0, 0x0,

    /* U+F290 "" */
    0x0, 0x0, 0x2b, 0xff, 0xb2, 0x0, 0x0, 0x0,
    0x2, 0xef, 0xff, 0xfe, 0x20, 0x0, 0x0, 0xb,
    0xfb, 0x11, 0xbf, 0xb0, 0x0, 0x0, 0xf, 0xf2,
    0x0, 0x1f, 0xf0, 0x0, 0x0, 0xf, 0xf0, 0x0,
    0xf, 0xf0, 0x0, 0xff, 0xff, 0xff, 0xff, 0xff,
    0xff, 0xff, 0xff, 0xf9, 0x9f, 0xff, 0xf9, 0x9f,
    0xff, 0xff, 0xf9, 0x9f, 0xff, 0xf9, 0x9f, 0xff,
    0xff, 0xff, 0xff, 0xff, 0xff, 0xff, 0xff, 0xff,
    0xff, 0xff, 0xff, 0xff, 0xff, 0xff, 0xff, 0xff,
    0xff, 0xff, 0xff, 0xff, 0xff, 0xff, 0xff, 0xff,
    0xff, 0xff, 0xff, 0xff, 0xff, 0xff, 0xff, 0xff,
    0xff, 0xff, 0xff, 0xff, 0xff, 0xff, 0xff, 0xff,
    0xff, 0xff, 0xbf, 0xff, 0xff, 0xff, 0xff, 0xff,
    0xfb, 0x1b, 0xff, 0xff, 0xff, 0xff, 0xff, 0xb1,

    /* U+F291 "" */
    0x0, 0x0, 0x0, 0x0, 0x0, 0x0, 0x0, 0x0,
    0x0, 0x0, 0x0, 0x0, 0xcc, 0x0, 0xcc, 0x0,
    0x0, 0x0, 0x0, 0x0, 0x9, 0xfd, 0x0, 0xdf,
    0x90, 0x0, 0x0, 0x0, 0x0, 0x5f, 0xf2, 0x0,
    0x2f, 0xf5, 0x0, 0x0, 0x0, 0x2, 0xff, 0x60,
    0x0, 0x6, 0xff, 0x10, 0x0, 0x0, 0xc, 0xfa,
    0x0, 0x0, 0x0, 0xaf, 0xc0, 0x0, 0xdf, 0xff,
    0xff, 0xff, 0xff, 0xff, 0xff, 0xff, 0xfd, 0xdf,
    0xff, 0xff, 0xff, 0xff, 0xff, 0xff, 0xff, 0xfd,
    0xe, 0xff, 0xd1, 0xdf, 0x66, 0xfd, 0x1d, 0xff,
    0xe0, 0xc, 0xff, 0xc0, 0xcf, 0x44, 0xfc, 0xc,
    0xff, 0xc0, 0xa, 0xff, 0xc0, 0xcf, 0x44, 0xfc,
    0xc, 0xff, 0xa0, 0x8, 0xff, 0xc0, 0xcf, 0x44,
    0xfc, 0xc, 0xff, 0x80, 0x5, 0xff, 0xd1, 0xdf,
    0x66, 0xfd, 0x1d, 0xff, 0x50, 0x3, 0xff, 0xff,
    0xff, 0xff, 0xff, 0xff, 0xff, 0x30, 0x0, 0xbf,
    0xff, 0xff, 0xff, 0xff, 0xff, 0xfa, 0x0,

    /* U+F292 "" */
    0x0, 0x0, 0x6, 0xf8, 0x0, 0x4f, 0xa0, 0x0,
    0x0, 0x0, 0x9, 0xf7, 0x0, 0x7f, 0x80, 0x0,
    0x0, 0x0, 0xc, 0xf4, 0x0, 0xaf, 0x50, 0x0,
    0x0, 0xbf, 0xff, 0xff, 0xff, 0xff, 0xff, 0xe0,
    0x0, 0xdf, 0xff, 0xff, 0xff, 0xff, 0xff, 0xc0,
    0x0, 0x0, 0x5f, 0xb0, 0x3, 0xfd, 0x0, 0x0,
    0x0, 0x0, 0x7f, 0x80, 0x5, 0xfa, 0x0, 0x0,
    0x0, 0x0, 0xaf, 0x50, 0x8, 0xf7, 0x0, 0x0,
    0x0, 0x0, 0xdf, 0x20, 0xb, 0xf4, 0x0, 0x0,
    0xc, 0xff, 0xff, 0xff, 0xff, 0xff, 0xfd, 0x0,
    0xe, 0xff, 0xff, 0xff, 0xff, 0xff, 0xfb, 0x0,
    0x0, 0x6, 0xfa, 0x0, 0x4f, 0xc0, 0x0, 0x0,
    0x0, 0x8, 0xf7, 0x0, 0x7f, 0x90, 0x0, 0x0,
    0x0, 0xa, 0xf4, 0x0, 0x8f, 0x60, 0x0, 0x0,

    /* U+F293 "" */
    0x0, 0x18, 0xdf, 0xfd, 0x92, 0x0, 0x2, 0xef,
    0xfb, 0xef, 0xff, 0x40, 0xd, 0xff, 0xfa, 0x2e,
    0xff, 0xe0, 0x4f, 0xff, 0xfa, 0x3, 0xff, 0xf5,
    0x9f, 0xfa, 0xfa, 0x35, 0x4f, 0xfa, 0xcf, 0xc0,
    0x8a, 0x3d, 0xb, 0xfd, 0xef, 0xfb, 0x3, 0x11,
    0x8f, 0xfe, 0xff, 0xff, 0xb0, 0x6, 0xff, 0xff,
    0xff, 0xff, 0xd1, 0x8, 0xff, 0xff, 0xef, 0xfd,
    0x11, 0x10, 0x9f, 0xff, 0xdf, 0xd1, 0x59, 0x3b,
    0xb, 0xfd, 0xaf, 0xd6, 0xfa, 0x37, 0x1d, 0xfb,
    0x5f, 0xff, 0xfa, 0x1, 0xdf, 0xf7, 0xd, 0xff,
    0xfa, 0x1d, 0xff, 0xf1, 0x3, 0xef, 0xfc, 0xdf,
    0xff, 0x50, 0x0, 0x18, 0xdf, 0xfe, 0xa3, 0x0,

    /* U+F294 "" */
    0x0, 0x0, 0x51, 0x0, 0x0, 0x0, 0x0, 0x7d,
    0x10, 0x0, 0x0, 0x0, 0x7f, 0xc0, 0x0, 0x0,
    0x0, 0x7f, 0xdc, 0x0, 0xc, 0x90, 0x7e, 0x1d,
    0xb0, 0x5, 0xf9, 0x7e, 0x2e, 0x90, 0x0, 0x5f,
    0xef, 0xea, 0x0, 0x0, 0x5, 0xff, 0xb0, 0x0,
    0x0, 0x2, 0xff, 0x90, 0x0, 0x0, 0x2e, 0xff,
    0xf8, 0x0, 0x2, 0xec, 0x8e, 0x5f, 0x70, 0xd,
    0xc1, 0x6e, 0xc, 0xe1, 0x2, 0x10, 0x6e, 0xae,
    0x30, 0x0, 0x0, 0x6f, 0xe3, 0x0, 0x0, 0x0,
    0x6e, 0x30, 0x0, 0x0, 0x0, 0x43, 0x0, 0x0,

    /* U+F295 "" */
    0x0, 0x5d, 0xfd, 0x50, 0x0, 0x0, 0x7f, 0xd0,
    0x5, 0xff, 0xff, 0xf5, 0x0, 0x4, 0xff, 0x90,
    0xd, 0xf7, 0x7, 0xfd, 0x0, 0x2e, 0xfc, 0x0,
    0xf, 0xf0, 0x0, 0xff, 0x0, 0xdf, 0xe1, 0x0,
    0xd, 0xf7, 0x7, 0xfd, 0xa, 0xff, 0x40, 0x0,
    0x5, 0xff, 0xff, 0xf5, 0x7f, 0xf7, 0x0, 0x0,
    0x0, 0x5d, 0xfd, 0x54, 0xff, 0xa0, 0x0, 0x0,
    0x0, 0x0, 0x0, 0x1e, 0xfd, 0x0, 0x0, 0x0,
    0x0, 0x0, 0x0, 0xcf, 0xf2, 0x0, 0x0, 0x0,
    0x0, 0x0, 0xa, 0xff, 0x45, 0xdf, 0xd5, 0x0,
    0x0, 0x0, 0x6f, 0xf8, 0x5f, 0xff, 0xff, 0x50,
    0x0, 0x3, 0xff, 0xb0, 0xdf, 0x70, 0x7f, 0xd0,
    0x0, 0x1e, 0xfd, 0x10, 0xff, 0x0, 0xf, 0xf0,
    0x0, 0xcf, 0xf2, 0x0, 0xdf, 0x70, 0x7f, 0xd0,
    0x9, 0xff, 0x50, 0x0, 0x5f, 0xff, 0xff, 0x50,
    0xd, 0xf8, 0x0, 0x0, 0x5, 0xdf, 0xd5, 0x0,

    /* U+F296 "" */
    0x0, 0x3, 0x20, 0x0, 0x0, 0x0, 0x2, 0x30,
    0x0, 0x0, 0x9, 0x90, 0x0, 0x0, 0x0, 0x9,
    0x90, 0x0, 0x0, 0xe, 0xe0, 0x0, 0x0, 0x0,
    0xe, 0xe0, 0x0, 0x0, 0x4f, 0xf3, 0x0, 0x0,
    0x0, 0x3f, 0xf3, 0x0, 0x0, 0x9f, 0xf8, 0x0,
    0x0, 0x0, 0x8f, 0xf9, 0x0, 0x0, 0xef, 0xfe,
    0x0, 0x0, 0x0, 0xef, 0xfe, 0x0, 0x3, 0x50,
    0x0, 0xcf, 0xff, 0xfb, 0x0, 0x5, 0x30, 0x8,
    0xe1, 0x0, 0x7f, 0xff, 0xf7, 0x0, 0x2e, 0x80,
    0xd, 0xfc, 0x0, 0x2f, 0xff, 0xf2, 0x0, 0xcf,
    0xd0, 0xa, 0xff, 0x90, 0xd, 0xff, 0xd0, 0x9,
    0xff, 0xa0, 0x0, 0x6f, 0xf5, 0x8, 0xff, 0x80,
    0x5f, 0xf6, 0x0, 0x0, 0x2, 0xdf, 0x23, 0xff,
    0x32, 0xfd, 0x20, 0x0, 0x0, 0x0, 0xa, 0xd0,
    0xdd, 0xd, 0xa0, 0x0, 0x0, 0x0, 0x0, 0x0,
    0x69, 0x88, 0x96, 0x0, 0x0, 0x0, 0x0, 0x0,
    0x0, 0x2, 0x77, 0x20, 0x0, 0x0, 0x0, 0x0,
    0x0, 0x0, 0x0, 0x0, 0x0, 0x0, 0x0, 0x0,

    /* U+F297 "" */
    0x0, 0x0, 0x39, 0xdf, 0xfd, 0x93, 0x0, 0x0,
    0x0, 0x9, 0xff, 0xff, 0xff, 0xff, 0x90, 0x0,
    0x0, 0xbf, 0xff, 0xff, 0xff, 0xff, 0xfb, 0x0,
    0x6, 0xff, 0xff, 0xff, 0xff, 0xff, 0xff, 0x70,
    0xe, 0xff, 0xae, 0xaa, 0xaa, 0xaf, 0xff, 0xe0,
    0x1f, 0xfe, 0xc, 0x0, 0x0, 0xe, 0xff, 0xf2,
    0x2f, 0xff, 0x8e, 0x88, 0x88, 0x8f, 0xff, 0xf3,
    0xf, 0xff, 0xec, 0xff, 0xff, 0xff, 0xff, 0xf0,
    0xa, 0xff, 0xf6, 0x49, 0xba, 0xbf, 0xff, 0xa0,
    0xa, 0xff, 0xff, 0xd9, 0x78, 0xdf, 0xff, 0xb0,
    0xf, 0xff, 0xff, 0xff, 0xff, 0xff, 0xff, 0xf0,
    0xf, 0xff, 0xff, 0xff, 0xff, 0xff, 0xff, 0xf0,
    0x8, 0xff, 0xff, 0xf9, 0x9f, 0xff, 0xff, 0x90,
    0x0, 0x7d, 0xfd, 0x60, 0x6, 0xdf, 0xd7, 0x0,

    /* U+F298 "" */
    0x9f, 0xff, 0xff, 0xff, 0xff, 0xff, 0xf9, 0xf5,
    0xac, 0x32, 0xae, 0x42, 0x8c, 0x6f, 0xf2, 0x5,
    0xcb, 0x83, 0xcb, 0x80, 0x2f, 0xf2, 0x0, 0x14,
    0x0, 0x13, 0x0, 0x2f, 0xf2, 0x13, 0x20, 0x33,
    0x33, 0x32, 0x2f, 0xf2, 0x5f, 0xe4, 0xff, 0xff,
    0xfc, 0x2f, 0xf2, 0x0, 0x0, 0x0, 0x0, 0x0,
    0x2f, 0xf2, 0x5f, 0xd4, 0xff, 0xff, 0xfc, 0x2f,
    0xf2, 0x13, 0x31, 0x33, 0x33, 0x33, 0x2f, 0xf2,
    0x0, 0x0, 0x0, 0x15, 0x54, 0x2f, 0xf2, 0x0,
    0x0, 0x0, 0x3d, 0xda, 0x2f, 0xf2, 0x0, 0x0,
    0x0, 0x0, 0x0, 0x2f, 0xf4, 0x22, 0x22, 0x22,
    0x22, 0x22, 0x4f, 0x9f, 0xff, 0xff, 0xff, 0xff,
    0xff, 0xf9,

    /* U+F299 "" */
    0xde, 0xeb, 0x95, 0x10, 0x0, 0x0, 0x0, 0x9f,
    0xaf, 0xff, 0xfb, 0x20, 0x0, 0x0, 0x5f, 0xe5,
    0xcf, 0xff, 0xf6, 0x0, 0x0, 0x1f, 0xfe, 0x2c,
    0xff, 0xff, 0x50, 0x0, 0xd, 0xff, 0xa2, 0xff,
    0xff, 0xf1, 0x0, 0x9, 0xff, 0xf2, 0x7f, 0xff,
    0xf6, 0x0, 0x5, 0xff, 0xfb, 0xe, 0xff, 0xf9,
    0x0, 0x0, 0xff, 0xff, 0x56, 0xff, 0xfc, 0x0,
    0x0, 0x8f, 0xff, 0xf2, 0xcf, 0xfc, 0x0, 0x0,
    0xc, 0xff, 0xfd, 0x3e, 0xfb, 0x0, 0x0, 0x1,
    0xcf, 0xff, 0xe9, 0xe9, 0x0, 0x0, 0x0, 0x6,
    0xcf, 0xff, 0xd9, 0x0, 0x0, 0x0, 0x0, 0x0,
    0x10, 0x5, 0x70, 0x0, 0x0, 0x0, 0x0, 0x0,
    0x0, 0x57,

    /* U+F29A "" */
    0x0, 0x0, 0x5, 0x9b, 0xb9, 0x50, 0x0, 0x0,
    0x0, 0x4, 0xef, 0xb8, 0x8b, 0xfd, 0x40, 0x0,
    0x0, 0x6f, 0x98, 0xcf, 0xfc, 0x89, 0xf6, 0x0,
    0x4, 0xf7, 0xdf, 0xf8, 0x9f, 0xfc, 0x7f, 0x40,
    0xe, 0x9d, 0xff, 0xe0, 0xf, 0xff, 0xc9, 0xd0,
    0x5f, 0x8f, 0x8a, 0xd8, 0x8d, 0xa8, 0xf7, 0xf4,
    0x9a, 0xcf, 0x84, 0x10, 0x1, 0x48, 0xfc, 0xb9,
    0xb8, 0xff, 0xff, 0xd0, 0xe, 0xff, 0xfe, 0x9a,
    0xb8, 0xff, 0xff, 0xc0, 0xd, 0xff, 0xff, 0x8b,
    0x9a, 0xdf, 0xff, 0xb0, 0xb, 0xff, 0xfc, 0xb9,
    0x5e, 0x8f, 0xff, 0x85, 0x49, 0xff, 0xf8, 0xf5,
    0xe, 0x8e, 0xff, 0x39, 0x93, 0xff, 0xd8, 0xe0,
    0x5, 0xf7, 0xef, 0x8f, 0xe9, 0xfd, 0x7f, 0x50,
    0x0, 0x8f, 0x89, 0xef, 0xfe, 0x98, 0xf8, 0x0,
    0x0, 0x6, 0xfe, 0x98, 0x89, 0xee, 0x60, 0x0,
    0x0, 0x0, 0x17, 0xbd, 0xdb, 0x61, 0x0, 0x0,

    /* U+F29D "" */
    0x1, 0xdd, 0x10, 0x0, 0x0, 0x0, 0x5, 0xff,
    0x50, 0x0, 0x0, 0x0, 0x0, 0x99, 0x0, 0x0,
    0x0, 0x0, 0x4, 0xff, 0x40, 0x0, 0x0, 0x0,
    0x1e, 0xff, 0xe2, 0x0, 0x0, 0x0, 0xcf, 0xfc,
    0xfc, 0x0, 0x0, 0x0, 0xf8, 0xff, 0x8f, 0xa0,
    0x0, 0x0, 0xf8, 0xff, 0x48, 0xf6, 0x0, 0x0,
    0xf7, 0xff, 0x40, 0xbe, 0x0, 0x0, 0x51, 0xff,
    0x30, 0x4, 0x40, 0x0, 0x2, 0xfe, 0x80, 0x0,
    0x90, 0x0, 0x8, 0xfb, 0xf2, 0x0, 0x27, 0x0,
    0xe, 0xfa, 0xf9, 0x0, 0x7, 0x10, 0x4f, 0xd3,
    0xfe, 0x0, 0x0, 0x80, 0x9f, 0x70, 0xcf, 0x50,
    0x0, 0x44, 0x8e, 0x10, 0x4f, 0x40, 0x0, 0x8,
    0x0, 0x0, 0x0, 0x0, 0x0, 0x0,

    /* U+F29E "" */
    0x8f, 0xff, 0xff, 0xff, 0xff, 0xff, 0xff, 0xf8,
    0xff, 0xff, 0xff, 0xff, 0xff, 0xff, 0xff, 0xff,
    0xff, 0xff, 0xff, 0xff, 0xff, 0xff, 0xff, 0xff,
    0xff, 0xff, 0x11, 0xff, 0x30, 0x3, 0xbf, 0xff,
    0xff, 0xfa, 0x0, 0xbf, 0x30, 0x40, 0xe, 0xff,
    0xff, 0xf4, 0x21, 0x5f, 0x31, 0xfa, 0x9, 0xff,
    0xff, 0xe0, 0x21, 0xf, 0x31, 0xfc, 0xa, 0xff,
    0xff, 0x90, 0x32, 0xa, 0x30, 0xb4, 0xe, 0xff,
    0xff, 0x51, 0xff, 0x6, 0x30, 0x3, 0xcf, 0xff,
    0xff, 0xff, 0xff, 0xff, 0xff, 0xff, 0xff, 0xff,
    0xff, 0xff, 0xff, 0xff, 0xff, 0xff, 0xff, 0xff,
    0x8f, 0xff, 0xff, 0xff, 0xff, 0xff, 0xff, 0xf8,

    /* U+F2A0 "" */
    0x0, 0x0, 0x0, 0x0, 0x0, 0x0, 0x0, 0x0,
    0x0, 0x0, 0x0, 0x2, 0xc0, 0x0, 0x4, 0xe6,
    0x0, 0x5, 0x2a, 0x70, 0x1, 0xff, 0xfb, 0x1,
    0x7a, 0x3c, 0x0, 0xbf, 0xff, 0xb1, 0xe1, 0xe0,
    0xf0, 0x3f, 0xff, 0xf5, 0x1e, 0x1e, 0xf, 0x8,
    0xfe, 0xcc, 0x0, 0x17, 0xa3, 0xc0, 0xcf, 0x60,
    0x0, 0x0, 0x52, 0xa7, 0xf, 0xf3, 0x0, 0x0,
    0x0, 0x2c, 0x0, 0xff, 0x20, 0x0, 0x0, 0x0,
    0x0, 0xf, 0xf3, 0x0, 0x0, 0x0, 0x0, 0x0,
    0xcf, 0x60, 0x0, 0x0, 0x0, 0x0, 0x8, 0xfe,
    0xcc, 0x0, 0x0, 0x0, 0x0, 0x3f, 0xff, 0xf5,
    0x0, 0x0, 0x0, 0x0, 0xbf, 0xff, 0xb0, 0x0,
    0x0, 0x0, 0x2, 0xff, 0xfb, 0x0, 0x0, 0x0,
    0x0, 0x4, 0xe6, 0x0, 0x0, 0x0, 0x0,

    /* U+F2A1 "" */
    0x4e, 0xe4, 0x4, 0xee, 0x40, 0x0, 0x4e, 0xe4,
    0x0, 0x0, 0xef, 0xfe, 0xe, 0xff, 0xe0, 0x0,
    0xef, 0xfe, 0x0, 0xcc, 0xef, 0xfe, 0xe, 0xff,
    0xe0, 0x0, 0xef, 0xfe, 0x0, 0xcc, 0x4e, 0xe4,
    0x4, 0xee, 0x40, 0x0, 0x4e, 0xe4, 0x0, 0x0,
    0x0, 0x0, 0x0, 0x0, 0x0, 0x0, 0x0, 0x0,
    0x0, 0x0, 0x4e, 0xe4, 0x0, 0x0, 0x0, 0x0,
    0x0, 0x0, 0x0, 0x0, 0xef, 0xfe, 0x0, 0xcc,
    0x0, 0x0, 0xc, 0xc0, 0x0, 0xcc, 0xef, 0xfe,
    0x0, 0xcc, 0x0, 0x0, 0xc, 0xc0, 0x0, 0xcc,
    0x4e, 0xe4, 0x0, 0x0, 0x0, 0x0, 0x0, 0x0,
    0x0, 0x0, 0x0, 0x0, 0x0, 0x0, 0x0, 0x0,
    0x0, 0x0, 0x0, 0x0, 0x0, 0x0, 0x0, 0x0,
    0x0, 0x0, 0x0, 0x0, 0x0, 0x0, 0xc, 0xc0,
    0x0, 0xcc, 0x0, 0x0, 0xc, 0xc0, 0x0, 0xcc,
    0xc, 0xc0, 0x0, 0xcc, 0x0, 0x0, 0xc, 0xc0,
    0x0, 0xcc,

    /* U+F2A2 "" */
    0x0, 0x0, 0x0, 0x0, 0x1, 0x10, 0x0, 0x0,
    0x0, 0x0, 0x0, 0x0, 0xc, 0xf9, 0x10, 0x0,
    0x0, 0x0, 0x0, 0x0, 0x5, 0xdf, 0xe3, 0x0,
    0x0, 0x0, 0x3, 0x79, 0x73, 0x7, 0xfe, 0x20,
    0x0, 0x0, 0xaf, 0xff, 0xff, 0xa0, 0x6f, 0xc0,
    0x0, 0xc, 0xfb, 0x42, 0x4c, 0xfb, 0xb, 0xf4,
    0x0, 0x6f, 0xa0, 0x58, 0x50, 0xaf, 0x63, 0xfa,
    0x0, 0xcf, 0x18, 0xff, 0xf8, 0x1f, 0xc0, 0xee,
    0x0, 0xfc, 0xe, 0xe4, 0xee, 0xc, 0xf0, 0xcf,
    0x0, 0x85, 0x8, 0x50, 0x58, 0xd, 0xe0, 0x58,
    0x0, 0x0, 0x0, 0x0, 0x0, 0x3f, 0xb0, 0x0,
    0x0, 0x0, 0xcc, 0x0, 0x2, 0xef, 0x40, 0x0,
    0x1, 0x70, 0xcc, 0x0, 0xc, 0xf6, 0x0, 0x0,
    0x7, 0xf8, 0x0, 0x0, 0xf, 0xc0, 0x0, 0x0,
    0x0, 0x9f, 0x70, 0x0, 0x5f, 0x90, 0x0, 0x0,
    0xcc, 0x7, 0x10, 0x3c, 0xff, 0x20, 0x0, 0x0,
    0xcc, 0x0, 0x0, 0x4e, 0xc3, 0x0, 0x0, 0x0,

    /* U+F2A3 "" */
    0x0, 0x0, 0x0, 0x39, 0x0, 0x0, 0x0, 0x0,
    0x0, 0x0, 0x0, 0x0, 0x0, 0x2, 0xff, 0x10,
    0x0, 0x0, 0x0, 0x0, 0x0, 0x0, 0x0, 0x0,
    0xc, 0xfb, 0xce, 0x0, 0x0, 0x0, 0x0, 0x0,
    0x0, 0x0, 0x0, 0x4f, 0xff, 0xe9, 0x0, 0x0,
    0x0, 0x0, 0x0, 0x0, 0x0, 0x0, 0x8f, 0xff,
    0xee, 0x90, 0x3, 0x31, 0x6, 0xdb, 0x0, 0x0,
    0x0, 0xef, 0xff, 0xed, 0xf5, 0xef, 0xff, 0xff,
    0xff, 0x30, 0x0, 0x7, 0xff, 0xff, 0xfc, 0x2b,
    0xf8, 0xbf, 0xff, 0xff, 0xb0, 0x0, 0x6f, 0xff,
    0xfc, 0x9f, 0xa8, 0x80, 0x2f, 0xff, 0xff, 0xb0,
    0xd, 0xff, 0xff, 0xf3, 0x9, 0x8b, 0xf7, 0xbf,
    0xff, 0xe4, 0x0, 0xa, 0xff, 0xff, 0xfc, 0x9f,
    0xb3, 0xbf, 0xff, 0xff, 0x60, 0x0, 0x2, 0xff,
    0xfe, 0xff, 0xfd, 0x5f, 0xee, 0xff, 0xfd, 0x0,
    0x0, 0x0, 0x9b, 0x40, 0x1, 0x10, 0x7, 0xcd,
    0xff, 0xf7, 0x0, 0x0, 0x0, 0x0, 0x0, 0x0,
    0x0, 0x0, 0xbf, 0xff, 0xf3, 0x0, 0x0, 0x0,
    0x0, 0x0, 0x0, 0x0, 0x0, 0xca, 0xaf, 0xb0,
    0x0, 0x0, 0x0, 0x0, 0x0, 0x0, 0x0, 0x0,
    0x1, 0xfe, 0x10, 0x0, 0x0, 0x0, 0x0, 0x0,
    0x0, 0x0, 0x0, 0x0, 0x72, 0x0, 0x0, 0x0,

    /* U+F2A4 "" */
    0x0, 0x0, 0x0, 0x0, 0x0, 0x0, 0x0, 0x0,
    0x0, 0x0, 0x0, 0x0, 0x0, 0x0, 0x0, 0x0,
    0x1c, 0x60, 0x0, 0x0, 0x0, 0x0, 0x0, 0x0,
    0x1, 0xdf, 0xc0, 0x0, 0x0, 0x0, 0x37, 0x97,
    0x30, 0x1d, 0xfd, 0x10, 0x0, 0x0, 0xa, 0xff,
    0xff, 0xfa, 0x3e, 0xd1, 0x0, 0x0, 0x0, 0xcf,
    0xb4, 0x24, 0xcf, 0xb2, 0x10, 0x0, 0x0, 0x6,
    0xfa, 0x5, 0x85, 0xa, 0xf6, 0x0, 0x0, 0x0,
    0xc, 0xf1, 0x8f, 0xff, 0x81, 0xfc, 0x0, 0x0,
    0x0, 0xf, 0xc0, 0xee, 0x4e, 0xe0, 0xcf, 0x0,
    0x0, 0x0, 0x8, 0x50, 0x85, 0x5, 0x80, 0xde,
    0x0, 0x0, 0x0, 0x0, 0x1, 0x10, 0x0, 0x3,
    0xfb, 0x0, 0x0, 0x0, 0x0, 0x1d, 0xd1, 0x0,
    0x2e, 0xf4, 0x0, 0x0, 0x0, 0x1, 0xdf, 0xd1,
    0x0, 0xcf, 0x60, 0x0, 0x0, 0x0, 0x1d, 0xfd,
    0x10, 0x0, 0xfc, 0x0, 0x0, 0x0, 0x1, 0xdf,
    0xd1, 0x0, 0x5, 0xf9, 0x0, 0x0, 0x0, 0xc,
    0xfd, 0x10, 0x3, 0xcf, 0xf2, 0x0, 0x0, 0x0,
    0x6, 0xc1, 0x0, 0x4, 0xec, 0x30, 0x0, 0x0,
    0x0,

    /* U+F2A5 "" */
    0x8f, 0xff, 0xff, 0xff, 0xff, 0xff, 0xf8, 0xff,
    0xff, 0xff, 0xff, 0xff, 0xff, 0xff, 0xff, 0xff,
    0xfb, 0x20, 0x3e, 0xff, 0xff, 0xff, 0xff, 0xc0,
    0x4b, 0x8, 0xff, 0xff, 0xff, 0xff, 0x50, 0xec,
    0x8, 0xff, 0xff, 0xff, 0xff, 0x11, 0xf9, 0xb,
    0xff, 0xff, 0xff, 0xff, 0x20, 0xf5, 0x6, 0x18,
    0xff, 0xff, 0xff, 0x80, 0x20, 0x6, 0xaa, 0xff,
    0xff, 0xff, 0xea, 0x70, 0x5f, 0xff, 0xff, 0xff,
    0xff, 0x14, 0xb0, 0xaf, 0xff, 0xff, 0xff, 0xff,
    0x9, 0x32, 0xff, 0xff, 0xff, 0xff, 0xff, 0x70,
    0x4d, 0xff, 0xff, 0xff, 0xff, 0xff, 0xff, 0xff,
    0xff, 0xff, 0xff, 0x8f, 0xff, 0xff, 0xff, 0xff,
    0xff, 0xf8,

    /* U+F2A6 "" */
    0x0, 0x7, 0xdf, 0xea, 0x10, 0x0, 0x0, 0x1c,
    0xff, 0xdf, 0xfb, 0x0, 0x0, 0xb, 0xff, 0x60,
    0x9f, 0xf0, 0x0, 0x3, 0xff, 0xb0, 0xb, 0xff,
    0x0, 0x0, 0x9f, 0xf5, 0x0, 0xef, 0xd0, 0x0,
    0xb, 0xff, 0x30, 0x1f, 0xfa, 0x0, 0x0, 0xcf,
    0xf3, 0x5, 0xff, 0x74, 0x99, 0x9, 0xff, 0x90,
    0x8f, 0xfd, 0xff, 0xf8, 0x2f, 0xff, 0xdf, 0xff,
    0xe8, 0x55, 0x70, 0x4d, 0xff, 0xff, 0xd0, 0x0,
    0x0, 0x2, 0x2, 0x5f, 0xf9, 0x0, 0x0, 0x6,
    0xff, 0x35, 0xff, 0x50, 0x0, 0x0, 0xdf, 0x70,
    0xaf, 0xe0, 0x0, 0x0, 0xf, 0xf1, 0x3f, 0xf6,
    0x0, 0x0, 0x0, 0xbf, 0xef, 0xfa, 0x0, 0x0,
    0x0, 0x1, 0xbf, 0xe7, 0x0, 0x0, 0x0, 0x0,

    /* U+F2A7 "" */
    0x0, 0x0, 0x0, 0x0, 0x0, 0x0, 0x0, 0x0,
    0x0, 0x0, 0x26, 0x5e, 0x30, 0x0, 0x0, 0x0,
    0x0, 0x8, 0xfb, 0xfe, 0x10, 0x0, 0x0, 0x0,
    0x3, 0x9e, 0xfc, 0xfb, 0x4, 0x70, 0x0, 0x0,
    0x8f, 0xcf, 0xed, 0xf8, 0xbf, 0x0, 0x0, 0x1,
    0xdf, 0xcf, 0xdf, 0xfe, 0xf1, 0x0, 0x0, 0x9b,
    0xce, 0xef, 0xff, 0xff, 0x10, 0x0, 0xc, 0xdd,
    0xcc, 0xff, 0xff, 0xf2, 0x0, 0x0, 0x2d, 0xcf,
    0xeb, 0xff, 0xff, 0x20, 0x6b, 0xbb, 0xbb, 0xff,
    0xfb, 0xef, 0xe1, 0xc, 0xff, 0xff, 0xff, 0xff,
    0xfb, 0xd2, 0x6, 0xbd, 0xdd, 0xdf, 0xff, 0xff,
    0xa0, 0x0, 0xaf, 0xff, 0xff, 0xff, 0xff, 0xfa,
    0x0, 0x0, 0x8d, 0xdd, 0xdf, 0xff, 0xff, 0xa0,
    0x0, 0xc, 0xff, 0xff, 0xff, 0xff, 0xfa, 0x0,
    0x0, 0x0, 0x9d, 0xdf, 0xff, 0xff, 0x80, 0x0,
    0x0, 0xb, 0xff, 0xff, 0xd9, 0x50, 0x0, 0x0,

    /* U+F2A8 "" */
    0x0, 0x0, 0x8b, 0x0, 0x0, 0x0, 0x0, 0x0,
    0x0, 0x0, 0x0, 0xd, 0xf9, 0x0, 0x0, 0x0,
    0x0, 0x0, 0x0, 0x0, 0x0, 0x3f, 0xf7, 0x89,
    0x98, 0x50, 0x0, 0x0, 0x0, 0x0, 0x1, 0xcf,
    0xff, 0xee, 0xff, 0xf9, 0x10, 0x0, 0x0, 0x5,
    0xff, 0xdf, 0xb1, 0x12, 0xbf, 0xfe, 0x30, 0x0,
    0x5, 0xff, 0x61, 0xef, 0xfb, 0x10, 0xaf, 0xff,
    0x50, 0x3, 0xfe, 0xfe, 0x15, 0xff, 0x30, 0x1,
    0xff, 0xff, 0x20, 0xce, 0x1b, 0xfa, 0xa, 0xfa,
    0x29, 0x2d, 0xff, 0xfc, 0xe, 0xf4, 0x1f, 0xf6,
    0xe, 0xff, 0xf2, 0xcf, 0xff, 0xe0, 0x5f, 0xe1,
    0x5f, 0xf2, 0x3f, 0xfe, 0xf, 0xff, 0xf5, 0x0,
    0x8f, 0xa0, 0xaf, 0xc0, 0x8f, 0xd8, 0xff, 0xf9,
    0x0, 0x0, 0x8f, 0x51, 0xef, 0x70, 0xcf, 0xff,
    0xf8, 0x0, 0x0, 0x0, 0x3b, 0x14, 0xff, 0x32,
    0xff, 0xd4, 0x0, 0x0, 0x0, 0x0, 0x1, 0x8,
    0xda, 0x6, 0xfe, 0x10, 0x0, 0x0, 0x0, 0x0,
    0x0, 0x0, 0x0, 0xb, 0xfb, 0x0, 0x0, 0x0,
    0x0, 0x0, 0x0, 0x0, 0x0, 0x1e, 0xb0, 0x0,
    0x0, 0x0, 0x0, 0x0, 0x0, 0x0, 0x0, 0x0,
    0x0, 0x0,

    /* U+F2A9 "" */
    0x0, 0x0, 0x0, 0x3, 0x0, 0x0, 0x2, 0x0,
    0x0, 0x0, 0x0, 0x16, 0x0, 0x3, 0xd5, 0x0,
    0x0, 0x0, 0x0, 0x60, 0x4c, 0xff, 0x90, 0x0,
    0x0, 0x0, 0x1, 0x5f, 0xff, 0xd9, 0x0, 0x0,
    0x26, 0x87, 0x27, 0xff, 0xcf, 0x70, 0x0, 0x9f,
    0xfe, 0xf3, 0x49, 0xcf, 0xf1, 0x0, 0xbf, 0x60,
    0x0, 0x6, 0x3c, 0xc4, 0x0, 0x6f, 0x40, 0x0,
    0x0, 0x90, 0x0, 0x0, 0xc, 0xa0, 0x0, 0x0,
    0xb, 0x4c, 0x0, 0x0, 0xf6, 0x0, 0x0, 0x0,
    0xc4, 0xf2, 0x0, 0xf, 0x50, 0x0, 0x0, 0x2a,
    0x3f, 0x20, 0x0, 0xe7, 0x0, 0x0, 0x7, 0x56,
    0xf0, 0x0, 0x9, 0xd0, 0x0, 0x0, 0xa0, 0xcb,
    0x0, 0x0, 0x1e, 0xa0, 0x0, 0x81, 0x9f, 0x30,
    0x0, 0x0, 0x4f, 0xd8, 0xb8, 0xdf, 0x50, 0x0,
    0x0, 0x0, 0x29, 0xef, 0xea, 0x20, 0x0, 0x0,

    /* U+F2AA "" */
    0x8f, 0xff, 0xff, 0xff, 0xff, 0xff, 0xf8, 0xff,
    0xff, 0xff, 0xff, 0xff, 0xff, 0xff, 0xff, 0xff,
    0xff, 0xfe, 0xff, 0xaf, 0xff, 0xff, 0xff, 0xff,
    0xfc, 0xd5, 0xc, 0xff, 0xff, 0xff, 0xfe, 0xde,
    0x30, 0xc, 0xff, 0xff, 0xfe, 0x42, 0x4b, 0x71,
    0x2f, 0xff, 0xff, 0xf4, 0x9f, 0xff, 0xac, 0xef,
    0xff, 0xff, 0xd3, 0xff, 0xfd, 0x76, 0xff, 0xff,
    0xff, 0xb5, 0xff, 0xfa, 0xa4, 0xff, 0xff, 0xff,
    0xe2, 0xff, 0xf8, 0xa7, 0xff, 0xff, 0xff, 0xf6,
    0x6f, 0xba, 0x2e, 0xff, 0xff, 0xff, 0xff, 0x72,
    0x13, 0xcf, 0xff, 0xff, 0xff, 0xff, 0xff, 0xff,
    0xff, 0xff, 0xff, 0x8f, 0xff, 0xff, 0xff, 0xff,
    0xff, 0xf8,

    /* U+F2AB "" */
    0x0, 0x0, 0x16, 0xab, 0xa8, 0x30, 0x0, 0x0,
    0x0, 0x7, 0xff, 0xff, 0xff, 0xfc, 0x20, 0x0,
    0x0, 0xaf, 0xff, 0xff, 0xff, 0xff, 0xe3, 0x0,
    0x8, 0xff, 0xfd, 0x40, 0x18, 0xff, 0xfe, 0x10,
    0x2f, 0xff, 0xf2, 0x0, 0x0, 0xaf, 0xff, 0xa0,
    0x9f, 0xff, 0xe0, 0x0, 0x0, 0x5f, 0xff, 0xf1,
    0xdf, 0xff, 0xe0, 0x0, 0x0, 0x5f, 0xff, 0xf5,
    0xff, 0xfb, 0x10, 0x0, 0x0, 0x3, 0xff, 0xf7,
    0xff, 0xff, 0xb0, 0x0, 0x0, 0x3f, 0xff, 0xf7,
    0xdf, 0xff, 0x40, 0x0, 0x0, 0xb, 0xff, 0xf5,
    0x9f, 0xb2, 0x0, 0x0, 0x0, 0x0, 0x5f, 0xf1,
    0x2f, 0xfa, 0x0, 0x0, 0x0, 0x4, 0xcf, 0xa0,
    0x8, 0xff, 0xfe, 0x60, 0x2a, 0xff, 0xfe, 0x10,
    0x0, 0xaf, 0xff, 0xff, 0xff, 0xff, 0xe3, 0x0,
    0x0, 0x7, 0xff, 0xff, 0xff, 0xfc, 0x20, 0x0,
    0x0, 0x0, 0x16, 0xab, 0xa8, 0x30, 0x0, 0x0,

    /* U+F2AC "" */
    0x0, 0x0, 0x0, 0x4, 0x42, 0x0, 0x0, 0x0,
    0x0, 0x0, 0x0, 0x8f, 0xff, 0xfb, 0x10, 0x0,
    0x0, 0x0, 0x0, 0x7f, 0xff, 0xff, 0xfc, 0x0,
    0x0, 0x0, 0x0, 0xf, 0xff, 0xff, 0xff, 0xf5,
    0x0, 0x0, 0x0, 0x3, 0xff, 0xff, 0xff, 0xff,
    0x70, 0x0, 0x0, 0x0, 0x3f, 0xff, 0xff, 0xff,
    0xf8, 0x0, 0x0, 0x0, 0x34, 0xff, 0xff, 0xff,
    0xff, 0x84, 0x0, 0x0, 0x1f, 0xff, 0xff, 0xff,
    0xff, 0xff, 0xf5, 0x0, 0x0, 0x19, 0xff, 0xff,
    0xff, 0xff, 0xc2, 0x0, 0x0, 0x0, 0x8f, 0xff,
    0xff, 0xff, 0xfc, 0x0, 0x0, 0x0, 0x3f, 0xff,
    0xff, 0xff, 0xff, 0xf7, 0x0, 0x0, 0x6f, 0xff,
    0xff, 0xff, 0xff, 0xff, 0xf9, 0x20, 0xaf, 0xff,
    0xff, 0xff, 0xff, 0xff, 0xff, 0xfe, 0x0, 0x2b,
    0xff, 0xff, 0xff, 0xff, 0xff, 0xf3, 0x0, 0x0,
    0x24, 0x4a, 0xff, 0xff, 0xd5, 0x44, 0x0, 0x0,
    0x0, 0x0, 0x4, 0xaa, 0x60, 0x0, 0x0, 0x0,

    /* U+F2AD "" */
    0x8f, 0xff, 0xff, 0xff, 0xff, 0xff, 0xf8, 0xff,
    0xff, 0xff, 0xff, 0xff, 0xff, 0xff, 0xff, 0xff,
    0xf6, 0x0, 0x6f, 0xff, 0xff, 0xff, 0xff, 0x60,
    0x0, 0x6, 0xff, 0xff, 0xff, 0xff, 0x20, 0x0,
    0x1, 0xff, 0xff, 0xff, 0xff, 0x20, 0x0, 0x1,
    0xff, 0xff, 0xff, 0xe2, 0x0, 0x0, 0x0, 0x1e,
    0xff, 0xff, 0xfe, 0x0, 0x0, 0x0, 0xef, 0xff,
    0xff, 0xf7, 0x0, 0x0, 0x0, 0x7f, 0xff, 0xfe,
    0x40, 0x0, 0x0, 0x0, 0x4, 0xdf, 0xff, 0xb1,
    0x0, 0x0, 0x0, 0x1b, 0xff, 0xff, 0xff, 0xf8,
    0x11, 0x8f, 0xff, 0xff, 0xff, 0xff, 0xff, 0xff,
    0xff, 0xff, 0xff, 0x8f, 0xff, 0xff, 0xff, 0xff,
    0xff, 0xf8,

    /* U+F2AE "" */
    0x3, 0xcf, 0xff, 0xff, 0xff, 0xff, 0xce, 0x3f,
    0xff, 0xff, 0xff, 0xff, 0xa9, 0xff, 0xbf, 0xff,
    0xff, 0xff, 0xe4, 0xaf, 0xff, 0xff, 0xff, 0xff,
    0xfc, 0x1a, 0xff, 0xff, 0xff, 0xff, 0xff, 0xc0,
    0x6f, 0xff, 0xff, 0xff, 0xff, 0xfd, 0x0, 0xef,
    0xff, 0xff, 0xff, 0xff, 0xe2, 0x4, 0xff, 0xff,
    0xff, 0xff, 0xff, 0x40, 0x9, 0xff, 0xff, 0xff,
    0xff, 0xf7, 0x0, 0xe, 0xff, 0xff, 0xff, 0xff,
    0xc0, 0x0, 0x9f, 0xff, 0xff, 0xff, 0xff, 0x20,
    0x7, 0xff, 0xff, 0xff, 0xff, 0xf6, 0x6, 0xef,
    0xff, 0xff, 0xff, 0xfc, 0xc5, 0xef, 0xff, 0xff,
    0xff, 0xff, 0xf3, 0xcf, 0xff, 0xff, 0xff, 0xff,
    0xfc, 0x30,

    /* U+F2B0 "" */
    0x0, 0x0, 0x3, 0xa8, 0x10, 0x0, 0x0, 0x0,
    0x1, 0x87, 0x9a, 0x97, 0x0, 0x0, 0x0, 0x69,
    0x7d, 0xcc, 0xd9, 0x95, 0x0, 0x39, 0x7b, 0xa8,
    0xd7, 0xa8, 0xc8, 0x93, 0x99, 0xeb, 0x9f, 0xdc,
    0xe9, 0x9f, 0x99, 0x8e, 0x99, 0xff, 0xff, 0xef,
    0x89, 0xe8, 0x8d, 0xaf, 0xff, 0xff, 0xfe, 0xf9,
    0xd8, 0x8a, 0xad, 0xff, 0xff, 0xff, 0xc9, 0xb8,
    0x8a, 0xad, 0xff, 0xff, 0xff, 0xc9, 0xb8, 0x8d,
    0xaf, 0xff, 0xff, 0xfe, 0xfa, 0xd8, 0x8e, 0x99,
    0xff, 0xff, 0xef, 0x89, 0xe8, 0x99, 0xeb, 0x9f,
    0xdc, 0xe9, 0x9f, 0x99, 0x3a, 0x8c, 0xa8, 0xd7,
    0xa8, 0xb8, 0x93, 0x0, 0x69, 0x8e, 0xcc, 0xc8,
    0x95, 0x0, 0x0, 0x1, 0x98, 0xa8, 0x97, 0x0,
    0x0, 0x0, 0x0, 0x3, 0xa8, 0x10, 0x0, 0x0,

    /* U+F2B1 "" */
    0x0, 0x0, 0x0, 0x0, 0x0, 0x65, 0x0, 0x0,
    0x0, 0x0, 0x0, 0x5, 0xfc, 0x0, 0x4, 0x99,
    0x99, 0x99, 0x5b, 0xf6, 0x40, 0x67, 0x0, 0x0,
    0x0, 0x1f, 0xf0, 0x67, 0xa0, 0x6, 0xc4, 0x0,
    0x7f, 0x90, 0x9, 0x90, 0x2, 0xfa, 0x0, 0xdf,
    0x30, 0x9, 0x90, 0x0, 0xcf, 0x3, 0xfd, 0x0,
    0x9, 0x90, 0x0, 0x6f, 0x49, 0xf7, 0x0, 0x9,
    0x90, 0x0, 0xf, 0xae, 0xf1, 0x0, 0x9, 0x90,
    0x0, 0x9, 0xff, 0xa0, 0x0, 0x9, 0x90, 0x0,
    0x4, 0xff, 0x40, 0x0, 0x9, 0x90, 0x0, 0x2,
    0xfd, 0x0, 0x0, 0x9, 0x91, 0x0, 0x8, 0xf6,
    0x0, 0x0, 0x9, 0x1a, 0x82, 0xaf, 0xd3, 0x77,
    0x77, 0x7c, 0x0, 0x12, 0xfa, 0x11, 0x22, 0x22,
    0x22, 0x0, 0x0, 0x0, 0x0, 0x0, 0x0, 0x0,

    /* U+F2B2 "" */
    0x0, 0x0, 0x0, 0x3, 0x68, 0xec, 0x0, 0x0,
    0x0, 0x0, 0x2, 0x9e, 0xff, 0xfe, 0x10, 0x0,
    0x0, 0x0, 0x2d, 0x59, 0xfc, 0x9b, 0xa0, 0x0,
    0x0, 0x0, 0xcf, 0x59, 0x60, 0x0, 0x64, 0x0,
    0x6, 0xec, 0xff, 0xfd, 0x0, 0x0, 0x6, 0x10,
    0x3f, 0xfd, 0xff, 0xf6, 0x0, 0x0, 0x8, 0xf5,
    0x9f, 0xcc, 0xff, 0xf4, 0x0, 0x0, 0x9, 0xfd,
    0xdf, 0x9b, 0xff, 0xf4, 0x41, 0x32, 0xd, 0xff,
    0xff, 0x77, 0xff, 0xf6, 0x2, 0x14, 0x7f, 0xff,
    0xff, 0x91, 0xff, 0xff, 0x60, 0x19, 0xce, 0xfc,
    0xbf, 0xc0, 0x5f, 0xff, 0xff, 0xfe, 0x3f, 0xf8,
    0x2f, 0xf2, 0x4, 0xdf, 0xff, 0x91, 0x8f, 0xe1,
    0x5, 0xfb, 0x0, 0x1, 0x10, 0x2, 0xfc, 0x20,
    0x37, 0xef, 0xb5, 0x76, 0x57, 0x6c, 0x60, 0x0,
    0xb, 0xff, 0xd0, 0x44, 0x5, 0x40, 0x0, 0x0,
    0x3, 0x87, 0x45, 0x77, 0x57, 0x60, 0x0, 0x0,

    /* U+F2B3 "" */
    0x0, 0x0, 0x16, 0xab, 0xa8, 0x40, 0x0, 0x0,
    0x0, 0x7, 0xff, 0xff, 0xff, 0xfc, 0x20, 0x0,
    0x0, 0xaf, 0xff, 0xff, 0xff, 0xff, 0xf4, 0x0,
    0x8, 0xff, 0xff, 0xff, 0xff, 0xff, 0xff, 0x20,
    0x2f, 0xfb, 0x42, 0x4b, 0xff, 0xff, 0xff, 0xb0,
    0x9f, 0x90, 0x59, 0x58, 0xff, 0xff, 0xff, 0xf2,
    0xde, 0x7, 0xff, 0xff, 0xff, 0xf8, 0x4f, 0xf6,
    0xfb, 0xd, 0xf9, 0x33, 0x3f, 0x71, 0x4, 0xf8,
    0xfb, 0xd, 0xf8, 0x0, 0xf, 0x93, 0x17, 0xf8,
    0xde, 0x6, 0xff, 0xf5, 0x3f, 0xf8, 0x5f, 0xf6,
    0x9f, 0x90, 0x59, 0x50, 0xbf, 0xff, 0xff, 0xf2,
    0x2f, 0xfb, 0x42, 0x4c, 0xff, 0xff, 0xff, 0xb0,
    0x8, 0xff, 0xff, 0xff, 0xff, 0xff, 0xff, 0x20,
    0x0, 0xaf, 0xff, 0xff, 0xff, 0xff, 0xf4, 0x0,
    0x0, 0x7, 0xff, 0xff, 0xff, 0xfc, 0x20, 0x0,
    0x0, 0x0, 0x16, 0xab, 0xa8, 0x40, 0x0, 0x0,

    /* U+F2B4 "" */
    0x7f, 0xff, 0xff, 0xff, 0xff, 0xff, 0xf7, 0xff,
    0xff, 0xff, 0xff, 0xff, 0xff, 0xff, 0xff, 0xf8,
    0x8f, 0xff, 0xff, 0xff, 0xff, 0xff, 0xf0, 0xf,
    0xff, 0xff, 0xff, 0xff, 0xff, 0xf5, 0x37, 0x45,
    0xaa, 0x6f, 0xff, 0xff, 0xf6, 0x0, 0x0, 0x0,
    0xf, 0xff, 0xff, 0xf6, 0x0, 0x0, 0x0, 0xf,
    0xff, 0xff, 0xf6, 0x0, 0x0, 0x0, 0xf, 0xff,
    0xff, 0xf6, 0x0, 0x0, 0x0, 0xf, 0xff, 0xff,
    0xf6, 0x2b, 0xed, 0x87, 0xcf, 0xff, 0xff, 0xf6,
    0x6f, 0xff, 0xff, 0xff, 0xff, 0xff, 0xfb, 0xaf,
    0xff, 0xff, 0xff, 0xff, 0xff, 0xff, 0xff, 0xff,
    0xff, 0xff, 0xff, 0x7f, 0xff, 0xff, 0xff, 0xff,
    0xff, 0xf7,

    /* U+F2B5 "" */
    0x0, 0x0, 0x7, 0xff, 0x72, 0xdf, 0xff, 0x70,
    0x0, 0x0, 0x0, 0x0, 0x7f, 0xf6, 0x3e, 0xff,
    0xff, 0xf8, 0x0, 0x0, 0xff, 0xf0, 0xff, 0x54,
    0xff, 0xfa, 0xff, 0xff, 0xf, 0xff, 0xff, 0xf0,
    0xfd, 0x1f, 0xff, 0x63, 0xff, 0xff, 0xf, 0xff,
    0xff, 0xf0, 0xfd, 0x1f, 0xf5, 0x5, 0xff, 0xff,
    0xf, 0xff, 0xff, 0xf0, 0xff, 0x61, 0x15, 0xe5,
    0x3e, 0xff, 0xf, 0xff, 0xff, 0xf0, 0xff, 0xfd,
    0xdf, 0xff, 0x81, 0xcf, 0xf, 0xff, 0xff, 0xf0,
    0xff, 0xff, 0xff, 0xff, 0xfb, 0x19, 0xf, 0xff,
    0xf4, 0xf0, 0xff, 0xff, 0xff, 0xff, 0xff, 0xd2,
    0xf, 0x4f, 0xff, 0xc0, 0x1c, 0xff, 0xff, 0xff,
    0xff, 0xf6, 0xc, 0xff, 0x0, 0x0, 0x0, 0xbf,
    0xff, 0xff, 0xf9, 0xa0, 0x0, 0x0, 0x0, 0x0,
    0x0, 0x9, 0xfc, 0x8f, 0x60, 0x0, 0x0, 0x0,
    0x0, 0x0, 0x0, 0x0, 0x0, 0x0, 0x0, 0x0,
    0x0, 0x0,

    /* U+F2B6 "" */
    0x0, 0x0, 0x0, 0x4d, 0xd4, 0x0, 0x0, 0x0,
    0x0, 0x0, 0x8, 0xff, 0xff, 0x80, 0x0, 0x0,
    0x0, 0x2, 0xcf, 0xff, 0xff, 0xfc, 0x20, 0x0,
    0x0, 0x5f, 0xff, 0xff, 0xff, 0xff, 0xf5, 0x0,
    0x9, 0xff, 0xff, 0xff, 0xff, 0xff, 0xff, 0x90,
    0xbf, 0xff, 0xff, 0xff, 0xff, 0xff, 0xff, 0xfb,
    0xff, 0xff, 0xff, 0xff, 0xff, 0xff, 0xff, 0xff,
    0xff, 0xff, 0xff, 0xff, 0xff, 0xff, 0xff, 0xff,
    0xfe, 0x6f, 0xff, 0xff, 0xff, 0xff, 0xf6, 0xef,
    0xff, 0x62, 0xcf, 0xff, 0xff, 0xfc, 0x26, 0xff,
    0xff, 0xfa, 0x19, 0xff, 0xff, 0x91, 0xaf, 0xff,
    0xff, 0xff, 0xe3, 0x4d, 0xd4, 0x3e, 0xff, 0xff,
    0xff, 0xff, 0xff, 0x81, 0x18, 0xff, 0xff, 0xff,
    0xff, 0xff, 0xff, 0xff, 0xff, 0xff, 0xff, 0xff,
    0xff, 0xff, 0xff, 0xff, 0xff, 0xff, 0xff, 0xff,
    0x8f, 0xff, 0xff, 0xff, 0xff, 0xff, 0xff, 0xf8,

    /* U+F2B8 "" */
    0x2, 0x7c, 0xe6, 0x0, 0x0, 0x0, 0x0, 0x6f,
    0xff, 0xff, 0xb2, 0x0, 0x0, 0x0, 0x21, 0xbe,
    0x93, 0x3, 0x0, 0x0, 0x0, 0x20, 0x3, 0x0,
    0x3, 0x0, 0x0, 0x0, 0x2, 0x3, 0x0, 0x3,
    0x0, 0x0, 0x0, 0x3, 0x3, 0x0, 0x13, 0x0,
    0x1, 0x0, 0x2, 0x94, 0x19, 0xb0, 0x1, 0xaf,
    0x91, 0x4, 0xcf, 0xff, 0xa4, 0x55, 0xbf, 0xe6,
    0x2, 0x1a, 0xc3, 0xa, 0xfe, 0x46, 0x13, 0x0,
    0x20, 0x20, 0x9, 0xff, 0x93, 0x22, 0x0, 0x30,
    0x30, 0x43, 0xa2, 0x35, 0x10, 0x0, 0x6c, 0x59,
    0xf7, 0x30, 0x30, 0x0, 0x0, 0x37, 0xfe, 0x44,
    0x63, 0x0, 0x0, 0x0, 0x21, 0x61, 0x3, 0x0,
    0x0, 0x0, 0x0, 0x3, 0x30, 0x31, 0x0, 0x0,
    0x0, 0x0, 0x0, 0x54, 0x0, 0x0, 0x0, 0x0,

    /* U+F2B9 "" */
    0x8f, 0xff, 0xff, 0xff, 0xff, 0xff, 0x80, 0xff,
    0xff, 0xff, 0xff, 0xff, 0xff, 0xf0, 0xff, 0xff,
    0xff, 0xff, 0xff, 0xff, 0xf0, 0xff, 0xff, 0xff,
    0xff, 0xff, 0xff, 0xff, 0xff, 0xff, 0xf5, 0x5,
    0xff, 0xff, 0xff, 0xff, 0xff, 0x90, 0x0, 0x9f,
    0xff, 0xf0, 0xff, 0xff, 0x90, 0x0, 0x9f, 0xff,
    0xf0, 0xff, 0xff, 0xf5, 0x5, 0xff, 0xff, 0xff,
    0xff, 0xff, 0xff, 0xff, 0xff, 0xff, 0xff, 0xff,
    0xfb, 0x20, 0x30, 0x1b, 0xff, 0xf0, 0xff, 0xf1,
    0x0, 0x0, 0x1, 0xff, 0xf0, 0xff, 0xf1, 0x0,
    0x0, 0x1, 0xff, 0xff, 0xff, 0xff, 0xff, 0xff,
    0xff, 0xff, 0xff, 0xff, 0xff, 0xff, 0xff, 0xff,
    0xff, 0xf0, 0xff, 0xff, 0xff, 0xff, 0xff, 0xff,
    0xf0, 0x8f, 0xff, 0xff, 0xff, 0xff, 0xff, 0x80,

    /* U+F2BB "" */
    0x8f, 0xff, 0xff, 0xff, 0xff, 0xff, 0xff, 0xff,
    0xf8, 0xff, 0xff, 0xff, 0xff, 0xff, 0xff, 0xff,
    0xff, 0xff, 0xff, 0xff, 0xff, 0xff, 0xff, 0xff,
    0xff, 0xff, 0xff, 0xff, 0xff, 0x50, 0x5f, 0xff,
    0xff, 0xff, 0xff, 0xff, 0xff, 0xf9, 0x0, 0x9,
    0xff, 0xf0, 0x0, 0x1, 0xff, 0xff, 0xf9, 0x0,
    0x9, 0xff, 0xff, 0xff, 0xff, 0xff, 0xff, 0xff,
    0x50, 0x5f, 0xff, 0xf0, 0x0, 0x1, 0xff, 0xff,
    0xff, 0xff, 0xff, 0xff, 0xff, 0xff, 0xff, 0xff,
    0xff, 0xa1, 0x3, 0x1, 0xbf, 0xf0, 0x0, 0x1,
    0xff, 0xff, 0x10, 0x0, 0x0, 0x1f, 0xff, 0xff,
    0xff, 0xff, 0xff, 0x10, 0x0, 0x0, 0x1f, 0xff,
    0xff, 0xff, 0xff, 0xff, 0xff, 0xff, 0xff, 0xff,
    0xff, 0xff, 0xff, 0xff, 0xff, 0xff, 0xff, 0xff,
    0xff, 0xff, 0xff, 0xff, 0xff, 0x8f, 0xff, 0xff,
    0xff, 0xff, 0xff, 0xff, 0xff, 0xf8,

    /* U+F2BD "" */
    0x0, 0x0, 0x28, 0xbd, 0xc9, 0x40, 0x0, 0x0,
    0x0, 0x9, 0xff, 0xff, 0xff, 0xfc, 0x20, 0x0,
    0x0, 0xcf, 0xff, 0xff, 0xff, 0xff, 0xe2, 0x0,
    0x9, 0xff, 0xff, 0x73, 0x5e, 0xff, 0xfd, 0x0,
    0x3f, 0xff, 0xf6, 0x0, 0x2, 0xff, 0xff, 0x70,
    0x9f, 0xff, 0xf1, 0x0, 0x0, 0xcf, 0xff, 0xe0,
    0xdf, 0xff, 0xf1, 0x0, 0x0, 0xdf, 0xff, 0xf2,
    0xff, 0xff, 0xf9, 0x0, 0x4, 0xff, 0xff, 0xf3,
    0xff, 0xff, 0xff, 0xb6, 0x9f, 0xff, 0xff, 0xf3,
    0xdf, 0xff, 0xff, 0xff, 0xff, 0xff, 0xff, 0xf1,
    0x9f, 0xff, 0x60, 0x1, 0x0, 0x4e, 0xff, 0xd0,
    0x2f, 0xf6, 0x0, 0x0, 0x0, 0x2, 0xff, 0x60,
    0x8, 0xfc, 0x10, 0x0, 0x0, 0x9, 0xfc, 0x0,
    0x0, 0xaf, 0xe6, 0x20, 0x15, 0xcf, 0xd1, 0x0,
    0x0, 0x7, 0xff, 0xff, 0xff, 0xfa, 0x10, 0x0,
    0x0, 0x0, 0x16, 0xab, 0xa8, 0x20, 0x0, 0x0,

    /* U+F2C1 "" */
    0x8f, 0xff, 0xff, 0xff, 0xff, 0xf8, 0xff, 0xff,
    0x20, 0x2, 0xff, 0xff, 0xff, 0xff, 0xff, 0xff,
    0xff, 0xff, 0xff, 0xff, 0xff, 0xff, 0xff, 0xff,
    0xff, 0xff, 0xff, 0xff, 0xff, 0xff, 0xff, 0xff,
    0xb1, 0x1b, 0xff, 0xff, 0xff, 0xff, 0x10, 0x1,
    0xff, 0xff, 0xff, 0xff, 0x10, 0x1, 0xff, 0xff,
    0xff, 0xff, 0xb1, 0x1b, 0xff, 0xff, 0xff, 0xff,
    0xff, 0xff, 0xff, 0xff, 0xff, 0xf5, 0x2, 0x20,
    0x5f, 0xff, 0xff, 0x90, 0x0, 0x0, 0x9, 0xff,
    0xff, 0x90, 0x0, 0x0, 0x9, 0xff, 0xff, 0xff,
    0xff, 0xff, 0xff, 0xff, 0xff, 0xff, 0xff, 0xff,
    0xff, 0xff, 0x8f, 0xff, 0xff, 0xff, 0xff, 0xf8,

    /* U+F2C2 "" */
    0x8f, 0xff, 0xff, 0xff, 0xff, 0xff, 0xff, 0xff,
    0xf8, 0xff, 0xff, 0xff, 0xff, 0xff, 0xff, 0xff,
    0xff, 0xff, 0x0, 0x0, 0x0, 0x0, 0x0, 0x0,
    0x0, 0x0, 0x0, 0xff, 0xff, 0xff, 0xff, 0xff,
    0xff, 0xff, 0xff, 0xff, 0xff, 0xff, 0xff, 0xff,
    0xff, 0xff, 0xff, 0xff, 0xff, 0xff, 0xff, 0x50,
    0x5f, 0xff, 0xf0, 0x0, 0x1, 0xff, 0xff, 0xf9,
    0x0, 0x9, 0xff, 0xff, 0xff, 0xff, 0xff, 0xff,
    0xf9, 0x0, 0x9, 0xff, 0xf0, 0x0, 0x1, 0xff,
    0xff, 0xff, 0x50, 0x5f, 0xff, 0xff, 0xff, 0xff,
    0xff, 0xff, 0xff, 0xff, 0xff, 0xff, 0xf0, 0x0,
    0x1, 0xff, 0xff, 0xb1, 0x3, 0x1, 0xbf, 0xff,
    0xff, 0xff, 0xff, 0xff, 0x30, 0x0, 0x0, 0x3f,
    0xff, 0xff, 0xff, 0xff, 0xff, 0xff, 0xff, 0xff,
    0xff, 0xff, 0xff, 0xff, 0xff, 0x8f, 0xff, 0xff,
    0xff, 0xff, 0xff, 0xff, 0xff, 0xf8,

    /* U+F2C4 "" */
    0x0, 0x3, 0xae, 0xfe, 0x92, 0x0, 0x0, 0x0,
    0x9f, 0xc5, 0x36, 0xdf, 0x60, 0x0, 0x8, 0xfd,
    0x0, 0x0, 0x1e, 0xf6, 0x0, 0x2f, 0xf6, 0x0,
    0x0, 0x8, 0xfe, 0x10, 0x8f, 0xf2, 0x0, 0x0,
    0x5, 0xff, 0x50, 0xbf, 0xf1, 0x0, 0x0, 0x3,
    0xff, 0x80, 0xcf, 0xf1, 0x0, 0x0, 0x3, 0xff,
    0x80, 0x9f, 0xf2, 0x3, 0x42, 0x4, 0xff, 0x60,
    0x4f, 0xf5, 0x8f, 0xff, 0x97, 0xff, 0x20, 0xc,
    0xfb, 0x1, 0x9f, 0xff, 0xf9, 0x0, 0x1, 0xcf,
    0x81, 0xd, 0xff, 0xb0, 0x0, 0x0, 0x7, 0xef,
    0xff, 0xff, 0xb0, 0x5a, 0x0, 0x0, 0x3, 0x42,
    0xaf, 0xff, 0xf7, 0x0, 0x0, 0x0, 0x0, 0x9,
    0xef, 0x90,

    /* U+F2C5 "" */
    0x0, 0x68, 0x0, 0x2, 0x0, 0x0, 0x0, 0x86,
    0x0, 0x4, 0xd1, 0x0, 0x4, 0xe2, 0x0, 0x0,
    0x1e, 0x40, 0xe, 0x30, 0x0, 0x0, 0xfa, 0x0,
    0x0, 0x4, 0xd0, 0x5b, 0x0, 0x0, 0x6, 0xfe,
    0x53, 0x0, 0x0, 0xc4, 0x96, 0x0, 0x0, 0xe,
    0xee, 0xdd, 0x0, 0x0, 0x78, 0xb4, 0x0, 0x0,
    0x7f, 0xd6, 0xff, 0x20, 0x0, 0x4b, 0xb4, 0x0,
    0x0, 0xbf, 0x23, 0x6f, 0x20, 0x0, 0x4b, 0x96,
    0x0, 0x0, 0x8a, 0x0, 0xd, 0x0, 0x0, 0x69,
    0x5b, 0x0, 0x0, 0xa, 0x10, 0x62, 0x0, 0x0,
    0xa6, 0xe, 0x20, 0x0, 0x0, 0x10, 0x0, 0x0,
    0x2, 0xe0, 0x6, 0xc0, 0x1c, 0xdd, 0xdd, 0xdd,
    0xd8, 0xb, 0x70, 0x0, 0x89, 0x2, 0x33, 0x33,
    0x33, 0x31, 0x89, 0x0, 0x0, 0x0, 0x0, 0x0,
    0x0, 0x0, 0x0, 0x0, 0x0,

    /* U+F2C6 "" */
    0x0, 0x0, 0x4, 0x89, 0x96, 0x20, 0x0, 0x0,
    0x0, 0x5, 0xef, 0xff, 0xff, 0xfa, 0x10, 0x0,
    0x0, 0x8f, 0xff, 0xff, 0xff, 0xff, 0xe2, 0x0,
    0x7, 0xff, 0xff, 0xff, 0xff, 0xff, 0xfd, 0x10,
    0x1f, 0xff, 0xff, 0xff, 0xff, 0xff, 0xff, 0x90,
    0x8f, 0xff, 0xff, 0xff, 0xfa, 0x48, 0xff, 0xf0,
    0xdf, 0xff, 0xff, 0xc6, 0x14, 0x9, 0xff, 0xf5,
    0xff, 0xff, 0x93, 0x3, 0x91, 0xd, 0xff, 0xf7,
    0xff, 0xf8, 0x20, 0x9b, 0x0, 0xf, 0xff, 0xf7,
    0xdf, 0xff, 0xff, 0xb0, 0x0, 0x4f, 0xff, 0xf5,
    0x9f, 0xff, 0xff, 0x63, 0x0, 0x7f, 0xff, 0xf1,
    0x3f, 0xff, 0xff, 0xbf, 0xc2, 0xbf, 0xff, 0xb0,
    0x9, 0xff, 0xff, 0xff, 0xff, 0xff, 0xff, 0x20,
    0x0, 0xcf, 0xff, 0xff, 0xff, 0xff, 0xf4, 0x0,
    0x0, 0x9, 0xff, 0xff, 0xff, 0xfd, 0x30, 0x0,
    0x0, 0x0, 0x28, 0xbd, 0xca, 0x50, 0x0, 0x0,

    /* U+F2C7 "" */
    0x0, 0x8e, 0xe8, 0x0, 0x8, 0xfa, 0xaf, 0x80,
    0xe, 0xac, 0xca, 0xe0, 0xf, 0x8f, 0xf8, 0xf0,
    0xf, 0x8f, 0xf8, 0xf0, 0xf, 0x8f, 0xf8, 0xf0,
    0xf, 0x8f, 0xf8, 0xf0, 0xf, 0x8f, 0xf8, 0xf0,
    0xf, 0x8f, 0xf8, 0xf0, 0x2f, 0x7f, 0xf7, 0xf2,
    0xae, 0x6f, 0xf5, 0xea, 0xe9, 0xef, 0xfe, 0x9e,
    0xf9, 0xef, 0xfe, 0x9f, 0xae, 0x7e, 0xe6, 0xfb,
    0x2e, 0xe9, 0x9f, 0xe2, 0x2, 0xbf, 0xfb, 0x20,

    /* U+F2C8 "" */
    0x0, 0x8e, 0xe8, 0x0, 0x8, 0xfa, 0xaf, 0x80,
    0xe, 0xa0, 0xa, 0xe0, 0xf, 0x80, 0x8, 0xf0,
    0xf, 0x8c, 0xc8, 0xf0, 0xf, 0x8f, 0xf8, 0xf0,
    0xf, 0x8f, 0xf8, 0xf0, 0xf, 0x8f, 0xf8, 0xf0,
    0xf, 0x8f, 0xf8, 0xf0, 0x2f, 0x7f, 0xf7, 0xf2,
    0xae, 0x6f, 0xf5, 0xea, 0xe9, 0xef, 0xfe, 0x9e,
    0xf9, 0xef, 0xfe, 0x9f, 0xae, 0x7e, 0xe6, 0xfb,
    0x2e, 0xe9, 0x9f, 0xe2, 0x2, 0xbf, 0xfb, 0x20,

    /* U+F2C9 "" */
    0x0, 0x8e, 0xe8, 0x0, 0x8, 0xfa, 0xaf, 0x80,
    0xe, 0xa0, 0xa, 0xe0, 0xf, 0x80, 0x8, 0xf0,
    0xf, 0x80, 0x8, 0xf0, 0xf, 0x80, 0x8, 0xf0,
    0xf, 0x8c, 0xc8, 0xf0, 0xf, 0x8f, 0xf8, 0xf0,
    0xf, 0x8f, 0xf8, 0xf0, 0x2f, 0x7f, 0xf7, 0xf2,
    0xae, 0x6f, 0xf5, 0xea, 0xe9, 0xef, 0xfe, 0x9e,
    0xf9, 0xef, 0xfe, 0x9f, 0xae, 0x7e, 0xe6, 0xfb,
    0x2e, 0xe9, 0x9f, 0xe2, 0x2, 0xbf, 0xfb, 0x20,

    /* U+F2CA "" */
    0x0, 0x8e, 0xe8, 0x0, 0x8, 0xfa, 0xaf, 0x80,
    0xe, 0xa0, 0xa, 0xe0, 0xf, 0x80, 0x8, 0xf0,
    0xf, 0x80, 0x8, 0xf0, 0xf, 0x80, 0x8, 0xf0,
    0xf, 0x80, 0x8, 0xf0, 0xf, 0x80, 0x8, 0xf0,
    0xf, 0x8c, 0xc8, 0xf0, 0x2f, 0x7f, 0xf7, 0xf2,
    0xae, 0x6f, 0xf5, 0xea, 0xe9, 0xef, 0xfe, 0x9e,
    0xf9, 0xef, 0xfe, 0x9f, 0xae, 0x7e, 0xe6, 0xfb,
    0x2e, 0xe9, 0x9f, 0xe2, 0x2, 0xbf, 0xfb, 0x20,

    /* U+F2CB "" */
    0x0, 0x8e, 0xe8, 0x0, 0x8, 0xfa, 0xaf, 0x80,
    0xe, 0xa0, 0xa, 0xe0, 0xf, 0x80, 0x8, 0xf0,
    0xf, 0x80, 0x8, 0xf0, 0xf, 0x80, 0x8, 0xf0,
    0xf, 0x80, 0x8, 0xf0, 0xf, 0x80, 0x8, 0xf0,
    0xf, 0x80, 0x8, 0xf0, 0x2f, 0x70, 0x7, 0xf2,
    0xae, 0x6e, 0xe6, 0xea, 0xe9, 0xef, 0xfe, 0x9e,
    0xf9, 0xef, 0xfe, 0x9f, 0xae, 0x7e, 0xe6, 0xfb,
    0x2e, 0xe9, 0x9f, 0xe2, 0x2, 0xbf, 0xfb, 0x20,

    /* U+F2CC "" */
    0x0, 0x8e, 0xfd, 0x70, 0x0, 0x0, 0x0, 0x0,
    0xc, 0xff, 0xff, 0xfe, 0xfc, 0x64, 0x0, 0x0,
    0x8f, 0xd3, 0x8, 0xff, 0xff, 0xff, 0x40, 0x0,
    0xef, 0x30, 0xd, 0xff, 0xff, 0xfd, 0x10, 0x0,
    0xff, 0x0, 0xf, 0xff, 0xff, 0xd1, 0x0, 0x0,
    0xff, 0x0, 0xd, 0xff, 0xfd, 0x1b, 0xb, 0xb,
    0xff, 0x0, 0x5, 0xff, 0xd1, 0xb0, 0xb0, 0xb0,
    0xff, 0x0, 0x4, 0xfd, 0x1b, 0xb, 0xb, 0x0,
    0xff, 0x0, 0x0, 0x41, 0x0, 0xb0, 0xb0, 0x0,
    0xff, 0x0, 0x0, 0x0, 0xb, 0xb, 0x0, 0x0,
    0xff, 0x0, 0x0, 0x0, 0x0, 0xb0, 0x0, 0x0,
    0xff, 0x0, 0x0, 0x0, 0xb, 0x0, 0x0, 0x0,
    0xff, 0x0, 0x0, 0x0, 0x0, 0x0, 0x0, 0x0,
    0xff, 0x0, 0x0, 0x0, 0x0, 0x0, 0x0, 0x0,

    /* U+F2CD "" */
    0x1, 0xbf, 0xc2, 0x0, 0x0, 0x0, 0x0, 0x0,
    0xb, 0xe8, 0xef, 0xf9, 0x10, 0x0, 0x0, 0x0,
    0xf, 0x80, 0xdf, 0xff, 0x50, 0x0, 0x0, 0x0,
    0xf, 0x80, 0xef, 0xf6, 0x0, 0x0, 0x0, 0x0,
    0xf, 0x80, 0x9f, 0x60, 0x0, 0x0, 0x0, 0x0,
    0xf, 0x80, 0x15, 0x0, 0x0, 0x0, 0x0, 0x0,
    0xf, 0x80, 0x0, 0x0, 0x0, 0x0, 0x0, 0x0,
    0xdf, 0xff, 0xff, 0xff, 0xff, 0xff, 0xff, 0xfd,
    0xdf, 0xff, 0xff, 0xff, 0xff, 0xff, 0xff, 0xfd,
    0xf, 0xff, 0xff, 0xff, 0xff, 0xff, 0xff, 0xf0,
    0xe, 0xff, 0xff, 0xff, 0xff, 0xff, 0xff, 0xe0,
    0x8, 0xff, 0xff, 0xff, 0xff, 0xff, 0xff, 0x80,
    0x0, 0xff, 0xff, 0xff, 0xff, 0xff, 0xff, 0x0,
    0x0, 0xdd, 0x0, 0x0, 0x0, 0x0, 0xdd, 0x0,

    /* U+F2CE "" */
    0x0, 0x1, 0x8d, 0xff, 0xd8, 0x10, 0x0, 0x0,
    0x5f, 0xfb, 0x88, 0xbf, 0xf5, 0x0, 0x5, 0xfc,
    0x25, 0x99, 0x53, 0xcf, 0x50, 0x1f, 0xc2, 0xdf,
    0xff, 0xfc, 0x2c, 0xf1, 0x8f, 0x2c, 0xf5, 0x0,
    0x5f, 0xc3, 0xf8, 0xdb, 0x4f, 0x64, 0xee, 0x46,
    0xf4, 0xbd, 0xf8, 0x7f, 0x1e, 0xff, 0xe1, 0xf7,
    0x8f, 0xf8, 0x6f, 0x1e, 0xff, 0xe2, 0xf7, 0x9f,
    0xdb, 0x2f, 0x74, 0xee, 0x48, 0xf3, 0xbd, 0x8f,
    0x29, 0xb0, 0x33, 0xb, 0x92, 0xf8, 0x1f, 0xc0,
    0xc, 0xff, 0xc0, 0xc, 0xf1, 0x4, 0xfc, 0xf,
    0xff, 0xf0, 0xcf, 0x40, 0x0, 0x5e, 0x1e, 0xff,
    0xd2, 0xe4, 0x0, 0x0, 0x1, 0xb, 0xff, 0xb0,
    0x10, 0x0, 0x0, 0x0, 0x8, 0xff, 0x80, 0x0,
    0x0, 0x0, 0x0, 0x2, 0xee, 0x20, 0x0, 0x0,

    /* U+F2D0 "" */
    0x8f, 0xff, 0xff, 0xff, 0xff, 0xff, 0xff, 0xf8,
    0xff, 0xff, 0xff, 0xff, 0xff, 0xff, 0xff, 0xff,
    0xff, 0x0, 0x0, 0x0, 0x0, 0x0, 0x0, 0xff,
    0xff, 0x0, 0x0, 0x0, 0x0, 0x0, 0x0, 0xff,
    0xff, 0x0, 0x0, 0x0, 0x0, 0x0, 0x0, 0xff,
    0xff, 0xff, 0xff, 0xff, 0xff, 0xff, 0xff, 0xff,
    0xff, 0xff, 0xff, 0xff, 0xff, 0xff, 0xff, 0xff,
    0xff, 0xff, 0xff, 0xff, 0xff, 0xff, 0xff, 0xff,
    0xff, 0xff, 0xff, 0xff, 0xff, 0xff, 0xff, 0xff,
    0xff, 0xff, 0xff, 0xff, 0xff, 0xff, 0xff, 0xff,
    0xff, 0xff, 0xff, 0xff, 0xff, 0xff, 0xff, 0xff,
    0xff, 0xff, 0xff, 0xff, 0xff, 0xff, 0xff, 0xff,
    0xff, 0xff, 0xff, 0xff, 0xff, 0xff, 0xff, 0xff,
    0x8f, 0xff, 0xff, 0xff, 0xff, 0xff, 0xff, 0xf8,

    /* U+F2D1 "" */
    0x8f, 0xff, 0xff, 0xff, 0xff, 0xff, 0xff, 0xf8,
    0xff, 0xff, 0xff, 0xff, 0xff, 0xff, 0xff, 0xff,
    0xff, 0xff, 0xff, 0xff, 0xff, 0xff, 0xff, 0xff,
    0x8f, 0xff, 0xff, 0xff, 0xff, 0xff, 0xff, 0xf8,

    /* U+F2D2 "" */
    0x0, 0x0, 0x8f, 0xff, 0xff, 0xff, 0xff, 0xf8,
    0x0, 0x0, 0xff, 0xff, 0xff, 0xff, 0xff, 0xff,
    0x0, 0x0, 0xff, 0xff, 0xff, 0xff, 0xff, 0xff,
    0x0, 0x0, 0x0, 0x0, 0x0, 0x4, 0xef, 0xff,
    0x8f, 0xff, 0xff, 0xff, 0xff, 0xf8, 0x4f, 0xff,
    0xff, 0xff, 0xff, 0xff, 0xff, 0xff, 0xf, 0xff,
    0xff, 0x0, 0x0, 0x0, 0x2, 0xff, 0xf, 0xff,
    0xff, 0x0, 0x0, 0x0, 0x2, 0xff, 0xf, 0xff,
    0xff, 0xff, 0xff, 0xff, 0xff, 0xff, 0xf, 0xff,
    0xff, 0xff, 0xff, 0xff, 0xff, 0xff, 0xf, 0xff,
    0xff, 0xff, 0xff, 0xff, 0xff, 0xff, 0xf, 0xff,
    0xff, 0xff, 0xff, 0xff, 0xff, 0xff, 0xf, 0xf8,
    0xff, 0xff, 0xff, 0xff, 0xff, 0xff, 0x0, 0x0,
    0xff, 0xff, 0xff, 0xff, 0xff, 0xff, 0x0, 0x0,
    0xff, 0xff, 0xff, 0xff, 0xff, 0xff, 0x0, 0x0,
    0x8f, 0xff, 0xff, 0xff, 0xff, 0xf8, 0x0, 0x0,

    /* U+F2D5 "" */
    0x0, 0x0, 0x39, 0xde, 0xeb, 0x60, 0x0, 0x0,
    0x0, 0xa, 0xff, 0xff, 0xff, 0xfe, 0x40, 0x0,
    0x0, 0xcf, 0xff, 0xff, 0xff, 0xff, 0xf5, 0x0,
    0x9, 0xff, 0xff, 0xff, 0xff, 0xff, 0xff, 0x20,
    0x3f, 0xff, 0xff, 0xff, 0xff, 0xff, 0xff, 0xb0,
    0x9f, 0xff, 0xff, 0x65, 0x55, 0x58, 0xff, 0xf1,
    0xdf, 0xff, 0xfa, 0x0, 0x0, 0xa, 0xff, 0xf5,
    0xff, 0xff, 0xf2, 0x0, 0x0, 0x2f, 0xff, 0xf7,
    0xff, 0xff, 0xa0, 0x0, 0x0, 0xaf, 0xff, 0xf7,
    0xdf, 0xff, 0x20, 0x0, 0x2, 0xff, 0xff, 0xf5,
    0x9f, 0xfd, 0x55, 0x55, 0x5b, 0xff, 0xff, 0xf1,
    0x3f, 0xff, 0xff, 0xff, 0xff, 0xff, 0xff, 0xb0,
    0xa, 0xff, 0xff, 0xff, 0xff, 0xff, 0xff, 0x20,
    0x0, 0xcf, 0xff, 0xff, 0xff, 0xff, 0xf5, 0x0,
    0x0, 0xa, 0xff, 0xff, 0xff, 0xfe, 0x40, 0x0,
    0x0, 0x0, 0x39, 0xde, 0xeb, 0x60, 0x0, 0x0,

    /* U+F2D6 "" */
    0x0, 0x0, 0x16, 0xbc, 0xdb, 0x61, 0x0, 0x0,
    0x0, 0x6, 0xef, 0xfc, 0x9f, 0xfe, 0x60, 0x0,
    0x0, 0x8f, 0xff, 0xf9, 0x6e, 0x9b, 0xf8, 0x0,
    0x5, 0xff, 0xff, 0xfc, 0x48, 0xc4, 0xbf, 0x50,
    0xe, 0xff, 0xff, 0xfd, 0x5c, 0xfa, 0x8f, 0xe0,
    0x5f, 0xff, 0xff, 0xd1, 0x28, 0xeb, 0xef, 0xf5,
    0x9f, 0xff, 0xfe, 0x22, 0x94, 0x4, 0xff, 0xf9,
    0xbf, 0xff, 0xb0, 0x40, 0x42, 0x32, 0xdf, 0xfb,
    0xbf, 0xff, 0x10, 0x80, 0x5, 0xf5, 0x2d, 0xfb,
    0x9f, 0xfb, 0xb, 0x60, 0x6f, 0xff, 0x99, 0xf9,
    0x5f, 0xfd, 0xde, 0x0, 0xef, 0xff, 0xff, 0xf5,
    0xd, 0xff, 0xf9, 0xa, 0xff, 0xff, 0xff, 0xd0,
    0x4, 0xff, 0xc1, 0x6f, 0xff, 0xff, 0xff, 0x40,
    0x0, 0x6f, 0x76, 0xff, 0xff, 0xff, 0xf6, 0x0,
    0x0, 0x4, 0xdf, 0xff, 0xff, 0xfd, 0x40, 0x0,
    0x0, 0x0, 0x5, 0x9b, 0xb9, 0x50, 0x0, 0x0,

    /* U+F2D7 "" */
    0x0, 0x0, 0x0, 0x0, 0x0, 0x0, 0xdf, 0xee,
    0xee, 0xee, 0xff, 0xf4, 0x3, 0xff, 0x10, 0x0,
    0x7, 0xf3, 0x1, 0xff, 0x10, 0x0, 0x0, 0xf2,
    0x0, 0xff, 0x10, 0x0, 0x0, 0x81, 0x0, 0xff,
    0x10, 0x0, 0xa0, 0x0, 0x0, 0xff, 0x10, 0x3,
    0xd0, 0x0, 0x0, 0xff, 0xbb, 0xbe, 0xc0, 0x0,
    0x0, 0xff, 0x33, 0x4a, 0xc0, 0x0, 0x0, 0xff,
    0x0, 0x2, 0xd0, 0x0, 0x0, 0xff, 0x0, 0x0,
    0x20, 0x1, 0x1, 0xff, 0x0, 0x0, 0x0, 0xd,
    0x1, 0xff, 0x0, 0x0, 0x0, 0x6c, 0x4, 0xff,
    0x50, 0x0, 0x4, 0xea, 0xef, 0xff, 0xee, 0xee,
    0xff, 0xf8,

    /* U+F2D8 "" */
    0x8f, 0xff, 0xff, 0xff, 0xff, 0xff, 0xf8, 0xff,
    0xff, 0xff, 0xff, 0xff, 0xff, 0xff, 0xff, 0xff,
    0xff, 0xff, 0xff, 0xff, 0xff, 0xff, 0xff, 0xff,
    0xff, 0xff, 0xff, 0xff, 0xff, 0xff, 0xff, 0xff,
    0xff, 0xff, 0xff, 0xff, 0x5, 0x32, 0x60, 0x28,
    0x6f, 0xff, 0xff, 0x5, 0x11, 0x60, 0x45, 0x22,
    0xff, 0xff, 0x5, 0x22, 0x60, 0x55, 0x51, 0xff,
    0xff, 0x5, 0x44, 0x60, 0x27, 0x23, 0xff, 0xff,
    0xff, 0xff, 0xff, 0xff, 0xff, 0xff, 0xff, 0xff,
    0xff, 0xff, 0xff, 0xff, 0xff, 0xff, 0xff, 0xff,
    0xff, 0xff, 0xff, 0xff, 0xff, 0xff, 0xff, 0xff,
    0xff, 0xff, 0xff, 0x8f, 0xff, 0xff, 0xff, 0xff,
    0xff, 0xf8,

    /* U+F2D9 "" */
    0x0, 0x0, 0x0, 0x0, 0x0, 0x0, 0x0, 0x0,
    0x0, 0x0, 0x0, 0x0, 0x4, 0x9c, 0xdb, 0x71,
    0x0, 0x0, 0x0, 0x0, 0x0, 0xcf, 0xa7, 0x68,
    0xdf, 0x60, 0x0, 0x0, 0x0, 0x5, 0xb1, 0x0,
    0x0, 0x5, 0xf6, 0x0, 0x0, 0x0, 0xc, 0x4a,
    0xde, 0xc0, 0x0, 0x3f, 0x20, 0x0, 0x0, 0x5e,
    0xf8, 0x20, 0x0, 0x0, 0x8, 0x80, 0x0, 0x0,
    0xce, 0x20, 0x0, 0x0, 0x0, 0x1, 0xc0, 0x0,
    0x3, 0xdc, 0x0, 0x0, 0x0, 0x0, 0x0, 0xa0,
    0x0, 0x9, 0x6b, 0x10, 0x0, 0x0, 0x82, 0x0,
    0x80, 0x1, 0x3d, 0x68, 0x60, 0x14, 0x9e, 0xa1,
    0x0, 0x70, 0x0, 0xb, 0x97, 0xf9, 0x97, 0x40,
    0x0, 0x2, 0x30, 0x0, 0x8, 0x71, 0xa7, 0x0,
    0x0, 0x0, 0x5, 0x0, 0x0, 0x2, 0x67, 0x2d,
    0x50, 0x0, 0x0, 0x42, 0x0, 0x0, 0x0, 0x40,
    0x75, 0xda, 0x20, 0x5, 0x20, 0x0, 0x0, 0x0,
    0x0, 0x3, 0x7c, 0xdc, 0x70, 0x0, 0x0,

    /* U+F2DA "" */
    0x8, 0xef, 0xff, 0xff, 0xff, 0xfe, 0x90, 0x8f,
    0xff, 0xff, 0xff, 0xff, 0xff, 0xf9, 0xef, 0xff,
    0xff, 0xa9, 0xc7, 0xef, 0xfe, 0xff, 0xff, 0xe2,
    0x0, 0x0, 0xef, 0xff, 0xff, 0xff, 0x62, 0xdf,
    0xab, 0xff, 0xff, 0xff, 0xff, 0x28, 0xd3, 0xbf,
    0xff, 0xff, 0xff, 0xff, 0x35, 0xf5, 0xb, 0xff,
    0xff, 0xff, 0xff, 0xb0, 0x5f, 0x44, 0xff, 0xff,
    0xff, 0xff, 0xfb, 0x3d, 0x72, 0xff, 0xff, 0xff,
    0xff, 0xbb, 0xfd, 0x26, 0xff, 0xff, 0xff, 0xfe,
    0x0, 0x0, 0x2e, 0xff, 0xff, 0xef, 0xfe, 0x7c,
    0x9a, 0xff, 0xff, 0xfe, 0x8f, 0xff, 0xff, 0xff,
    0xff, 0xff, 0xf8, 0x8, 0xef, 0xff, 0xff, 0xff,
    0xfe, 0x80,

    /* U+F2DB "" */
    0x0, 0x6, 0xff, 0xff, 0xff, 0xff, 0xa0, 0x0,
    0x0, 0x0, 0xcf, 0xff, 0xff, 0xff, 0xff, 0x20,
    0x0, 0x3, 0x1d, 0xff, 0xff, 0xff, 0xff, 0xf3,
    0x41, 0x9, 0xf6, 0xdf, 0xff, 0xff, 0xff, 0xff,
    0x4f, 0xd1, 0x3, 0x1d, 0xff, 0xff, 0xff, 0xff,
    0xf3, 0x41, 0x0, 0x31, 0xdf, 0xff, 0xff, 0xff,
    0xff, 0x34, 0x10, 0x9f, 0x6d, 0xff, 0xff, 0xff,
    0xff, 0xf4, 0xfd, 0x10, 0x31, 0xdf, 0xff, 0xff,
    0xff, 0xff, 0x34, 0x10, 0x3, 0x1d, 0xff, 0xff,
    0xff, 0xff, 0xf3, 0x41, 0x9, 0xf6, 0xdf, 0xff,
    0xff, 0xff, 0xff, 0x4f, 0xd1, 0x3, 0x1d, 0xff,
    0xff, 0xff, 0xff, 0xf3, 0x41, 0x0, 0x31, 0xdf,
    0xff, 0xff, 0xff, 0xff, 0x34, 0x10, 0x9f, 0x6d,
    0xff, 0xff, 0xff, 0xff, 0xf4, 0xfd, 0x10, 0x31,
    0xdf, 0xff, 0xff, 0xff, 0xff, 0x34, 0x10, 0x0,
    0xc, 0xff, 0xff, 0xff, 0xff, 0xf2, 0x0, 0x0,
    0x0, 0x6f, 0xff, 0xff, 0xff, 0xfa, 0x0, 0x0,

    /* U+F2DC "" */
    0x0, 0x0, 0x0, 0xe, 0xe0, 0x0, 0x0, 0x0,
    0x0, 0x0, 0x9, 0xbf, 0xfb, 0x90, 0x0, 0x0,
    0x0, 0x3, 0x16, 0xff, 0xff, 0x61, 0x30, 0x0,
    0x3, 0x4e, 0x90, 0x6f, 0xf6, 0x9, 0xe4, 0x30,
    0xd, 0xff, 0xd0, 0xf, 0xf0, 0xd, 0xff, 0xd0,
    0x5, 0xff, 0xf8, 0xf, 0xf0, 0x8f, 0xff, 0x50,
    0xc, 0xff, 0xff, 0xef, 0xfe, 0xff, 0xff, 0xc0,
    0x4, 0x40, 0x2a, 0xff, 0xff, 0xa2, 0x4, 0x40,
    0x4, 0x40, 0x2a, 0xff, 0xff, 0xa2, 0x4, 0x40,
    0xc, 0xff, 0xff, 0xef, 0xfe, 0xff, 0xff, 0xc0,
    0x5, 0xff, 0xf8, 0xf, 0xf0, 0x8f, 0xff, 0x50,
    0xd, 0xff, 0xd0, 0xf, 0xf0, 0xd, 0xff, 0xd0,
    0x3, 0x4e, 0x90, 0x6f, 0xf6, 0x9, 0xe4, 0x30,
    0x0, 0x3, 0x15, 0xff, 0xff, 0x51, 0x30, 0x0,
    0x0, 0x0, 0x9, 0xbf, 0xfb, 0x80, 0x0, 0x0,
    0x0, 0x0, 0x0, 0xe, 0xe0, 0x0, 0x0, 0x0,

    /* U+F2DD "" */
    0x0, 0x0, 0x0, 0x2, 0x46, 0x8a, 0xc6, 0x0,
    0x0, 0x7d, 0xff, 0xff, 0xff, 0x70, 0x0, 0x2d,
    0xfd, 0x99, 0xcf, 0xf9, 0x0, 0x1, 0xef, 0x50,
    0x0, 0x4, 0xfd, 0x0, 0x8, 0xf4, 0x0, 0x0,
    0x0, 0x4f, 0x80, 0xe, 0xc0, 0x0, 0x0, 0x0,
    0xc, 0xe0, 0xf, 0x80, 0x0, 0x0, 0x0, 0x8,
    0xf0, 0xf, 0x80, 0x0, 0x0, 0x0, 0x8, 0xf0,
    0xe, 0xb0, 0x0, 0x0, 0x0, 0xc, 0xd0, 0x8,
    0xf4, 0x0, 0x0, 0x0, 0x4f, 0x80, 0x1, 0xdf,
    0x40, 0x0, 0x4, 0xfd, 0x0, 0x0, 0x9f, 0xfc,
    0x99, 0xcf, 0xd2, 0x0, 0x7, 0xff, 0xff, 0xff,
    0xd7, 0x0, 0x0, 0x6c, 0xa8, 0x64, 0x20, 0x0,
    0x0, 0x0,

    /* U+F2DE "" */
    0x0, 0x0, 0x39, 0xdf, 0xfd, 0x93, 0x0, 0x0,
    0x0, 0x9, 0xe7, 0x20, 0x2, 0x7e, 0x90, 0x0,
    0x0, 0xba, 0x0, 0x0, 0x0, 0x0, 0xab, 0x0,
    0x9, 0xa0, 0x0, 0x0, 0x0, 0x0, 0xa, 0x90,
    0x3e, 0x0, 0x3e, 0x71, 0x0, 0x0, 0x0, 0xe3,
    0x97, 0x0, 0xaf, 0xf9, 0x40, 0x0, 0x0, 0x79,
    0xd2, 0x0, 0xdf, 0xf7, 0xfd, 0x10, 0x0, 0x2d,
    0xf0, 0x0, 0x5, 0x89, 0xfc, 0xab, 0x10, 0xf,
    0xf0, 0x0, 0x0, 0x9, 0x94, 0xde, 0x0, 0xf,
    0xd2, 0x0, 0x0, 0x7, 0xa0, 0x2, 0x0, 0x2d,
    0x97, 0x0, 0x0, 0x42, 0x52, 0x0, 0x0, 0x79,
    0x3e, 0x0, 0x0, 0x70, 0x7, 0x0, 0x0, 0xe3,
    0x9, 0xa0, 0x0, 0x0, 0x0, 0x0, 0xa, 0x90,
    0x0, 0xba, 0x0, 0x0, 0x0, 0x0, 0xab, 0x0,
    0x0, 0x9, 0xe7, 0x20, 0x2, 0x7e, 0x90, 0x0,
    0x0, 0x0, 0x39, 0xdf, 0xfd, 0x93, 0x0, 0x0,

    /* U+F2E0 "" */
    0x0, 0x0, 0x0, 0x0, 0x0, 0x0, 0x0, 0x0,
    0x0, 0x0, 0x0, 0x5, 0x10, 0x2, 0x50, 0x0,
    0x0, 0x0, 0x0, 0x0, 0x0, 0x0, 0x3, 0x90,
    0x0, 0x0, 0x0, 0x0, 0x0, 0x40, 0x7f, 0xfb,
    0x88, 0x30, 0x0, 0x0, 0x0, 0x1, 0x69, 0xff,
    0xff, 0xff, 0xf6, 0x0, 0x0, 0x0, 0x1, 0x9f,
    0xff, 0xff, 0xff, 0xff, 0x28, 0x0, 0x0, 0xb,
    0xff, 0x73, 0x71, 0x55, 0xdf, 0x44, 0x0, 0x0,
    0xf, 0xfc, 0x0, 0x0, 0x10, 0x9f, 0xf1, 0x3,
    0xd, 0x3e, 0xf7, 0x1, 0xa0, 0xa1, 0xef, 0xf4,
    0x0, 0x3, 0x3f, 0xf2, 0x6, 0x63, 0x84, 0xff,
    0xe1, 0x50, 0x0, 0x7f, 0xd0, 0xc, 0xa, 0x1a,
    0xff, 0xf1, 0x20, 0x0, 0x5f, 0xd0, 0x3f, 0xaf,
    0x16, 0xdf, 0xf2, 0x0, 0x0, 0xb, 0xfe, 0xff,
    0xff, 0xd7, 0xcf, 0xe0, 0x0, 0x0, 0x2, 0x7f,
    0xff, 0xff, 0xff, 0xfe, 0x30, 0x0, 0x0, 0x2,
    0x1f, 0xff, 0xff, 0xff, 0x41, 0x0, 0x0, 0x0,
    0x0, 0x2, 0xac, 0x7a, 0xb4, 0x7c, 0x0, 0x0,
    0x0, 0x0, 0x0, 0x0, 0x72, 0x0, 0x1, 0x0,
    0x0, 0x0, 0x0, 0x0, 0x0, 0x0, 0x0, 0x0,
    0x0, 0x0,

    /* U+F2E5 "" */
    0x0, 0x0, 0x0, 0x0, 0x0, 0x0, 0x0, 0x0,
    0x0, 0x0, 0x0, 0x0, 0x0, 0x4a, 0xef, 0xd5,
    0x0, 0x0, 0x0, 0x0, 0x0, 0xaf, 0xff, 0xff,
    0xf5, 0x0, 0x0, 0x0, 0x0, 0x9f, 0xff, 0xff,
    0xff, 0xd0, 0x0, 0x0, 0x0, 0x2f, 0xff, 0xff,
    0xff, 0xff, 0x0, 0x0, 0x0, 0x6, 0xff, 0xff,
    0xff, 0xff, 0xe0, 0x0, 0x0, 0x0, 0x6f, 0xff,
    0xff, 0xff, 0xfa, 0x0, 0x0, 0x0, 0x2, 0xff,
    0xff, 0xff, 0xff, 0x40, 0x0, 0x0, 0x0, 0xaf,
    0xff, 0xff, 0xff, 0xa0, 0x0, 0x0, 0x0, 0xbf,
    0xff, 0xff, 0xff, 0x90, 0x0, 0x0, 0x1, 0xcf,
    0xff, 0xa2, 0x66, 0x20, 0x0, 0x0, 0x2, 0xdf,
    0xff, 0xb0, 0x0, 0x0, 0x0, 0x0, 0x3, 0xef,
    0xff, 0xc0, 0x0, 0x0, 0x0, 0x0, 0x4, 0xff,
    0xff, 0xd1, 0x0, 0x0, 0x0, 0x0, 0x0, 0xef,
    0xff, 0xe2, 0x0, 0x0, 0x0, 0x0, 0x0, 0x6,
    0xff, 0xf3, 0x0, 0x0, 0x0, 0x0, 0x0, 0x0,
    0x6, 0xe4, 0x0, 0x0, 0x0, 0x0, 0x0, 0x0,
    0x0,

    /* U+F2E7 "" */
    0x6e, 0x2f, 0x2e, 0x60, 0x0, 0x5d, 0xda, 0xf4,
    0xf4, 0xfa, 0x0, 0x6f, 0xff, 0xcf, 0x5f, 0x5f,
    0xc0, 0x2f, 0xff, 0xfe, 0xf6, 0xf6, 0xfe, 0x9,
    0xff, 0xff, 0xff, 0x7f, 0x7f, 0xf0, 0xef, 0xff,
    0xfd, 0xff, 0xff, 0xfd, 0xf, 0xff, 0xff, 0x6f,
    0xff, 0xff, 0x60, 0xcf, 0xff, 0xf0, 0x6f, 0xff,
    0x60, 0x6, 0xff, 0xff, 0x0, 0xef, 0xe0, 0x0,
    0xa, 0xff, 0xf0, 0xf, 0xff, 0x0, 0x0, 0xd,
    0xff, 0x0, 0xff, 0xf0, 0x0, 0x0, 0xdf, 0xf0,
    0xf, 0xff, 0x0, 0x0, 0xf, 0xff, 0x1, 0xff,
    0xf1, 0x0, 0x0, 0xff, 0xf0, 0x2f, 0xff, 0x20,
    0x0, 0x1f, 0xff, 0x3, 0xff, 0xf3, 0x0, 0x3,
    0xff, 0xf0, 0x2f, 0xff, 0x20, 0x0, 0x2f, 0xfd,

    /* U+F2EA "" */
    0x0, 0x0, 0x3, 0x79, 0x97, 0x30, 0x0, 0x0,
    0x78, 0x3, 0xcf, 0xff, 0xff, 0xfc, 0x20, 0x0,
    0xcf, 0xbf, 0xff, 0xfe, 0xef, 0xff, 0xf5, 0x0,
    0xcf, 0xff, 0xf8, 0x10, 0x1, 0x8f, 0xff, 0x20,
    0xcf, 0xff, 0xb0, 0x0, 0x0, 0x4, 0xff, 0xd0,
    0xcf, 0xff, 0xf9, 0x0, 0x0, 0x0, 0x7f, 0xf4,
    0x7d, 0xdd, 0xda, 0x0, 0x0, 0x0, 0xf, 0xf8,
    0x0, 0x0, 0x0, 0x0, 0x0, 0x0, 0xd, 0xfb,
    0x0, 0x0, 0x0, 0x0, 0x0, 0x0, 0xc, 0xfb,
    0x0, 0x0, 0x0, 0x0, 0x0, 0x0, 0xf, 0xf9,
    0x0, 0x0, 0x0, 0x0, 0x0, 0x0, 0x5f, 0xf5,
    0x0, 0x0, 0x0, 0x0, 0x0, 0x2, 0xef, 0xe0,
    0x0, 0x6, 0xe4, 0x0, 0x0, 0x4e, 0xff, 0x50,
    0x0, 0x3f, 0xff, 0xda, 0xad, 0xff, 0xf8, 0x0,
    0x0, 0x6, 0xff, 0xff, 0xff, 0xfe, 0x60, 0x0,
    0x0, 0x0, 0x17, 0xbd, 0xdb, 0x61, 0x0, 0x0,

    /* U+F2ED "" */
    0x0, 0x0, 0x7f, 0xff, 0xf7, 0x0, 0x0, 0xef,
    0xff, 0xff, 0xff, 0xff, 0xff, 0xfe, 0xef, 0xff,
    0xff, 0xff, 0xff, 0xff, 0xfe, 0x0, 0x0, 0x0,
    0x0, 0x0, 0x0, 0x0, 0xf, 0xff, 0xff, 0xff,
    0xff, 0xff, 0xf0, 0xf, 0xff, 0xff, 0xff, 0xff,
    0xff, 0xf0, 0xf, 0xf9, 0x9f, 0x99, 0xf9, 0x9f,
    0xf0, 0xf, 0xf8, 0x8f, 0x88, 0xf8, 0x8f, 0xf0,
    0xf, 0xf8, 0x8f, 0x88, 0xf8, 0x8f, 0xf0, 0xf,
    0xf8, 0x8f, 0x88, 0xf8, 0x8f, 0xf0, 0xf, 0xf8,
    0x8f, 0x88, 0xf8, 0x8f, 0xf0, 0xf, 0xf8, 0x8f,
    0x88, 0xf8, 0x8f, 0xf0, 0xf, 0xf8, 0x8f, 0x88,
    0xf8, 0x8f, 0xf0, 0xf, 0xf9, 0x9f, 0x99, 0xf9,
    0x9f, 0xf0, 0xf, 0xff, 0xff, 0xff, 0xff, 0xff,
    0xf0, 0x8, 0xff, 0xff, 0xff, 0xff, 0xff, 0x80,

    /* U+F2F1 "" */
    0x0, 0x0, 0x3, 0x79, 0x97, 0x30, 0x0, 0x0,
    0x0, 0x3, 0xcf, 0xff, 0xff, 0xfc, 0x30, 0x97,
    0x0, 0x5f, 0xff, 0xfe, 0xef, 0xff, 0xfb, 0xfc,
    0x3, 0xff, 0xf8, 0x10, 0x1, 0x8f, 0xff, 0xfc,
    0xd, 0xff, 0x40, 0x0, 0x0, 0xb, 0xff, 0xfc,
    0x4f, 0xf7, 0x0, 0x0, 0x0, 0x9f, 0xff, 0xfc,
    0x8f, 0xf1, 0x0, 0x0, 0x0, 0xad, 0xdd, 0xd7,
    0x1, 0x10, 0x0, 0x0, 0x0, 0x0, 0x0, 0x0,
    0x0, 0x0, 0x0, 0x0, 0x0, 0x0, 0x0, 0x0,
    0x5a, 0xaa, 0xa7, 0x0, 0x0, 0x0, 0xd, 0xe7,
    0xbf, 0xff, 0xfb, 0x0, 0x0, 0x0, 0x5f, 0xf5,
    0xcf, 0xff, 0xc1, 0x0, 0x0, 0x2, 0xef, 0xe0,
    0xcf, 0xff, 0xe4, 0x0, 0x0, 0x5e, 0xff, 0x50,
    0xcf, 0xef, 0xff, 0xda, 0xbe, 0xff, 0xf8, 0x0,
    0xac, 0x16, 0xef, 0xff, 0xff, 0xff, 0x60, 0x0,
    0x0, 0x0, 0x16, 0xbd, 0xdb, 0x61, 0x0, 0x0,

    /* U+F2F2 "" */
    0x0, 0x0, 0x3f, 0xff, 0xf3, 0x0, 0x0, 0x0,
    0x0, 0x3f, 0xff, 0xf3, 0x0, 0x0, 0x0, 0x0,
    0x0, 0xff, 0x0, 0x0, 0x0, 0x0, 0x1, 0x7c,
    0xff, 0xc7, 0x1, 0x40, 0x0, 0x3e, 0xff, 0xff,
    0xff, 0xed, 0xf4, 0x2, 0xff, 0xff, 0x88, 0xff,
    0xff, 0xd1, 0xb, 0xff, 0xff, 0x0, 0xff, 0xff,
    0xb0, 0x2f, 0xff, 0xff, 0x0, 0xff, 0xff, 0xf2,
    0x6f, 0xff, 0xff, 0x0, 0xff, 0xff, 0xf6, 0x7f,
    0xff, 0xff, 0x0, 0xff, 0xff, 0xf7, 0x6f, 0xff,
    0xff, 0x0, 0xff, 0xff, 0xf6, 0x2f, 0xff, 0xff,
    0xff, 0xff, 0xff, 0xf2, 0xc, 0xff, 0xff, 0xff,
    0xff, 0xff, 0xb0, 0x2, 0xef, 0xff, 0xff, 0xff,
    0xfe, 0x20, 0x0, 0x3e, 0xff, 0xff, 0xff, 0xe3,
    0x0, 0x0, 0x0, 0x7d, 0xff, 0xc7, 0x0, 0x0,

    /* U+F2F5 "" */
    0x0, 0x0, 0x0, 0x0, 0x1, 0x0, 0x0, 0x0,
    0x8, 0xef, 0xff, 0x0, 0xf, 0xb0, 0x0, 0x0,
    0x8f, 0xff, 0xff, 0x0, 0xf, 0xfb, 0x0, 0x0,
    0xef, 0x30, 0x0, 0x0, 0xf, 0xff, 0xb0, 0x0,
    0xff, 0x0, 0x47, 0x77, 0x7f, 0xff, 0xfb, 0x0,
    0xff, 0x0, 0xff, 0xff, 0xff, 0xff, 0xff, 0xb0,
    0xff, 0x0, 0xff, 0xff, 0xff, 0xff, 0xff, 0xf9,
    0xff, 0x0, 0xff, 0xff, 0xff, 0xff, 0xff, 0xf5,
    0xff, 0x0, 0xdf, 0xff, 0xff, 0xff, 0xff, 0x50,
    0xff, 0x0, 0x0, 0x0, 0xf, 0xff, 0xf5, 0x0,
    0xef, 0x30, 0x0, 0x0, 0xf, 0xff, 0x50, 0x0,
    0x8f, 0xff, 0xff, 0x0, 0xf, 0xf5, 0x0, 0x0,
    0x8, 0xef, 0xff, 0x0, 0xa, 0x50, 0x0, 0x0,

    /* U+F2F6 "" */
    0x0, 0x0, 0x9, 0x40, 0x0, 0xff, 0xfe, 0x80,
    0x0, 0x0, 0xf, 0xf5, 0x0, 0xff, 0xff, 0xf8,
    0x0, 0x0, 0xf, 0xff, 0x50, 0x0, 0x3, 0xfe,
    0x0, 0x0, 0xf, 0xff, 0xf5, 0x0, 0x0, 0xff,
    0xdf, 0xff, 0xff, 0xff, 0xff, 0x50, 0x0, 0xff,
    0xff, 0xff, 0xff, 0xff, 0xff, 0xf4, 0x0, 0xff,
    0xff, 0xff, 0xff, 0xff, 0xff, 0xf9, 0x0, 0xff,
    0xff, 0xff, 0xff, 0xff, 0xff, 0xc0, 0x0, 0xff,
    0x58, 0x88, 0x8f, 0xff, 0xfc, 0x0, 0x0, 0xff,
    0x0, 0x0, 0xf, 0xff, 0xc0, 0x0, 0x3, 0xfe,
    0x0, 0x0, 0xf, 0xfc, 0x0, 0xff, 0xff, 0xf8,
    0x0, 0x0, 0xf, 0xc0, 0x0, 0xff, 0xfe, 0x80,
    0x0, 0x0, 0x2, 0x0, 0x0, 0x0, 0x0, 0x0,

    /* U+F2F9 "" */
    0x0, 0x0, 0x3, 0x79, 0x97, 0x30, 0x0, 0x0,
    0x0, 0x3, 0xcf, 0xff, 0xff, 0xfc, 0x20, 0x97,
    0x0, 0x5f, 0xff, 0xfe, 0xef, 0xff, 0xfb, 0xfb,
    0x3, 0xff, 0xf7, 0x10, 0x1, 0x8f, 0xff, 0xfb,
    0xd, 0xff, 0x30, 0x0, 0x0, 0xb, 0xff, 0xfb,
    0x4f, 0xf6, 0x0, 0x0, 0x0, 0x9f, 0xff, 0xfb,
    0x9f, 0xf0, 0x0, 0x0, 0x0, 0xad, 0xdd, 0xd7,
    0xbf, 0xc0, 0x0, 0x0, 0x0, 0x0, 0x0, 0x0,
    0xbf, 0xc0, 0x0, 0x0, 0x0, 0x0, 0x0, 0x0,
    0xaf, 0xe0, 0x0, 0x0, 0x0, 0x0, 0x0, 0x0,
    0x6f, 0xf5, 0x0, 0x0, 0x0, 0x0, 0x0, 0x0,
    0xe, 0xfe, 0x10, 0x0, 0x0, 0x0, 0x0, 0x0,
    0x6, 0xff, 0xe4, 0x0, 0x0, 0x4e, 0x60, 0x0,
    0x0, 0x8f, 0xff, 0xda, 0xae, 0xff, 0xf2, 0x0,
    0x0, 0x6, 0xff, 0xff, 0xff, 0xfe, 0x50, 0x0,
    0x0, 0x0, 0x17, 0xbd, 0xdb, 0x60, 0x0, 0x0,

    /* U+F2FE "" */
    0x0, 0x0, 0x0, 0x3, 0xe8, 0x0, 0x0, 0x0,
    0x0, 0x0, 0x0, 0x0, 0xff, 0x80, 0x0, 0x0,
    0x0, 0x0, 0x0, 0x4, 0xff, 0xe0, 0x0, 0x0,
    0x0, 0x0, 0x0, 0x4e, 0xff, 0xe0, 0x0, 0x0,
    0x0, 0x4, 0xef, 0xff, 0xff, 0xfe, 0x40, 0x0,
    0x0, 0xe, 0xff, 0xff, 0xff, 0xff, 0xe0, 0x0,
    0x0, 0xe, 0xff, 0xff, 0xff, 0xff, 0xe0, 0x0,
    0x0, 0x5b, 0xff, 0xff, 0xff, 0xff, 0xb5, 0x0,
    0x9, 0xff, 0xf3, 0x3f, 0xf3, 0x3f, 0xff, 0x90,
    0xf, 0xff, 0xf3, 0x3f, 0xf3, 0x3f, 0xff, 0xf0,
    0xc, 0xff, 0xff, 0xff, 0xff, 0xff, 0xff, 0xc0,
    0x7, 0xff, 0xff, 0xff, 0xff, 0xff, 0xff, 0x70,
    0x8f, 0xff, 0xf2, 0x0, 0x0, 0x2f, 0xff, 0xf8,
    0xff, 0xff, 0xfe, 0x61, 0x16, 0xef, 0xff, 0xff,
    0xdf, 0xff, 0xff, 0xff, 0xff, 0xff, 0xff, 0xfd,
    0x3d, 0xff, 0xff, 0xff, 0xff, 0xff, 0xff, 0xd3
};


/*---------------------
 *  GLYPH DESCRIPTION
 *--------------------*/

static const lv_font_fmt_txt_glyph_dsc_t glyph_dsc[] = {
    {.bitmap_index = 0, .adv_w = 0, .box_w = 0, .box_h = 0, .ofs_x = 0, .ofs_y = 0} /* id = 0 reserved */,
    {.bitmap_index = 0, .adv_w = 68, .box_w = 0, .box_h = 0, .ofs_x = 0, .ofs_y = 0},
    {.bitmap_index = 0, .adv_w = 75, .box_w = 3, .box_h = 12, .ofs_x = 1, .ofs_y = 0},
    {.bitmap_index = 18, .adv_w = 102, .box_w = 5, .box_h = 5, .ofs_x = 1, .ofs_y = 7},
    {.bitmap_index = 31, .adv_w = 163, .box_w = 10, .box_h = 12, .ofs_x = 0, .ofs_y = 0},
    {.bitmap_index = 91, .adv_w = 165, .box_w = 10, .box_h = 15, .ofs_x = 0, .ofs_y = -1},
    {.bitmap_index = 166, .adv_w = 212, .box_w = 11, .box_h = 12, .ofs_x = 1, .ofs_y = 0},
    {.bitmap_index = 232, .adv_w = 167, .box_w = 11, .box_h = 12, .ofs_x = 0, .ofs_y = 0},
    {.bitmap_index = 298, .adv_w = 56, .box_w = 2, .box_h = 5, .ofs_x = 1, .ofs_y = 7},
    {.bitmap_index = 303, .adv_w = 97, .box_w = 5, .box_h = 15, .ofs_x = 1, .ofs_y = -2},
    {.bitmap_index = 341, .adv_w = 97, .box_w = 5, .box_h = 15, .ofs_x = 0, .ofs_y = -2},
    {.bitmap_index = 379, .adv_w = 134, .box_w = 7, .box_h = 7, .ofs_x = 1, .ofs_y = 5},
    {.bitmap_index = 404, .adv_w = 170, .box_w = 9, .box_h = 8, .ofs_x = 1, .ofs_y = 1},
    {.bitmap_index = 440, .adv_w = 74, .box_w = 3, .box_h = 5, .ofs_x = 1, .ofs_y = -3},
    {.bitmap_index = 448, .adv_w = 119, .box_w = 6, .box_h = 2, .ofs_x = 1, .ofs_y = 4},
    {.bitmap_index = 454, .adv_w = 72, .box_w = 3, .box_h = 3, .ofs_x = 1, .ofs_y = 0},
    {.bitmap_index = 459, .adv_w = 94, .box_w = 6, .box_h = 14, .ofs_x = 0, .ofs_y = -2},
    {.bitmap_index = 501, .adv_w = 165, .box_w = 10, .box_h = 12, .ofs_x = 0, .ofs_y = 0},
    {.bitmap_index = 561, .adv_w = 121, .box_w = 6, .box_h = 12, .ofs_x = 0, .ofs_y = 0},
    {.bitmap_index = 597, .adv_w = 157, .box_w = 8, .box_h = 12, .ofs_x = 1, .ofs_y = 0},
    {.bitmap_index = 645, .adv_w = 165, .box_w = 9, .box_h = 12, .ofs_x = 1, .ofs_y = 0},
    {.bitmap_index = 699, .adv_w = 167, .box_w = 10, .box_h = 12, .ofs_x = 0, .ofs_y = 0},
    {.bitmap_index = 759, .adv_w = 159, .box_w = 8, .box_h = 12, .ofs_x = 1, .ofs_y = 0},
    {.bitmap_index = 807, .adv_w = 163, .box_w = 10, .box_h = 12, .ofs_x = 0, .ofs_y = 0},
    {.bitmap_index = 867, .adv_w = 148, .box_w = 9, .box_h = 12, .ofs_x = 0, .ofs_y = 0},
    {.bitmap_index = 921, .adv_w = 162, .box_w = 10, .box_h = 12, .ofs_x = 0, .ofs_y = 0},
    {.bitmap_index = 981, .adv_w = 163, .box_w = 10, .box_h = 12, .ofs_x = 0, .ofs_y = 0},
    {.bitmap_index = 1041, .adv_w = 72, .box_w = 3, .box_h = 9, .ofs_x = 1, .ofs_y = 0},
    {.bitmap_index = 1055, .adv_w = 74, .box_w = 3, .box_h = 12, .ofs_x = 1, .ofs_y = -3},
    {.bitmap_index = 1073, .adv_w = 170, .box_w = 9, .box_h = 10, .ofs_x = 1, .ofs_y = 0},
    {.bitmap_index = 1118, .adv_w = 170, .box_w = 8, .box_h = 5, .ofs_x = 1, .ofs_y = 2},
    {.bitmap_index = 1138, .adv_w = 170, .box_w = 9, .box_h = 10, .ofs_x = 1, .ofs_y = 0},
    {.bitmap_index = 1183, .adv_w = 135, .box_w = 8, .box_h = 12, .ofs_x = 0, .ofs_y = 0},
    {.bitmap_index = 1231, .adv_w = 248, .box_w = 15, .box_h = 15, .ofs_x = 0, .ofs_y = -3},
    {.bitmap_index = 1344, .adv_w = 179, .box_w = 11, .box_h = 12, .ofs_x = 0, .ofs_y = 0},
    {.bitmap_index = 1410, .adv_w = 167, .box_w = 9, .box_h = 12, .ofs_x = 1, .ofs_y = 0},
    {.bitmap_index = 1464, .adv_w = 188, .box_w = 11, .box_h = 12, .ofs_x = 0, .ofs_y = 0},
    {.bitmap_index = 1530, .adv_w = 185, .box_w = 10, .box_h = 12, .ofs_x = 1, .ofs_y = 0},
    {.bitmap_index = 1590, .adv_w = 154, .box_w = 8, .box_h = 12, .ofs_x = 1, .ofs_y = 0},
    {.bitmap_index = 1638, .adv_w = 150, .box_w = 8, .box_h = 12, .ofs_x = 1, .ofs_y = 0},
    {.bitmap_index = 1686, .adv_w = 192, .box_w = 12, .box_h = 12, .ofs_x = 0, .ofs_y = 0},
    {.bitmap_index = 1758, .adv_w = 190, .box_w = 10, .box_h = 12, .ofs_x = 1, .ofs_y = 0},
    {.bitmap_index = 1818, .adv_w = 69, .box_w = 3, .box_h = 12, .ofs_x = 1, .ofs_y = 0},
    {.bitmap_index = 1836, .adv_w = 141, .box_w = 8, .box_h = 12, .ofs_x = 0, .ofs_y = 0},
    {.bitmap_index = 1884, .adv_w = 170, .box_w = 10, .box_h = 12, .ofs_x = 1, .ofs_y = 0},
    {.bitmap_index = 1944, .adv_w = 144, .box_w = 8, .box_h = 12, .ofs_x = 1, .ofs_y = 0},
    {.bitmap_index = 1992, .adv_w = 230, .box_w = 13, .box_h = 12, .ofs_x = 1, .ofs_y = 0},
    {.bitmap_index = 2070, .adv_w = 191, .box_w = 10, .box_h = 12, .ofs_x = 1, .ofs_y = 0},
    {.bitmap_index = 2130, .adv_w = 197, .box_w = 12, .box_h = 12, .ofs_x = 0, .ofs_y = 0},
    {.bitmap_index = 2202, .adv_w = 164, .box_w = 9, .box_h = 12, .ofs_x = 1, .ofs_y = 0},
    {.bitmap_index = 2256, .adv_w = 197, .box_w = 12, .box_h = 13, .ofs_x = 0, .ofs_y = -1},
    {.bitmap_index = 2334, .adv_w = 165, .box_w = 9, .box_h = 12, .ofs_x = 1, .ofs_y = 0},
    {.bitmap_index = 2388, .adv_w = 165, .box_w = 10, .box_h = 12, .ofs_x = 0, .ofs_y = 0},
    {.bitmap_index = 2448, .adv_w = 167, .box_w = 10, .box_h = 12, .ofs_x = 0, .ofs_y = 0},
    {.bitmap_index = 2508, .adv_w = 189, .box_w = 10, .box_h = 12, .ofs_x = 1, .ofs_y = 0},
    {.bitmap_index = 2568, .adv_w = 179, .box_w = 11, .box_h = 12, .ofs_x = 0, .ofs_y = 0},
    {.bitmap_index = 2634, .adv_w = 250, .box_w = 16, .box_h = 12, .ofs_x = 0, .ofs_y = 0},
    {.bitmap_index = 2730, .adv_w = 171, .box_w = 11, .box_h = 12, .ofs_x = 0, .ofs_y = 0},
    {.bitmap_index = 2796, .adv_w = 175, .box_w = 11, .box_h = 12, .ofs_x = 0, .ofs_y = 0},
    {.bitmap_index = 2862, .adv_w = 164, .box_w = 10, .box_h = 12, .ofs_x = 0, .ofs_y = 0},
    {.bitmap_index = 2922, .adv_w = 97, .box_w = 5, .box_h = 16, .ofs_x = 1, .ofs_y = -3},
    {.bitmap_index = 2962, .adv_w = 94, .box_w = 6, .box_h = 14, .ofs_x = 0, .ofs_y = -2},
    {.bitmap_index = 3004, .adv_w = 97, .box_w = 5, .box_h = 16, .ofs_x = 0, .ofs_y = -3},
    {.bitmap_index = 3044, .adv_w = 122, .box_w = 7, .box_h = 5, .ofs_x = 0, .ofs_y = 6},
    {.bitmap_index = 3062, .adv_w = 118, .box_w = 9, .box_h = 3, .ofs_x = -1, .ofs_y = -2},
    {.bitmap_index = 3076, .adv_w = 127, .box_w = 4, .box_h = 3, .ofs_x = 2, .ofs_y = 10},
    {.bitmap_index = 3082, .adv_w = 146, .box_w = 8, .box_h = 9, .ofs_x = 0, .ofs_y = 0},
    {.bitmap_index = 3118, .adv_w = 160, .box_w = 9, .box_h = 12, .ofs_x = 1, .ofs_y = 0},
    {.bitmap_index = 3172, .adv_w = 145, .box_w = 9, .box_h = 9, .ofs_x = 0, .ofs_y = 0},
    {.bitmap_index = 3213, .adv_w = 160, .box_w = 9, .box_h = 12, .ofs_x = 0, .ofs_y = 0},
    {.bitmap_index = 3267, .adv_w = 150, .box_w = 9, .box_h = 9, .ofs_x = 0, .ofs_y = 0},
    {.bitmap_index = 3308, .adv_w = 94, .box_w = 6, .box_h = 12, .ofs_x = 0, .ofs_y = 0},
    {.bitmap_index = 3344, .adv_w = 158, .box_w = 9, .box_h = 12, .ofs_x = 0, .ofs_y = -3},
    {.bitmap_index = 3398, .adv_w = 154, .box_w = 8, .box_h = 12, .ofs_x = 1, .ofs_y = 0},
    {.bitmap_index = 3446, .adv_w = 64, .box_w = 4, .box_h = 12, .ofs_x = 0, .ofs_y = 0},
    {.bitmap_index = 3470, .adv_w = 64, .box_w = 5, .box_h = 15, .ofs_x = -1, .ofs_y = -3},
    {.bitmap_index = 3508, .adv_w = 142, .box_w = 8, .box_h = 12, .ofs_x = 1, .ofs_y = 0},
    {.bitmap_index = 3556, .adv_w = 64, .box_w = 2, .box_h = 12, .ofs_x = 1, .ofs_y = 0},
    {.bitmap_index = 3568, .adv_w = 226, .box_w = 12, .box_h = 9, .ofs_x = 1, .ofs_y = 0},
    {.bitmap_index = 3622, .adv_w = 153, .box_w = 8, .box_h = 9, .ofs_x = 1, .ofs_y = 0},
    {.bitmap_index = 3658, .adv_w = 154, .box_w = 9, .box_h = 9, .ofs_x = 0, .ofs_y = 0},
    {.bitmap_index = 3699, .adv_w = 158, .box_w = 9, .box_h = 12, .ofs_x = 1, .ofs_y = -3},
    {.bitmap_index = 3753, .adv_w = 158, .box_w = 9, .box_h = 12, .ofs_x = 0, .ofs_y = -3},
    {.bitmap_index = 3807, .adv_w = 98, .box_w = 5, .box_h = 9, .ofs_x = 1, .ofs_y = 0},
    {.bitmap_index = 3830, .adv_w = 137, .box_w = 8, .box_h = 9, .ofs_x = 0, .ofs_y = 0},
    {.bitmap_index = 3866, .adv_w = 95, .box_w = 6, .box_h = 11, .ofs_x = 0, .ofs_y = 0},
    {.bitmap_index = 3899, .adv_w = 152, .box_w = 8, .box_h = 9, .ofs_x = 1, .ofs_y = 0},
    {.bitmap_index = 3935, .adv_w = 145, .box_w = 9, .box_h = 9, .ofs_x = 0, .ofs_y = 0},
    {.bitmap_index = 3976, .adv_w = 211, .box_w = 13, .box_h = 9, .ofs_x = 0, .ofs_y = 0},
    {.bitmap_index = 4035, .adv_w = 141, .box_w = 9, .box_h = 9, .ofs_x = 0, .ofs_y = 0},
    {.bitmap_index = 4076, .adv_w = 145, .box_w = 9, .box_h = 12, .ofs_x = 0, .ofs_y = -3},
    {.bitmap_index = 4130, .adv_w = 141, .box_w = 8, .box_h = 9, .ofs_x = 0, .ofs_y = 0},
    {.bitmap_index = 4166, .adv_w = 97, .box_w = 6, .box_h = 15, .ofs_x = 0, .ofs_y = -3},
    {.bitmap_index = 4211, .adv_w = 88, .box_w = 3, .box_h = 20, .ofs_x = 1, .ofs_y = -4},
    {.bitmap_index = 4241, .adv_w = 97, .box_w = 6, .box_h = 15, .ofs_x = 0, .ofs_y = -3},
    {.bitmap_index = 4286, .adv_w = 170, .box_w = 9, .box_h = 3, .ofs_x = 1, .ofs_y = 3},
    {.bitmap_index = 4300, .adv_w = 256, .box_w = 18, .box_h = 16, .ofs_x = -1, .ofs_y = -2},
    {.bitmap_index = 4444, .adv_w = 256, .box_w = 16, .box_h = 17, .ofs_x = 0, .ofs_y = -2},
    {.bitmap_index = 4580, .adv_w = 256, .box_w = 16, .box_h = 16, .ofs_x = 0, .ofs_y = -2},
    {.bitmap_index = 4708, .adv_w = 256, .box_w = 18, .box_h = 15, .ofs_x = -1, .ofs_y = -1},
    {.bitmap_index = 4843, .adv_w = 288, .box_w = 18, .box_h = 17, .ofs_x = 0, .ofs_y = -3},
    {.bitmap_index = 4996, .adv_w = 224, .box_w = 14, .box_h = 16, .ofs_x = 0, .ofs_y = -2},
    {.bitmap_index = 5108, .adv_w = 256, .box_w = 16, .box_h = 12, .ofs_x = 0, .ofs_y = 0},
    {.bitmap_index = 5204, .adv_w = 256, .box_w = 16, .box_h = 14, .ofs_x = 0, .ofs_y = -1},
    {.bitmap_index = 5316, .adv_w = 256, .box_w = 17, .box_h = 14, .ofs_x = 0, .ofs_y = -1},
    {.bitmap_index = 5435, .adv_w = 256, .box_w = 16, .box_h = 14, .ofs_x = 0, .ofs_y = -1},
    {.bitmap_index = 5547, .adv_w = 256, .box_w = 16, .box_h = 12, .ofs_x = 0, .ofs_y = 0},
    {.bitmap_index = 5643, .adv_w = 176, .box_w = 11, .box_h = 12, .ofs_x = 0, .ofs_y = 0},
    {.bitmap_index = 5709, .adv_w = 256, .box_w = 16, .box_h = 16, .ofs_x = 0, .ofs_y = -2},
    {.bitmap_index = 5837, .adv_w = 256, .box_w = 16, .box_h = 16, .ofs_x = 0, .ofs_y = -2},
    {.bitmap_index = 5965, .adv_w = 256, .box_w = 16, .box_h = 16, .ofs_x = 0, .ofs_y = -2},
    {.bitmap_index = 6093, .adv_w = 320, .box_w = 20, .box_h = 16, .ofs_x = 0, .ofs_y = -2},
    {.bitmap_index = 6253, .adv_w = 256, .box_w = 16, .box_h = 16, .ofs_x = 0, .ofs_y = -2},
    {.bitmap_index = 6381, .adv_w = 288, .box_w = 18, .box_h = 14, .ofs_x = 0, .ofs_y = -1},
    {.bitmap_index = 6507, .adv_w = 256, .box_w = 16, .box_h = 16, .ofs_x = 0, .ofs_y = -2},
    {.bitmap_index = 6635, .adv_w = 288, .box_w = 20, .box_h = 12, .ofs_x = -1, .ofs_y = 0},
    {.bitmap_index = 6755, .adv_w = 256, .box_w = 16, .box_h = 16, .ofs_x = 0, .ofs_y = -2},
    {.bitmap_index = 6883, .adv_w = 288, .box_w = 18, .box_h = 12, .ofs_x = 0, .ofs_y = 0},
    {.bitmap_index = 6991, .adv_w = 256, .box_w = 16, .box_h = 16, .ofs_x = 0, .ofs_y = -2},
    {.bitmap_index = 7119, .adv_w = 256, .box_w = 16, .box_h = 16, .ofs_x = 0, .ofs_y = -2},
    {.bitmap_index = 7247, .adv_w = 256, .box_w = 16, .box_h = 14, .ofs_x = 0, .ofs_y = -1},
    {.bitmap_index = 7359, .adv_w = 224, .box_w = 14, .box_h = 16, .ofs_x = 0, .ofs_y = -2},
    {.bitmap_index = 7471, .adv_w = 256, .box_w = 16, .box_h = 17, .ofs_x = 0, .ofs_y = -2},
    {.bitmap_index = 7607, .adv_w = 256, .box_w = 16, .box_h = 14, .ofs_x = 0, .ofs_y = -1},
    {.bitmap_index = 7719, .adv_w = 128, .box_w = 8, .box_h = 14, .ofs_x = 0, .ofs_y = -1},
    {.bitmap_index = 7775, .adv_w = 192, .box_w = 12, .box_h = 14, .ofs_x = 0, .ofs_y = -1},
    {.bitmap_index = 7859, .adv_w = 288, .box_w = 18, .box_h = 16, .ofs_x = 0, .ofs_y = -2},
    {.bitmap_index = 8003, .adv_w = 224, .box_w = 14, .box_h = 14, .ofs_x = 0, .ofs_y = -1},
    {.bitmap_index = 8101, .adv_w = 256, .box_w = 17, .box_h = 12, .ofs_x = 0, .ofs_y = 0},
    {.bitmap_index = 8203, .adv_w = 256, .box_w = 16, .box_h = 16, .ofs_x = 0, .ofs_y = -2},
    {.bitmap_index = 8331, .adv_w = 320, .box_w = 20, .box_h = 16, .ofs_x = 0, .ofs_y = -2},
    {.bitmap_index = 8491, .adv_w = 224, .box_w = 14, .box_h = 16, .ofs_x = 0, .ofs_y = -2},
    {.bitmap_index = 8603, .adv_w = 192, .box_w = 12, .box_h = 16, .ofs_x = 0, .ofs_y = -2},
    {.bitmap_index = 8699, .adv_w = 256, .box_w = 16, .box_h = 16, .ofs_x = 0, .ofs_y = -2},
    {.bitmap_index = 8827, .adv_w = 256, .box_w = 16, .box_h = 14, .ofs_x = 0, .ofs_y = -1},
    {.bitmap_index = 8939, .adv_w = 224, .box_w = 14, .box_h = 14, .ofs_x = 0, .ofs_y = -1},
    {.bitmap_index = 9037, .adv_w = 192, .box_w = 13, .box_h = 14, .ofs_x = 0, .ofs_y = -1},
    {.bitmap_index = 9128, .adv_w = 160, .box_w = 10, .box_h = 14, .ofs_x = 0, .ofs_y = -1},
    {.bitmap_index = 9198, .adv_w = 288, .box_w = 19, .box_h = 14, .ofs_x = 0, .ofs_y = -1},
    {.bitmap_index = 9331, .adv_w = 224, .box_w = 14, .box_h = 15, .ofs_x = 0, .ofs_y = -2},
    {.bitmap_index = 9436, .adv_w = 224, .box_w = 14, .box_h = 14, .ofs_x = 0, .ofs_y = -1},
    {.bitmap_index = 9534, .adv_w = 224, .box_w = 14, .box_h = 14, .ofs_x = 0, .ofs_y = -1},
    {.bitmap_index = 9632, .adv_w = 224, .box_w = 14, .box_h = 14, .ofs_x = 0, .ofs_y = -1},
    {.bitmap_index = 9730, .adv_w = 224, .box_w = 14, .box_h = 14, .ofs_x = 0, .ofs_y = -1},
    {.bitmap_index = 9828, .adv_w = 256, .box_w = 16, .box_h = 14, .ofs_x = 0, .ofs_y = -1},
    {.bitmap_index = 9940, .adv_w = 224, .box_w = 14, .box_h = 14, .ofs_x = 0, .ofs_y = -1},
    {.bitmap_index = 10038, .adv_w = 224, .box_w = 14, .box_h = 14, .ofs_x = 0, .ofs_y = -1},
    {.bitmap_index = 10136, .adv_w = 288, .box_w = 18, .box_h = 12, .ofs_x = 0, .ofs_y = 0},
    {.bitmap_index = 10244, .adv_w = 256, .box_w = 16, .box_h = 12, .ofs_x = 0, .ofs_y = 0},
    {.bitmap_index = 10340, .adv_w = 192, .box_w = 12, .box_h = 16, .ofs_x = 0, .ofs_y = -2},
    {.bitmap_index = 10436, .adv_w = 256, .box_w = 16, .box_h = 16, .ofs_x = 0, .ofs_y = -2},
    {.bitmap_index = 10564, .adv_w = 176, .box_w = 11, .box_h = 16, .ofs_x = 0, .ofs_y = -2},
    {.bitmap_index = 10652, .adv_w = 288, .box_w = 18, .box_h = 16, .ofs_x = 0, .ofs_y = -2},
    {.bitmap_index = 10796, .adv_w = 224, .box_w = 10, .box_h = 16, .ofs_x = 2, .ofs_y = -2},
    {.bitmap_index = 10876, .adv_w = 256, .box_w = 16, .box_h = 14, .ofs_x = 0, .ofs_y = -1},
    {.bitmap_index = 10988, .adv_w = 256, .box_w = 16, .box_h = 14, .ofs_x = 0, .ofs_y = -1},
    {.bitmap_index = 11100, .adv_w = 224, .box_w = 14, .box_h = 18, .ofs_x = 0, .ofs_y = -3},
    {.bitmap_index = 11226, .adv_w = 224, .box_w = 14, .box_h = 15, .ofs_x = 0, .ofs_y = -1},
    {.bitmap_index = 11331, .adv_w = 224, .box_w = 14, .box_h = 14, .ofs_x = 0, .ofs_y = -1},
    {.bitmap_index = 11429, .adv_w = 256, .box_w = 16, .box_h = 14, .ofs_x = 0, .ofs_y = -1},
    {.bitmap_index = 11541, .adv_w = 256, .box_w = 16, .box_h = 14, .ofs_x = 0, .ofs_y = -1},
    {.bitmap_index = 11653, .adv_w = 224, .box_w = 10, .box_h = 16, .ofs_x = 2, .ofs_y = -2},
    {.bitmap_index = 11733, .adv_w = 224, .box_w = 16, .box_h = 14, .ofs_x = -1, .ofs_y = -1},
    {.bitmap_index = 11845, .adv_w = 160, .box_w = 10, .box_h = 14, .ofs_x = 0, .ofs_y = -1},
    {.bitmap_index = 11915, .adv_w = 160, .box_w = 10, .box_h = 14, .ofs_x = 0, .ofs_y = -1},
    {.bitmap_index = 11985, .adv_w = 256, .box_w = 16, .box_h = 16, .ofs_x = 0, .ofs_y = -2},
    {.bitmap_index = 12113, .adv_w = 256, .box_w = 16, .box_h = 16, .ofs_x = 0, .ofs_y = -2},
    {.bitmap_index = 12241, .adv_w = 256, .box_w = 16, .box_h = 16, .ofs_x = 0, .ofs_y = -2},
    {.bitmap_index = 12369, .adv_w = 256, .box_w = 16, .box_h = 16, .ofs_x = 0, .ofs_y = -2},
    {.bitmap_index = 12497, .adv_w = 256, .box_w = 16, .box_h = 16, .ofs_x = 0, .ofs_y = -2},
    {.bitmap_index = 12625, .adv_w = 256, .box_w = 16, .box_h = 16, .ofs_x = 0, .ofs_y = -2},
    {.bitmap_index = 12753, .adv_w = 256, .box_w = 16, .box_h = 16, .ofs_x = 0, .ofs_y = -2},
    {.bitmap_index = 12881, .adv_w = 256, .box_w = 16, .box_h = 16, .ofs_x = 0, .ofs_y = -2},
    {.bitmap_index = 13009, .adv_w = 224, .box_w = 14, .box_h = 15, .ofs_x = 0, .ofs_y = -1},
    {.bitmap_index = 13114, .adv_w = 224, .box_w = 14, .box_h = 15, .ofs_x = 0, .ofs_y = -1},
    {.bitmap_index = 13219, .adv_w = 224, .box_w = 14, .box_h = 14, .ofs_x = 0, .ofs_y = -1},
    {.bitmap_index = 13317, .adv_w = 224, .box_w = 14, .box_h = 14, .ofs_x = 0, .ofs_y = -1},
    {.bitmap_index = 13415, .adv_w = 256, .box_w = 16, .box_h = 15, .ofs_x = 0, .ofs_y = -1},
    {.bitmap_index = 13535, .adv_w = 224, .box_w = 14, .box_h = 14, .ofs_x = 0, .ofs_y = -1},
    {.bitmap_index = 13633, .adv_w = 224, .box_w = 14, .box_h = 14, .ofs_x = 0, .ofs_y = -1},
    {.bitmap_index = 13731, .adv_w = 224, .box_w = 14, .box_h = 14, .ofs_x = 0, .ofs_y = -1},
    {.bitmap_index = 13829, .adv_w = 224, .box_w = 14, .box_h = 4, .ofs_x = 0, .ofs_y = 4},
    {.bitmap_index = 13857, .adv_w = 256, .box_w = 16, .box_h = 16, .ofs_x = 0, .ofs_y = -2},
    {.bitmap_index = 13985, .adv_w = 256, .box_w = 16, .box_h = 16, .ofs_x = 0, .ofs_y = -2},
    {.bitmap_index = 14113, .adv_w = 256, .box_w = 16, .box_h = 14, .ofs_x = 0, .ofs_y = -1},
    {.bitmap_index = 14225, .adv_w = 288, .box_w = 19, .box_h = 17, .ofs_x = -1, .ofs_y = -3},
    {.bitmap_index = 14387, .adv_w = 192, .box_w = 12, .box_h = 17, .ofs_x = 0, .ofs_y = -2},
    {.bitmap_index = 14489, .adv_w = 288, .box_w = 18, .box_h = 12, .ofs_x = 0, .ofs_y = 0},
    {.bitmap_index = 14597, .adv_w = 320, .box_w = 20, .box_h = 16, .ofs_x = 0, .ofs_y = -2},
    {.bitmap_index = 14757, .adv_w = 288, .box_w = 20, .box_h = 16, .ofs_x = -1, .ofs_y = -2},
    {.bitmap_index = 14917, .adv_w = 288, .box_w = 19, .box_h = 16, .ofs_x = -1, .ofs_y = -2},
    {.bitmap_index = 15069, .adv_w = 224, .box_w = 14, .box_h = 16, .ofs_x = 0, .ofs_y = -2},
    {.bitmap_index = 15181, .adv_w = 256, .box_w = 16, .box_h = 16, .ofs_x = 0, .ofs_y = -2},
    {.bitmap_index = 15309, .adv_w = 256, .box_w = 17, .box_h = 14, .ofs_x = -1, .ofs_y = -1},
    {.bitmap_index = 15428, .adv_w = 256, .box_w = 16, .box_h = 16, .ofs_x = 0, .ofs_y = -2},
    {.bitmap_index = 15556, .adv_w = 224, .box_w = 14, .box_h = 10, .ofs_x = 0, .ofs_y = 1},
    {.bitmap_index = 15626, .adv_w = 224, .box_w = 14, .box_h = 10, .ofs_x = 0, .ofs_y = 1},
    {.bitmap_index = 15696, .adv_w = 320, .box_w = 20, .box_h = 14, .ofs_x = 0, .ofs_y = -1},
    {.bitmap_index = 15836, .adv_w = 288, .box_w = 20, .box_h = 16, .ofs_x = -1, .ofs_y = -2},
    {.bitmap_index = 15996, .adv_w = 256, .box_w = 16, .box_h = 12, .ofs_x = 0, .ofs_y = 0},
    {.bitmap_index = 16092, .adv_w = 288, .box_w = 19, .box_h = 12, .ofs_x = 0, .ofs_y = 0},
    {.bitmap_index = 16206, .adv_w = 256, .box_w = 16, .box_h = 12, .ofs_x = 0, .ofs_y = 0},
    {.bitmap_index = 16302, .adv_w = 224, .box_w = 14, .box_h = 14, .ofs_x = 0, .ofs_y = -1},
    {.bitmap_index = 16400, .adv_w = 224, .box_w = 14, .box_h = 14, .ofs_x = 0, .ofs_y = -1},
    {.bitmap_index = 16498, .adv_w = 256, .box_w = 16, .box_h = 14, .ofs_x = 0, .ofs_y = -1},
    {.bitmap_index = 16610, .adv_w = 256, .box_w = 16, .box_h = 16, .ofs_x = 0, .ofs_y = -2},
    {.bitmap_index = 16738, .adv_w = 320, .box_w = 22, .box_h = 18, .ofs_x = -1, .ofs_y = -3},
    {.bitmap_index = 16936, .adv_w = 288, .box_w = 20, .box_h = 14, .ofs_x = -1, .ofs_y = -1},
    {.bitmap_index = 17076, .adv_w = 288, .box_w = 9, .box_h = 17, .ofs_x = 0, .ofs_y = -3},
    {.bitmap_index = 17153, .adv_w = 224, .box_w = 14, .box_h = 14, .ofs_x = 0, .ofs_y = -1},
    {.bitmap_index = 17251, .adv_w = 192, .box_w = 12, .box_h = 16, .ofs_x = 0, .ofs_y = -2},
    {.bitmap_index = 17347, .adv_w = 288, .box_w = 18, .box_h = 16, .ofs_x = 0, .ofs_y = -2},
    {.bitmap_index = 17491, .adv_w = 224, .box_w = 14, .box_h = 14, .ofs_x = 0, .ofs_y = -1},
    {.bitmap_index = 17589, .adv_w = 256, .box_w = 16, .box_h = 16, .ofs_x = 0, .ofs_y = -2},
    {.bitmap_index = 17717, .adv_w = 256, .box_w = 18, .box_h = 17, .ofs_x = -1, .ofs_y = -3},
    {.bitmap_index = 17870, .adv_w = 256, .box_w = 17, .box_h = 17, .ofs_x = -1, .ofs_y = -2},
    {.bitmap_index = 18015, .adv_w = 224, .box_w = 14, .box_h = 14, .ofs_x = 0, .ofs_y = -1},
    {.bitmap_index = 18113, .adv_w = 256, .box_w = 16, .box_h = 14, .ofs_x = 0, .ofs_y = -1},
    {.bitmap_index = 18225, .adv_w = 256, .box_w = 16, .box_h = 16, .ofs_x = 0, .ofs_y = -2},
    {.bitmap_index = 18353, .adv_w = 248, .box_w = 16, .box_h = 16, .ofs_x = 0, .ofs_y = -2},
    {.bitmap_index = 18481, .adv_w = 224, .box_w = 14, .box_h = 16, .ofs_x = 0, .ofs_y = -2},
    {.bitmap_index = 18593, .adv_w = 288, .box_w = 18, .box_h = 14, .ofs_x = 0, .ofs_y = -1},
    {.bitmap_index = 18719, .adv_w = 224, .box_w = 14, .box_h = 14, .ofs_x = 0, .ofs_y = -1},
    {.bitmap_index = 18817, .adv_w = 288, .box_w = 18, .box_h = 12, .ofs_x = 0, .ofs_y = 0},
    {.bitmap_index = 18925, .adv_w = 288, .box_w = 18, .box_h = 16, .ofs_x = 0, .ofs_y = -2},
    {.bitmap_index = 19069, .adv_w = 256, .box_w = 18, .box_h = 18, .ofs_x = -1, .ofs_y = -3},
    {.bitmap_index = 19231, .adv_w = 256, .box_w = 16, .box_h = 12, .ofs_x = 0, .ofs_y = 0},
    {.bitmap_index = 19327, .adv_w = 256, .box_w = 17, .box_h = 12, .ofs_x = -1, .ofs_y = 0},
    {.bitmap_index = 19429, .adv_w = 192, .box_w = 12, .box_h = 16, .ofs_x = 0, .ofs_y = -2},
    {.bitmap_index = 19525, .adv_w = 192, .box_w = 12, .box_h = 17, .ofs_x = 0, .ofs_y = -3},
    {.bitmap_index = 19627, .adv_w = 256, .box_w = 16, .box_h = 16, .ofs_x = 0, .ofs_y = -2},
    {.bitmap_index = 19755, .adv_w = 256, .box_w = 16, .box_h = 16, .ofs_x = 0, .ofs_y = -2},
    {.bitmap_index = 19883, .adv_w = 256, .box_w = 16, .box_h = 16, .ofs_x = 0, .ofs_y = -2},
    {.bitmap_index = 20011, .adv_w = 256, .box_w = 16, .box_h = 16, .ofs_x = 0, .ofs_y = -2},
    {.bitmap_index = 20139, .adv_w = 248, .box_w = 16, .box_h = 16, .ofs_x = 0, .ofs_y = -2},
    {.bitmap_index = 20267, .adv_w = 256, .box_w = 17, .box_h = 17, .ofs_x = 0, .ofs_y = -2},
    {.bitmap_index = 20412, .adv_w = 256, .box_w = 17, .box_h = 14, .ofs_x = -1, .ofs_y = -1},
    {.bitmap_index = 20531, .adv_w = 256, .box_w = 18, .box_h = 17, .ofs_x = -1, .ofs_y = -3},
    {.bitmap_index = 20684, .adv_w = 256, .box_w = 16, .box_h = 14, .ofs_x = 0, .ofs_y = -1},
    {.bitmap_index = 20796, .adv_w = 256, .box_w = 16, .box_h = 16, .ofs_x = 0, .ofs_y = -2},
    {.bitmap_index = 20924, .adv_w = 320, .box_w = 20, .box_h = 14, .ofs_x = 0, .ofs_y = -1},
    {.bitmap_index = 21064, .adv_w = 256, .box_w = 16, .box_h = 16, .ofs_x = 0, .ofs_y = -2},
    {.bitmap_index = 21192, .adv_w = 320, .box_w = 20, .box_h = 14, .ofs_x = 0, .ofs_y = -1},
    {.bitmap_index = 21332, .adv_w = 224, .box_w = 16, .box_h = 16, .ofs_x = -1, .ofs_y = -2},
    {.bitmap_index = 21460, .adv_w = 224, .box_w = 15, .box_h = 14, .ofs_x = 0, .ofs_y = -1},
    {.bitmap_index = 21565, .adv_w = 224, .box_w = 14, .box_h = 16, .ofs_x = 0, .ofs_y = -2},
    {.bitmap_index = 21677, .adv_w = 224, .box_w = 14, .box_h = 16, .ofs_x = 0, .ofs_y = -2},
    {.bitmap_index = 21789, .adv_w = 224, .box_w = 14, .box_h = 14, .ofs_x = 0, .ofs_y = -1},
    {.bitmap_index = 21887, .adv_w = 224, .box_w = 14, .box_h = 14, .ofs_x = 0, .ofs_y = -1},
    {.bitmap_index = 21985, .adv_w = 224, .box_w = 14, .box_h = 14, .ofs_x = 0, .ofs_y = -1},
    {.bitmap_index = 22083, .adv_w = 256, .box_w = 16, .box_h = 14, .ofs_x = 0, .ofs_y = -1},
    {.bitmap_index = 22195, .adv_w = 256, .box_w = 17, .box_h = 14, .ofs_x = -1, .ofs_y = -1},
    {.bitmap_index = 22314, .adv_w = 256, .box_w = 16, .box_h = 14, .ofs_x = 0, .ofs_y = -1},
    {.bitmap_index = 22426, .adv_w = 224, .box_w = 14, .box_h = 16, .ofs_x = 0, .ofs_y = -2},
    {.bitmap_index = 22538, .adv_w = 256, .box_w = 16, .box_h = 14, .ofs_x = 0, .ofs_y = -1},
    {.bitmap_index = 22650, .adv_w = 256, .box_w = 16, .box_h = 16, .ofs_x = 0, .ofs_y = -2},
    {.bitmap_index = 22778, .adv_w = 320, .box_w = 20, .box_h = 16, .ofs_x = 0, .ofs_y = -2},
    {.bitmap_index = 22938, .adv_w = 248, .box_w = 16, .box_h = 16, .ofs_x = 0, .ofs_y = -2},
    {.bitmap_index = 23066, .adv_w = 224, .box_w = 14, .box_h = 14, .ofs_x = 0, .ofs_y = -1},
    {.bitmap_index = 23164, .adv_w = 224, .box_w = 14, .box_h = 14, .ofs_x = 0, .ofs_y = -1},
    {.bitmap_index = 23262, .adv_w = 320, .box_w = 20, .box_h = 12, .ofs_x = 0, .ofs_y = 0},
    {.bitmap_index = 23382, .adv_w = 320, .box_w = 20, .box_h = 12, .ofs_x = 0, .ofs_y = 0},
    {.bitmap_index = 23502, .adv_w = 160, .box_w = 10, .box_h = 6, .ofs_x = 0, .ofs_y = 2},
    {.bitmap_index = 23532, .adv_w = 160, .box_w = 10, .box_h = 6, .ofs_x = 0, .ofs_y = 3},
    {.bitmap_index = 23562, .adv_w = 96, .box_w = 6, .box_h = 10, .ofs_x = 0, .ofs_y = 1},
    {.bitmap_index = 23592, .adv_w = 96, .box_w = 6, .box_h = 10, .ofs_x = 0, .ofs_y = 1},
    {.bitmap_index = 23622, .adv_w = 256, .box_w = 16, .box_h = 14, .ofs_x = 0, .ofs_y = -1},
    {.bitmap_index = 23734, .adv_w = 160, .box_w = 10, .box_h = 14, .ofs_x = 0, .ofs_y = -1},
    {.bitmap_index = 23804, .adv_w = 160, .box_w = 10, .box_h = 6, .ofs_x = 0, .ofs_y = -1},
    {.bitmap_index = 23834, .adv_w = 160, .box_w = 10, .box_h = 6, .ofs_x = 0, .ofs_y = 7},
    {.bitmap_index = 23864, .adv_w = 256, .box_w = 16, .box_h = 12, .ofs_x = 0, .ofs_y = 0},
    {.bitmap_index = 23960, .adv_w = 224, .box_w = 15, .box_h = 14, .ofs_x = -1, .ofs_y = 0},
    {.bitmap_index = 24065, .adv_w = 256, .box_w = 16, .box_h = 16, .ofs_x = 0, .ofs_y = -2},
    {.bitmap_index = 24193, .adv_w = 256, .box_w = 16, .box_h = 16, .ofs_x = 0, .ofs_y = -2},
    {.bitmap_index = 24321, .adv_w = 160, .box_w = 12, .box_h = 16, .ofs_x = -1, .ofs_y = -2},
    {.bitmap_index = 24417, .adv_w = 320, .box_w = 20, .box_h = 16, .ofs_x = 0, .ofs_y = -2},
    {.bitmap_index = 24577, .adv_w = 288, .box_w = 20, .box_h = 16, .ofs_x = -1, .ofs_y = -2},
    {.bitmap_index = 24737, .adv_w = 224, .box_w = 14, .box_h = 16, .ofs_x = 0, .ofs_y = -2},
    {.bitmap_index = 24849, .adv_w = 176, .box_w = 11, .box_h = 16, .ofs_x = 0, .ofs_y = -2},
    {.bitmap_index = 24937, .adv_w = 224, .box_w = 14, .box_h = 16, .ofs_x = 0, .ofs_y = -2},
    {.bitmap_index = 25049, .adv_w = 256, .box_w = 16, .box_h = 17, .ofs_x = 0, .ofs_y = -2},
    {.bitmap_index = 25185, .adv_w = 256, .box_w = 16, .box_h = 14, .ofs_x = 0, .ofs_y = -1},
    {.bitmap_index = 25297, .adv_w = 224, .box_w = 14, .box_h = 16, .ofs_x = 0, .ofs_y = -2},
    {.bitmap_index = 25409, .adv_w = 320, .box_w = 21, .box_h = 14, .ofs_x = -1, .ofs_y = -1},
    {.bitmap_index = 25556, .adv_w = 224, .box_w = 14, .box_h = 16, .ofs_x = 0, .ofs_y = -2},
    {.bitmap_index = 25668, .adv_w = 320, .box_w = 20, .box_h = 16, .ofs_x = 0, .ofs_y = -2},
    {.bitmap_index = 25828, .adv_w = 256, .box_w = 16, .box_h = 14, .ofs_x = 0, .ofs_y = -1},
    {.bitmap_index = 25940, .adv_w = 320, .box_w = 20, .box_h = 14, .ofs_x = 0, .ofs_y = -1},
    {.bitmap_index = 26080, .adv_w = 224, .box_w = 14, .box_h = 14, .ofs_x = 0, .ofs_y = -1},
    {.bitmap_index = 26178, .adv_w = 224, .box_w = 14, .box_h = 14, .ofs_x = 0, .ofs_y = -1},
    {.bitmap_index = 26276, .adv_w = 224, .box_w = 14, .box_h = 14, .ofs_x = 0, .ofs_y = -1},
    {.bitmap_index = 26374, .adv_w = 224, .box_w = 14, .box_h = 10, .ofs_x = 0, .ofs_y = 1},
    {.bitmap_index = 26444, .adv_w = 224, .box_w = 14, .box_h = 10, .ofs_x = 0, .ofs_y = 1},
    {.bitmap_index = 26514, .adv_w = 160, .box_w = 10, .box_h = 14, .ofs_x = 0, .ofs_y = -1},
    {.bitmap_index = 26584, .adv_w = 160, .box_w = 10, .box_h = 14, .ofs_x = 0, .ofs_y = -1},
    {.bitmap_index = 26654, .adv_w = 128, .box_w = 8, .box_h = 10, .ofs_x = 0, .ofs_y = 1},
    {.bitmap_index = 26694, .adv_w = 128, .box_w = 8, .box_h = 10, .ofs_x = 0, .ofs_y = 1},
    {.bitmap_index = 26734, .adv_w = 160, .box_w = 10, .box_h = 8, .ofs_x = 0, .ofs_y = 2},
    {.bitmap_index = 26774, .adv_w = 160, .box_w = 10, .box_h = 8, .ofs_x = 0, .ofs_y = 2},
    {.bitmap_index = 26814, .adv_w = 288, .box_w = 18, .box_h = 16, .ofs_x = 0, .ofs_y = -2},
    {.bitmap_index = 26958, .adv_w = 320, .box_w = 20, .box_h = 16, .ofs_x = 0, .ofs_y = -2},
    {.bitmap_index = 27118, .adv_w = 224, .box_w = 14, .box_h = 16, .ofs_x = 0, .ofs_y = -2},
    {.bitmap_index = 27230, .adv_w = 160, .box_w = 10, .box_h = 16, .ofs_x = 0, .ofs_y = -2},
    {.bitmap_index = 27310, .adv_w = 256, .box_w = 16, .box_h = 14, .ofs_x = 0, .ofs_y = -1},
    {.bitmap_index = 27422, .adv_w = 256, .box_w = 16, .box_h = 14, .ofs_x = 0, .ofs_y = -1},
    {.bitmap_index = 27534, .adv_w = 256, .box_w = 16, .box_h = 16, .ofs_x = 0, .ofs_y = -2},
    {.bitmap_index = 27662, .adv_w = 256, .box_w = 16, .box_h = 16, .ofs_x = 0, .ofs_y = -2},
    {.bitmap_index = 27790, .adv_w = 240, .box_w = 15, .box_h = 12, .ofs_x = 0, .ofs_y = 0},
    {.bitmap_index = 27880, .adv_w = 248, .box_w = 16, .box_h = 16, .ofs_x = 0, .ofs_y = -2},
    {.bitmap_index = 28008, .adv_w = 248, .box_w = 16, .box_h = 16, .ofs_x = 0, .ofs_y = -2},
    {.bitmap_index = 28136, .adv_w = 248, .box_w = 16, .box_h = 16, .ofs_x = 0, .ofs_y = -2},
    {.bitmap_index = 28264, .adv_w = 320, .box_w = 20, .box_h = 10, .ofs_x = 0, .ofs_y = 1},
    {.bitmap_index = 28364, .adv_w = 288, .box_w = 18, .box_h = 12, .ofs_x = 0, .ofs_y = 0},
    {.bitmap_index = 28472, .adv_w = 256, .box_w = 16, .box_h = 17, .ofs_x = 0, .ofs_y = -2},
    {.bitmap_index = 28608, .adv_w = 320, .box_w = 20, .box_h = 14, .ofs_x = 0, .ofs_y = -1},
    {.bitmap_index = 28748, .adv_w = 320, .box_w = 22, .box_h = 18, .ofs_x = -1, .ofs_y = -3},
    {.bitmap_index = 28946, .adv_w = 288, .box_w = 18, .box_h = 16, .ofs_x = 0, .ofs_y = -2},
    {.bitmap_index = 29090, .adv_w = 256, .box_w = 18, .box_h = 18, .ofs_x = -1, .ofs_y = -3},
    {.bitmap_index = 29252, .adv_w = 256, .box_w = 17, .box_h = 17, .ofs_x = 0, .ofs_y = -2},
    {.bitmap_index = 29397, .adv_w = 192, .box_w = 12, .box_h = 16, .ofs_x = 0, .ofs_y = -2},
    {.bitmap_index = 29493, .adv_w = 256, .box_w = 16, .box_h = 16, .ofs_x = 0, .ofs_y = -2},
    {.bitmap_index = 29621, .adv_w = 192, .box_w = 12, .box_h = 16, .ofs_x = 0, .ofs_y = -2},
    {.bitmap_index = 29717, .adv_w = 96, .box_w = 6, .box_h = 16, .ofs_x = 0, .ofs_y = -2},
    {.bitmap_index = 29765, .adv_w = 96, .box_w = 6, .box_h = 16, .ofs_x = 0, .ofs_y = -2},
    {.bitmap_index = 29813, .adv_w = 256, .box_w = 16, .box_h = 14, .ofs_x = 0, .ofs_y = 0},
    {.bitmap_index = 29925, .adv_w = 256, .box_w = 16, .box_h = 14, .ofs_x = 0, .ofs_y = -2},
    {.bitmap_index = 30037, .adv_w = 256, .box_w = 16, .box_h = 14, .ofs_x = 0, .ofs_y = -1},
    {.bitmap_index = 30149, .adv_w = 288, .box_w = 18, .box_h = 16, .ofs_x = 0, .ofs_y = -2},
    {.bitmap_index = 30293, .adv_w = 176, .box_w = 11, .box_h = 16, .ofs_x = 0, .ofs_y = -2},
    {.bitmap_index = 30381, .adv_w = 320, .box_w = 22, .box_h = 18, .ofs_x = -1, .ofs_y = -3},
    {.bitmap_index = 30579, .adv_w = 224, .box_w = 14, .box_h = 16, .ofs_x = 0, .ofs_y = -2},
    {.bitmap_index = 30691, .adv_w = 224, .box_w = 15, .box_h = 17, .ofs_x = -1, .ofs_y = -3},
    {.bitmap_index = 30819, .adv_w = 256, .box_w = 16, .box_h = 16, .ofs_x = 0, .ofs_y = -2},
    {.bitmap_index = 30947, .adv_w = 256, .box_w = 17, .box_h = 12, .ofs_x = 0, .ofs_y = 0},
    {.bitmap_index = 31049, .adv_w = 256, .box_w = 16, .box_h = 16, .ofs_x = 0, .ofs_y = -2},
    {.bitmap_index = 31177, .adv_w = 256, .box_w = 16, .box_h = 16, .ofs_x = 0, .ofs_y = -2},
    {.bitmap_index = 31305, .adv_w = 256, .box_w = 16, .box_h = 16, .ofs_x = 0, .ofs_y = -2},
    {.bitmap_index = 31433, .adv_w = 256, .box_w = 16, .box_h = 16, .ofs_x = 0, .ofs_y = -2},
    {.bitmap_index = 31561, .adv_w = 192, .box_w = 12, .box_h = 14, .ofs_x = 0, .ofs_y = -1},
    {.bitmap_index = 31645, .adv_w = 256, .box_w = 15, .box_h = 15, .ofs_x = 0, .ofs_y = -2},
    {.bitmap_index = 31758, .adv_w = 288, .box_w = 20, .box_h = 17, .ofs_x = -1, .ofs_y = -2},
    {.bitmap_index = 31928, .adv_w = 224, .box_w = 14, .box_h = 16, .ofs_x = 0, .ofs_y = -2},
    {.bitmap_index = 32040, .adv_w = 248, .box_w = 16, .box_h = 16, .ofs_x = 0, .ofs_y = -2},
    {.bitmap_index = 32168, .adv_w = 256, .box_w = 16, .box_h = 6, .ofs_x = 0, .ofs_y = 3},
    {.bitmap_index = 32216, .adv_w = 96, .box_w = 6, .box_h = 16, .ofs_x = 0, .ofs_y = -2},
    {.bitmap_index = 32264, .adv_w = 224, .box_w = 14, .box_h = 14, .ofs_x = 0, .ofs_y = -1},
    {.bitmap_index = 32362, .adv_w = 256, .box_w = 16, .box_h = 16, .ofs_x = 0, .ofs_y = -2},
    {.bitmap_index = 32490, .adv_w = 224, .box_w = 14, .box_h = 14, .ofs_x = 0, .ofs_y = -1},
    {.bitmap_index = 32588, .adv_w = 224, .box_w = 14, .box_h = 14, .ofs_x = 0, .ofs_y = -1},
    {.bitmap_index = 32686, .adv_w = 224, .box_w = 14, .box_h = 14, .ofs_x = 0, .ofs_y = -1},
    {.bitmap_index = 32784, .adv_w = 288, .box_w = 18, .box_h = 17, .ofs_x = 0, .ofs_y = -2},
    {.bitmap_index = 32937, .adv_w = 248, .box_w = 16, .box_h = 16, .ofs_x = 0, .ofs_y = -2},
    {.bitmap_index = 33065, .adv_w = 224, .box_w = 14, .box_h = 14, .ofs_x = 0, .ofs_y = -1},
    {.bitmap_index = 33163, .adv_w = 224, .box_w = 14, .box_h = 14, .ofs_x = 0, .ofs_y = -1},
    {.bitmap_index = 33261, .adv_w = 224, .box_w = 14, .box_h = 14, .ofs_x = 0, .ofs_y = -1},
    {.bitmap_index = 33359, .adv_w = 160, .box_w = 11, .box_h = 14, .ofs_x = 0, .ofs_y = -1},
    {.bitmap_index = 33436, .adv_w = 160, .box_w = 10, .box_h = 14, .ofs_x = 0, .ofs_y = -1},
    {.bitmap_index = 33506, .adv_w = 144, .box_w = 11, .box_h = 16, .ofs_x = -1, .ofs_y = -2},
    {.bitmap_index = 33594, .adv_w = 160, .box_w = 10, .box_h = 14, .ofs_x = 0, .ofs_y = -1},
    {.bitmap_index = 33664, .adv_w = 192, .box_w = 12, .box_h = 14, .ofs_x = 0, .ofs_y = -1},
    {.bitmap_index = 33748, .adv_w = 192, .box_w = 12, .box_h = 14, .ofs_x = 0, .ofs_y = -1},
    {.bitmap_index = 33832, .adv_w = 288, .box_w = 18, .box_h = 14, .ofs_x = 0, .ofs_y = -1},
    {.bitmap_index = 33958, .adv_w = 192, .box_w = 13, .box_h = 17, .ofs_x = 0, .ofs_y = -2},
    {.bitmap_index = 34069, .adv_w = 192, .box_w = 12, .box_h = 16, .ofs_x = 0, .ofs_y = -2},
    {.bitmap_index = 34165, .adv_w = 192, .box_w = 12, .box_h = 16, .ofs_x = 0, .ofs_y = -2},
    {.bitmap_index = 34261, .adv_w = 224, .box_w = 15, .box_h = 14, .ofs_x = -1, .ofs_y = -1},
    {.bitmap_index = 34366, .adv_w = 224, .box_w = 15, .box_h = 14, .ofs_x = -1, .ofs_y = -1},
    {.bitmap_index = 34471, .adv_w = 256, .box_w = 17, .box_h = 14, .ofs_x = -1, .ofs_y = -1},
    {.bitmap_index = 34590, .adv_w = 256, .box_w = 17, .box_h = 14, .ofs_x = -1, .ofs_y = -1},
    {.bitmap_index = 34709, .adv_w = 224, .box_w = 15, .box_h = 15, .ofs_x = -1, .ofs_y = -2},
    {.bitmap_index = 34822, .adv_w = 224, .box_w = 15, .box_h = 15, .ofs_x = -1, .ofs_y = -2},
    {.bitmap_index = 34935, .adv_w = 256, .box_w = 16, .box_h = 16, .ofs_x = 0, .ofs_y = -2},
    {.bitmap_index = 35063, .adv_w = 256, .box_w = 16, .box_h = 16, .ofs_x = 0, .ofs_y = -2},
    {.bitmap_index = 35191, .adv_w = 288, .box_w = 18, .box_h = 13, .ofs_x = 0, .ofs_y = -1},
    {.bitmap_index = 35308, .adv_w = 192, .box_w = 14, .box_h = 14, .ofs_x = -1, .ofs_y = -1},
    {.bitmap_index = 35406, .adv_w = 224, .box_w = 14, .box_h = 14, .ofs_x = 0, .ofs_y = -1},
    {.bitmap_index = 35504, .adv_w = 264, .box_w = 17, .box_h = 14, .ofs_x = 0, .ofs_y = -1},
    {.bitmap_index = 35623, .adv_w = 192, .box_w = 12, .box_h = 14, .ofs_x = 0, .ofs_y = -1},
    {.bitmap_index = 35707, .adv_w = 224, .box_w = 14, .box_h = 15, .ofs_x = 0, .ofs_y = -1},
    {.bitmap_index = 35812, .adv_w = 224, .box_w = 14, .box_h = 14, .ofs_x = 0, .ofs_y = -1},
    {.bitmap_index = 35910, .adv_w = 248, .box_w = 16, .box_h = 16, .ofs_x = 0, .ofs_y = -2},
    {.bitmap_index = 36038, .adv_w = 256, .box_w = 16, .box_h = 15, .ofs_x = 0, .ofs_y = -2},
    {.bitmap_index = 36158, .adv_w = 160, .box_w = 10, .box_h = 16, .ofs_x = 0, .ofs_y = -2},
    {.bitmap_index = 36238, .adv_w = 224, .box_w = 14, .box_h = 14, .ofs_x = 0, .ofs_y = -1},
    {.bitmap_index = 36336, .adv_w = 192, .box_w = 12, .box_h = 15, .ofs_x = 0, .ofs_y = -2},
    {.bitmap_index = 36426, .adv_w = 224, .box_w = 14, .box_h = 14, .ofs_x = 0, .ofs_y = -1},
    {.bitmap_index = 36524, .adv_w = 224, .box_w = 12, .box_h = 15, .ofs_x = 1, .ofs_y = -1},
    {.bitmap_index = 36614, .adv_w = 224, .box_w = 14, .box_h = 17, .ofs_x = 0, .ofs_y = -3},
    {.bitmap_index = 36733, .adv_w = 256, .box_w = 16, .box_h = 16, .ofs_x = 0, .ofs_y = -2},
    {.bitmap_index = 36861, .adv_w = 224, .box_w = 15, .box_h = 14, .ofs_x = 0, .ofs_y = -1},
    {.bitmap_index = 36966, .adv_w = 184, .box_w = 12, .box_h = 17, .ofs_x = 0, .ofs_y = -3},
    {.bitmap_index = 37068, .adv_w = 224, .box_w = 14, .box_h = 14, .ofs_x = 0, .ofs_y = -1},
    {.bitmap_index = 37166, .adv_w = 128, .box_w = 8, .box_h = 16, .ofs_x = 0, .ofs_y = -2},
    {.bitmap_index = 37230, .adv_w = 96, .box_w = 6, .box_h = 16, .ofs_x = 0, .ofs_y = -2},
    {.bitmap_index = 37278, .adv_w = 248, .box_w = 16, .box_h = 16, .ofs_x = 0, .ofs_y = -2},
    {.bitmap_index = 37406, .adv_w = 256, .box_w = 16, .box_h = 16, .ofs_x = 0, .ofs_y = -2},
    {.bitmap_index = 37534, .adv_w = 256, .box_w = 16, .box_h = 16, .ofs_x = 0, .ofs_y = -2},
    {.bitmap_index = 37662, .adv_w = 256, .box_w = 16, .box_h = 14, .ofs_x = 0, .ofs_y = -1},
    {.bitmap_index = 37774, .adv_w = 256, .box_w = 16, .box_h = 16, .ofs_x = 0, .ofs_y = -2},
    {.bitmap_index = 37902, .adv_w = 288, .box_w = 18, .box_h = 10, .ofs_x = 0, .ofs_y = 1},
    {.bitmap_index = 37992, .adv_w = 256, .box_w = 17, .box_h = 14, .ofs_x = 0, .ofs_y = 0},
    {.bitmap_index = 38111, .adv_w = 256, .box_w = 16, .box_h = 16, .ofs_x = 0, .ofs_y = -2},
    {.bitmap_index = 38239, .adv_w = 192, .box_w = 13, .box_h = 16, .ofs_x = 0, .ofs_y = -2},
    {.bitmap_index = 38343, .adv_w = 224, .box_w = 14, .box_h = 17, .ofs_x = 0, .ofs_y = -2},
    {.bitmap_index = 38462, .adv_w = 224, .box_w = 14, .box_h = 14, .ofs_x = 0, .ofs_y = -1},
    {.bitmap_index = 38560, .adv_w = 256, .box_w = 16, .box_h = 16, .ofs_x = 0, .ofs_y = -2},
    {.bitmap_index = 38688, .adv_w = 256, .box_w = 17, .box_h = 17, .ofs_x = 0, .ofs_y = -2},
    {.bitmap_index = 38833, .adv_w = 224, .box_w = 14, .box_h = 14, .ofs_x = 0, .ofs_y = -1},
    {.bitmap_index = 38931, .adv_w = 192, .box_w = 12, .box_h = 14, .ofs_x = 0, .ofs_y = -1},
    {.bitmap_index = 39015, .adv_w = 320, .box_w = 20, .box_h = 14, .ofs_x = 0, .ofs_y = -1},
    {.bitmap_index = 39155, .adv_w = 224, .box_w = 14, .box_h = 14, .ofs_x = 0, .ofs_y = -1},
    {.bitmap_index = 39253, .adv_w = 224, .box_w = 14, .box_h = 14, .ofs_x = 0, .ofs_y = -1},
    {.bitmap_index = 39351, .adv_w = 256, .box_w = 16, .box_h = 16, .ofs_x = 0, .ofs_y = -2},
    {.bitmap_index = 39479, .adv_w = 224, .box_w = 14, .box_h = 14, .ofs_x = 0, .ofs_y = -1},
    {.bitmap_index = 39577, .adv_w = 256, .box_w = 16, .box_h = 14, .ofs_x = 0, .ofs_y = -1},
    {.bitmap_index = 39689, .adv_w = 320, .box_w = 20, .box_h = 13, .ofs_x = 0, .ofs_y = 0},
    {.bitmap_index = 39819, .adv_w = 224, .box_w = 14, .box_h = 16, .ofs_x = 0, .ofs_y = -2},
    {.bitmap_index = 39931, .adv_w = 244, .box_w = 16, .box_h = 16, .ofs_x = 0, .ofs_y = -2},
    {.bitmap_index = 40059, .adv_w = 256, .box_w = 16, .box_h = 16, .ofs_x = 0, .ofs_y = -2},
    {.bitmap_index = 40187, .adv_w = 224, .box_w = 14, .box_h = 14, .ofs_x = 0, .ofs_y = -1},
    {.bitmap_index = 40285, .adv_w = 248, .box_w = 16, .box_h = 16, .ofs_x = 0, .ofs_y = -2},
    {.bitmap_index = 40413, .adv_w = 256, .box_w = 16, .box_h = 12, .ofs_x = 0, .ofs_y = 0},
    {.bitmap_index = 40509, .adv_w = 224, .box_w = 14, .box_h = 14, .ofs_x = 0, .ofs_y = -1},
    {.bitmap_index = 40607, .adv_w = 256, .box_w = 16, .box_h = 10, .ofs_x = 0, .ofs_y = 1},
    {.bitmap_index = 40687, .adv_w = 224, .box_w = 14, .box_h = 14, .ofs_x = 0, .ofs_y = -1},
    {.bitmap_index = 40785, .adv_w = 288, .box_w = 18, .box_h = 17, .ofs_x = 0, .ofs_y = -3},
    {.bitmap_index = 40938, .adv_w = 224, .box_w = 12, .box_h = 14, .ofs_x = 1, .ofs_y = -1},
    {.bitmap_index = 41022, .adv_w = 224, .box_w = 14, .box_h = 14, .ofs_x = 0, .ofs_y = -1},
    {.bitmap_index = 41120, .adv_w = 320, .box_w = 20, .box_h = 10, .ofs_x = 0, .ofs_y = 1},
    {.bitmap_index = 41220, .adv_w = 256, .box_w = 16, .box_h = 16, .ofs_x = 0, .ofs_y = -2},
    {.bitmap_index = 41348, .adv_w = 224, .box_w = 14, .box_h = 16, .ofs_x = 0, .ofs_y = -2},
    {.bitmap_index = 41460, .adv_w = 192, .box_w = 12, .box_h = 16, .ofs_x = 0, .ofs_y = -2},
    {.bitmap_index = 41556, .adv_w = 256, .box_w = 18, .box_h = 15, .ofs_x = -1, .ofs_y = -1},
    {.bitmap_index = 41691, .adv_w = 256, .box_w = 16, .box_h = 16, .ofs_x = 0, .ofs_y = -2},
    {.bitmap_index = 41819, .adv_w = 256, .box_w = 16, .box_h = 16, .ofs_x = 0, .ofs_y = -2},
    {.bitmap_index = 41947, .adv_w = 288, .box_w = 18, .box_h = 12, .ofs_x = 0, .ofs_y = 0},
    {.bitmap_index = 42055, .adv_w = 224, .box_w = 14, .box_h = 14, .ofs_x = 0, .ofs_y = -1},
    {.bitmap_index = 42153, .adv_w = 248, .box_w = 16, .box_h = 16, .ofs_x = 0, .ofs_y = -2},
    {.bitmap_index = 42281, .adv_w = 224, .box_w = 14, .box_h = 14, .ofs_x = 0, .ofs_y = -1},
    {.bitmap_index = 42379, .adv_w = 256, .box_w = 17, .box_h = 17, .ofs_x = -1, .ofs_y = -3},
    {.bitmap_index = 42524, .adv_w = 256, .box_w = 18, .box_h = 12, .ofs_x = -1, .ofs_y = 0},
    {.bitmap_index = 42632, .adv_w = 256, .box_w = 16, .box_h = 14, .ofs_x = 0, .ofs_y = -1},
    {.bitmap_index = 42744, .adv_w = 192, .box_w = 14, .box_h = 16, .ofs_x = -1, .ofs_y = -2},
    {.bitmap_index = 42856, .adv_w = 248, .box_w = 16, .box_h = 16, .ofs_x = 0, .ofs_y = -2},
    {.bitmap_index = 42984, .adv_w = 160, .box_w = 10, .box_h = 16, .ofs_x = 0, .ofs_y = -2},
    {.bitmap_index = 43064, .adv_w = 320, .box_w = 20, .box_h = 10, .ofs_x = 0, .ofs_y = 1},
    {.bitmap_index = 43164, .adv_w = 224, .box_w = 14, .box_h = 16, .ofs_x = 0, .ofs_y = -2},
    {.bitmap_index = 43276, .adv_w = 192, .box_w = 12, .box_h = 16, .ofs_x = 0, .ofs_y = -2},
    {.bitmap_index = 43372, .adv_w = 192, .box_w = 12, .box_h = 16, .ofs_x = 0, .ofs_y = -2},
    {.bitmap_index = 43468, .adv_w = 192, .box_w = 12, .box_h = 16, .ofs_x = 0, .ofs_y = -2},
    {.bitmap_index = 43564, .adv_w = 192, .box_w = 12, .box_h = 16, .ofs_x = 0, .ofs_y = -2},
    {.bitmap_index = 43660, .adv_w = 192, .box_w = 12, .box_h = 16, .ofs_x = 0, .ofs_y = -2},
    {.bitmap_index = 43756, .adv_w = 192, .box_w = 12, .box_h = 16, .ofs_x = 0, .ofs_y = -2},
    {.bitmap_index = 43852, .adv_w = 192, .box_w = 12, .box_h = 16, .ofs_x = 0, .ofs_y = -2},
    {.bitmap_index = 43948, .adv_w = 192, .box_w = 12, .box_h = 16, .ofs_x = 0, .ofs_y = -2},
    {.bitmap_index = 44044, .adv_w = 192, .box_w = 12, .box_h = 16, .ofs_x = 0, .ofs_y = -2},
    {.bitmap_index = 44140, .adv_w = 192, .box_w = 13, .box_h = 15, .ofs_x = 0, .ofs_y = -2},
    {.bitmap_index = 44238, .adv_w = 256, .box_w = 16, .box_h = 18, .ofs_x = 0, .ofs_y = -3},
    {.bitmap_index = 44382, .adv_w = 288, .box_w = 18, .box_h = 13, .ofs_x = 0, .ofs_y = 0},
    {.bitmap_index = 44499, .adv_w = 256, .box_w = 16, .box_h = 16, .ofs_x = 0, .ofs_y = -2},
    {.bitmap_index = 44627, .adv_w = 256, .box_w = 16, .box_h = 16, .ofs_x = 0, .ofs_y = -2},
    {.bitmap_index = 44755, .adv_w = 256, .box_w = 16, .box_h = 16, .ofs_x = 0, .ofs_y = -2},
    {.bitmap_index = 44883, .adv_w = 248, .box_w = 16, .box_h = 16, .ofs_x = 0, .ofs_y = -2},
    {.bitmap_index = 45011, .adv_w = 224, .box_w = 14, .box_h = 14, .ofs_x = 0, .ofs_y = -1},
    {.bitmap_index = 45109, .adv_w = 256, .box_w = 16, .box_h = 14, .ofs_x = 0, .ofs_y = -1},
    {.bitmap_index = 45221, .adv_w = 224, .box_w = 14, .box_h = 14, .ofs_x = 0, .ofs_y = -1},
    {.bitmap_index = 45319, .adv_w = 192, .box_w = 12, .box_h = 17, .ofs_x = 0, .ofs_y = -3},
    {.bitmap_index = 45421, .adv_w = 224, .box_w = 14, .box_h = 16, .ofs_x = 0, .ofs_y = -2},
    {.bitmap_index = 45533, .adv_w = 288, .box_w = 18, .box_h = 14, .ofs_x = 0, .ofs_y = -1},
    {.bitmap_index = 45659, .adv_w = 256, .box_w = 18, .box_h = 18, .ofs_x = -1, .ofs_y = -3},
    {.bitmap_index = 45821, .adv_w = 256, .box_w = 16, .box_h = 16, .ofs_x = 0, .ofs_y = -2},
    {.bitmap_index = 45949, .adv_w = 256, .box_w = 16, .box_h = 14, .ofs_x = 0, .ofs_y = -1},
    {.bitmap_index = 46061, .adv_w = 224, .box_w = 13, .box_h = 14, .ofs_x = 1, .ofs_y = -1},
    {.bitmap_index = 46152, .adv_w = 256, .box_w = 16, .box_h = 14, .ofs_x = 0, .ofs_y = -1},
    {.bitmap_index = 46264, .adv_w = 224, .box_w = 14, .box_h = 16, .ofs_x = 0, .ofs_y = -2},
    {.bitmap_index = 46376, .adv_w = 224, .box_w = 14, .box_h = 14, .ofs_x = 0, .ofs_y = -1},
    {.bitmap_index = 46474, .adv_w = 256, .box_w = 16, .box_h = 16, .ofs_x = 0, .ofs_y = -2},
    {.bitmap_index = 46602, .adv_w = 256, .box_w = 16, .box_h = 16, .ofs_x = 0, .ofs_y = -2},
    {.bitmap_index = 46730, .adv_w = 256, .box_w = 17, .box_h = 17, .ofs_x = 0, .ofs_y = -2},
    {.bitmap_index = 46875, .adv_w = 256, .box_w = 16, .box_h = 14, .ofs_x = 0, .ofs_y = -1},
    {.bitmap_index = 46987, .adv_w = 192, .box_w = 12, .box_h = 16, .ofs_x = 0, .ofs_y = -2},
    {.bitmap_index = 47083, .adv_w = 256, .box_w = 16, .box_h = 17, .ofs_x = 0, .ofs_y = -3},
    {.bitmap_index = 47219, .adv_w = 224, .box_w = 14, .box_h = 14, .ofs_x = 0, .ofs_y = -1},
    {.bitmap_index = 47317, .adv_w = 192, .box_w = 13, .box_h = 16, .ofs_x = -1, .ofs_y = -2},
    {.bitmap_index = 47421, .adv_w = 288, .box_w = 18, .box_h = 12, .ofs_x = 0, .ofs_y = 0},
    {.bitmap_index = 47529, .adv_w = 320, .box_w = 20, .box_h = 15, .ofs_x = 0, .ofs_y = -1},
    {.bitmap_index = 47679, .adv_w = 224, .box_w = 14, .box_h = 16, .ofs_x = 0, .ofs_y = -2},
    {.bitmap_index = 47791, .adv_w = 192, .box_w = 14, .box_h = 16, .ofs_x = -1, .ofs_y = -2},
    {.bitmap_index = 47903, .adv_w = 224, .box_w = 14, .box_h = 14, .ofs_x = 0, .ofs_y = -1},
    {.bitmap_index = 48001, .adv_w = 288, .box_w = 18, .box_h = 14, .ofs_x = 0, .ofs_y = -1},
    {.bitmap_index = 48127, .adv_w = 288, .box_w = 18, .box_h = 15, .ofs_x = 0, .ofs_y = -2},
    {.bitmap_index = 48262, .adv_w = 288, .box_w = 18, .box_h = 14, .ofs_x = 0, .ofs_y = -1},
    {.bitmap_index = 48388, .adv_w = 288, .box_w = 18, .box_h = 14, .ofs_x = 0, .ofs_y = -1},
    {.bitmap_index = 48514, .adv_w = 288, .box_w = 19, .box_h = 14, .ofs_x = 0, .ofs_y = -1},
    {.bitmap_index = 48647, .adv_w = 288, .box_w = 18, .box_h = 14, .ofs_x = 0, .ofs_y = -1},
    {.bitmap_index = 48773, .adv_w = 320, .box_w = 22, .box_h = 18, .ofs_x = -1, .ofs_y = -3},
    {.bitmap_index = 48971, .adv_w = 224, .box_w = 14, .box_h = 16, .ofs_x = 0, .ofs_y = -2},
    {.bitmap_index = 49083, .adv_w = 256, .box_w = 16, .box_h = 16, .ofs_x = 0, .ofs_y = -2},
    {.bitmap_index = 49211, .adv_w = 256, .box_w = 16, .box_h = 16, .ofs_x = 0, .ofs_y = -2},
    {.bitmap_index = 49339, .adv_w = 256, .box_w = 16, .box_h = 16, .ofs_x = 0, .ofs_y = -2},
    {.bitmap_index = 49467, .adv_w = 256, .box_w = 16, .box_h = 16, .ofs_x = 0, .ofs_y = -2},
    {.bitmap_index = 49595, .adv_w = 224, .box_w = 14, .box_h = 16, .ofs_x = 0, .ofs_y = -2},
    {.bitmap_index = 49707, .adv_w = 256, .box_w = 16, .box_h = 12, .ofs_x = 0, .ofs_y = 0},
    {.bitmap_index = 49803, .adv_w = 272, .box_w = 19, .box_h = 18, .ofs_x = -1, .ofs_y = -3},
    {.bitmap_index = 49974, .adv_w = 256, .box_w = 16, .box_h = 12, .ofs_x = 0, .ofs_y = 0},
    {.bitmap_index = 50070, .adv_w = 256, .box_w = 16, .box_h = 10, .ofs_x = 0, .ofs_y = 1},
    {.bitmap_index = 50150, .adv_w = 224, .box_w = 14, .box_h = 14, .ofs_x = 0, .ofs_y = -1},
    {.bitmap_index = 50248, .adv_w = 288, .box_w = 18, .box_h = 12, .ofs_x = 0, .ofs_y = 0},
    {.bitmap_index = 50356, .adv_w = 288, .box_w = 18, .box_h = 12, .ofs_x = 0, .ofs_y = 0},
    {.bitmap_index = 50464, .adv_w = 320, .box_w = 21, .box_h = 13, .ofs_x = 0, .ofs_y = -1},
    {.bitmap_index = 50601, .adv_w = 256, .box_w = 16, .box_h = 16, .ofs_x = 0, .ofs_y = -2},
    {.bitmap_index = 50729, .adv_w = 320, .box_w = 20, .box_h = 16, .ofs_x = 0, .ofs_y = -2},
    {.bitmap_index = 50889, .adv_w = 224, .box_w = 12, .box_h = 16, .ofs_x = 1, .ofs_y = -2},
    {.bitmap_index = 50985, .adv_w = 256, .box_w = 16, .box_h = 12, .ofs_x = 0, .ofs_y = 0},
    {.bitmap_index = 51081, .adv_w = 224, .box_w = 14, .box_h = 14, .ofs_x = 0, .ofs_y = -1},
    {.bitmap_index = 51179, .adv_w = 224, .box_w = 14, .box_h = 14, .ofs_x = 0, .ofs_y = -1},
    {.bitmap_index = 51277, .adv_w = 288, .box_w = 18, .box_h = 16, .ofs_x = 0, .ofs_y = -2},
    {.bitmap_index = 51421, .adv_w = 224, .box_w = 14, .box_h = 17, .ofs_x = 0, .ofs_y = -2},
    {.bitmap_index = 51540, .adv_w = 224, .box_w = 14, .box_h = 15, .ofs_x = 0, .ofs_y = -2},
    {.bitmap_index = 51645, .adv_w = 288, .box_w = 18, .box_h = 13, .ofs_x = 0, .ofs_y = -1},
    {.bitmap_index = 51762, .adv_w = 320, .box_w = 20, .box_h = 15, .ofs_x = 0, .ofs_y = -1},
    {.bitmap_index = 51912, .adv_w = 224, .box_w = 14, .box_h = 16, .ofs_x = 0, .ofs_y = -2},
    {.bitmap_index = 52024, .adv_w = 256, .box_w = 16, .box_h = 12, .ofs_x = 0, .ofs_y = 0},
    {.bitmap_index = 52120, .adv_w = 320, .box_w = 20, .box_h = 12, .ofs_x = 0, .ofs_y = 0},
    {.bitmap_index = 52240, .adv_w = 288, .box_w = 20, .box_h = 17, .ofs_x = -1, .ofs_y = -3},
    {.bitmap_index = 52410, .adv_w = 288, .box_w = 20, .box_h = 17, .ofs_x = -1, .ofs_y = -3},
    {.bitmap_index = 52580, .adv_w = 320, .box_w = 20, .box_h = 16, .ofs_x = 0, .ofs_y = -2},
    {.bitmap_index = 52740, .adv_w = 224, .box_w = 14, .box_h = 17, .ofs_x = 0, .ofs_y = -2},
    {.bitmap_index = 52859, .adv_w = 320, .box_w = 22, .box_h = 13, .ofs_x = -1, .ofs_y = -1},
    {.bitmap_index = 53002, .adv_w = 256, .box_w = 16, .box_h = 16, .ofs_x = 0, .ofs_y = -2},
    {.bitmap_index = 53130, .adv_w = 256, .box_w = 18, .box_h = 14, .ofs_x = -1, .ofs_y = -1},
    {.bitmap_index = 53256, .adv_w = 144, .box_w = 9, .box_h = 14, .ofs_x = 0, .ofs_y = -1},
    {.bitmap_index = 53319, .adv_w = 192, .box_w = 12, .box_h = 12, .ofs_x = 0, .ofs_y = 0},
    {.bitmap_index = 53391, .adv_w = 144, .box_w = 9, .box_h = 16, .ofs_x = 0, .ofs_y = -2},
    {.bitmap_index = 53463, .adv_w = 192, .box_w = 12, .box_h = 16, .ofs_x = 0, .ofs_y = -2},
    {.bitmap_index = 53559, .adv_w = 240, .box_w = 15, .box_h = 16, .ofs_x = 0, .ofs_y = -2},
    {.bitmap_index = 53679, .adv_w = 256, .box_w = 16, .box_h = 14, .ofs_x = 0, .ofs_y = -1},
    {.bitmap_index = 53791, .adv_w = 256, .box_w = 16, .box_h = 16, .ofs_x = 0, .ofs_y = -2},
    {.bitmap_index = 53919, .adv_w = 288, .box_w = 18, .box_h = 16, .ofs_x = 0, .ofs_y = -2},
    {.bitmap_index = 54063, .adv_w = 192, .box_w = 12, .box_h = 12, .ofs_x = 0, .ofs_y = 0},
    {.bitmap_index = 54135, .adv_w = 144, .box_w = 9, .box_h = 16, .ofs_x = 0, .ofs_y = -1},
    {.bitmap_index = 54207, .adv_w = 240, .box_w = 16, .box_h = 10, .ofs_x = 0, .ofs_y = 1},
    {.bitmap_index = 54287, .adv_w = 144, .box_w = 9, .box_h = 14, .ofs_x = 0, .ofs_y = -1},
    {.bitmap_index = 54350, .adv_w = 144, .box_w = 9, .box_h = 10, .ofs_x = 0, .ofs_y = 1},
    {.bitmap_index = 54395, .adv_w = 192, .box_w = 12, .box_h = 16, .ofs_x = 0, .ofs_y = -2},
    {.bitmap_index = 54491, .adv_w = 224, .box_w = 14, .box_h = 14, .ofs_x = 0, .ofs_y = -1},
    {.bitmap_index = 54589, .adv_w = 256, .box_w = 16, .box_h = 14, .ofs_x = 0, .ofs_y = -1},
    {.bitmap_index = 54701, .adv_w = 320, .box_w = 20, .box_h = 16, .ofs_x = 0, .ofs_y = -2},
    {.bitmap_index = 54861, .adv_w = 320, .box_w = 21, .box_h = 16, .ofs_x = 0, .ofs_y = -2},
    {.bitmap_index = 55029, .adv_w = 320, .box_w = 20, .box_h = 12, .ofs_x = 0, .ofs_y = 0},
    {.bitmap_index = 55149, .adv_w = 192, .box_w = 12, .box_h = 14, .ofs_x = 0, .ofs_y = -1},
    {.bitmap_index = 55233, .adv_w = 224, .box_w = 14, .box_h = 16, .ofs_x = 0, .ofs_y = -2},
    {.bitmap_index = 55345, .adv_w = 224, .box_w = 14, .box_h = 16, .ofs_x = 0, .ofs_y = -2},
    {.bitmap_index = 55457, .adv_w = 224, .box_w = 14, .box_h = 14, .ofs_x = 0, .ofs_y = -1},
    {.bitmap_index = 55555, .adv_w = 224, .box_w = 14, .box_h = 14, .ofs_x = 0, .ofs_y = -1},
    {.bitmap_index = 55653, .adv_w = 288, .box_w = 20, .box_h = 16, .ofs_x = -1, .ofs_y = -2},
    {.bitmap_index = 55813, .adv_w = 320, .box_w = 21, .box_h = 16, .ofs_x = 0, .ofs_y = -2},
    {.bitmap_index = 55981, .adv_w = 248, .box_w = 16, .box_h = 16, .ofs_x = 0, .ofs_y = -2},
    {.bitmap_index = 56109, .adv_w = 320, .box_w = 20, .box_h = 10, .ofs_x = 0, .ofs_y = 1},
    {.bitmap_index = 56209, .adv_w = 320, .box_w = 20, .box_h = 10, .ofs_x = 0, .ofs_y = 1},
    {.bitmap_index = 56309, .adv_w = 320, .box_w = 20, .box_h = 10, .ofs_x = 0, .ofs_y = 1},
    {.bitmap_index = 56409, .adv_w = 320, .box_w = 20, .box_h = 10, .ofs_x = 0, .ofs_y = 1},
    {.bitmap_index = 56509, .adv_w = 320, .box_w = 20, .box_h = 10, .ofs_x = 0, .ofs_y = 1},
    {.bitmap_index = 56609, .adv_w = 160, .box_w = 11, .box_h = 18, .ofs_x = 0, .ofs_y = -3},
    {.bitmap_index = 56708, .adv_w = 128, .box_w = 8, .box_h = 16, .ofs_x = 0, .ofs_y = -2},
    {.bitmap_index = 56772, .adv_w = 256, .box_w = 16, .box_h = 14, .ofs_x = 0, .ofs_y = -1},
    {.bitmap_index = 56884, .adv_w = 288, .box_w = 18, .box_h = 14, .ofs_x = 0, .ofs_y = -1},
    {.bitmap_index = 57010, .adv_w = 224, .box_w = 14, .box_h = 14, .ofs_x = 0, .ofs_y = -1},
    {.bitmap_index = 57108, .adv_w = 288, .box_w = 18, .box_h = 14, .ofs_x = 0, .ofs_y = -1},
    {.bitmap_index = 57234, .adv_w = 288, .box_w = 18, .box_h = 14, .ofs_x = 0, .ofs_y = -1},
    {.bitmap_index = 57360, .adv_w = 256, .box_w = 16, .box_h = 16, .ofs_x = 0, .ofs_y = -2},
    {.bitmap_index = 57488, .adv_w = 320, .box_w = 20, .box_h = 16, .ofs_x = 0, .ofs_y = -2},
    {.bitmap_index = 57648, .adv_w = 192, .box_w = 12, .box_h = 16, .ofs_x = 0, .ofs_y = -2},
    {.bitmap_index = 57744, .adv_w = 192, .box_w = 12, .box_h = 16, .ofs_x = 0, .ofs_y = -2},
    {.bitmap_index = 57840, .adv_w = 192, .box_w = 12, .box_h = 16, .ofs_x = 0, .ofs_y = -2},
    {.bitmap_index = 57936, .adv_w = 192, .box_w = 12, .box_h = 16, .ofs_x = 0, .ofs_y = -2},
    {.bitmap_index = 58032, .adv_w = 256, .box_w = 16, .box_h = 14, .ofs_x = 0, .ofs_y = -1},
    {.bitmap_index = 58144, .adv_w = 224, .box_w = 15, .box_h = 16, .ofs_x = -1, .ofs_y = -2},
    {.bitmap_index = 58264, .adv_w = 256, .box_w = 16, .box_h = 14, .ofs_x = 0, .ofs_y = -1},
    {.bitmap_index = 58376, .adv_w = 288, .box_w = 18, .box_h = 14, .ofs_x = 0, .ofs_y = -1},
    {.bitmap_index = 58502, .adv_w = 256, .box_w = 17, .box_h = 17, .ofs_x = 0, .ofs_y = -2},
    {.bitmap_index = 58647, .adv_w = 224, .box_w = 15, .box_h = 16, .ofs_x = -1, .ofs_y = -2},
    {.bitmap_index = 58767, .adv_w = 224, .box_w = 15, .box_h = 16, .ofs_x = -1, .ofs_y = -2},
    {.bitmap_index = 58887, .adv_w = 320, .box_w = 21, .box_h = 10, .ofs_x = 0, .ofs_y = 1},
    {.bitmap_index = 58992, .adv_w = 256, .box_w = 16, .box_h = 16, .ofs_x = 0, .ofs_y = -2},
    {.bitmap_index = 59120, .adv_w = 248, .box_w = 16, .box_h = 16, .ofs_x = 0, .ofs_y = -2},
    {.bitmap_index = 59248, .adv_w = 256, .box_w = 16, .box_h = 12, .ofs_x = 0, .ofs_y = 0},
    {.bitmap_index = 59344, .adv_w = 256, .box_w = 16, .box_h = 16, .ofs_x = 0, .ofs_y = -2},
    {.bitmap_index = 59472, .adv_w = 288, .box_w = 20, .box_h = 12, .ofs_x = -1, .ofs_y = 0},
    {.bitmap_index = 59592, .adv_w = 160, .box_w = 10, .box_h = 17, .ofs_x = 0, .ofs_y = -3},
    {.bitmap_index = 59677, .adv_w = 224, .box_w = 14, .box_h = 14, .ofs_x = 0, .ofs_y = -1},
    {.bitmap_index = 59775, .adv_w = 224, .box_w = 14, .box_h = 13, .ofs_x = 0, .ofs_y = -1},
    {.bitmap_index = 59866, .adv_w = 320, .box_w = 20, .box_h = 14, .ofs_x = 0, .ofs_y = -1},
    {.bitmap_index = 60006, .adv_w = 256, .box_w = 16, .box_h = 16, .ofs_x = 0, .ofs_y = -2},
    {.bitmap_index = 60134, .adv_w = 248, .box_w = 16, .box_h = 17, .ofs_x = 0, .ofs_y = -3},
    {.bitmap_index = 60270, .adv_w = 240, .box_w = 15, .box_h = 16, .ofs_x = 0, .ofs_y = -2},
    {.bitmap_index = 60390, .adv_w = 248, .box_w = 16, .box_h = 16, .ofs_x = 0, .ofs_y = -2},
    {.bitmap_index = 60518, .adv_w = 256, .box_w = 17, .box_h = 18, .ofs_x = 0, .ofs_y = -3},
    {.bitmap_index = 60671, .adv_w = 320, .box_w = 20, .box_h = 16, .ofs_x = 0, .ofs_y = -2},
    {.bitmap_index = 60831, .adv_w = 256, .box_w = 16, .box_h = 14, .ofs_x = 0, .ofs_y = -1},
    {.bitmap_index = 60943, .adv_w = 224, .box_w = 14, .box_h = 17, .ofs_x = 0, .ofs_y = -3},
    {.bitmap_index = 61062, .adv_w = 224, .box_w = 14, .box_h = 14, .ofs_x = 0, .ofs_y = -1},
    {.bitmap_index = 61160, .adv_w = 224, .box_w = 14, .box_h = 16, .ofs_x = 0, .ofs_y = -2},
    {.bitmap_index = 61272, .adv_w = 224, .box_w = 14, .box_h = 16, .ofs_x = 0, .ofs_y = -2},
    {.bitmap_index = 61384, .adv_w = 224, .box_w = 14, .box_h = 16, .ofs_x = 0, .ofs_y = -2},
    {.bitmap_index = 61496, .adv_w = 224, .box_w = 14, .box_h = 16, .ofs_x = 0, .ofs_y = -2},
    {.bitmap_index = 61608, .adv_w = 256, .box_w = 16, .box_h = 14, .ofs_x = 0, .ofs_y = -1},
    {.bitmap_index = 61720, .adv_w = 144, .box_w = 9, .box_h = 16, .ofs_x = 0, .ofs_y = -2},
    {.bitmap_index = 61792, .adv_w = 256, .box_w = 18, .box_h = 16, .ofs_x = -1, .ofs_y = -2},
    {.bitmap_index = 61936, .adv_w = 288, .box_w = 18, .box_h = 16, .ofs_x = 0, .ofs_y = -2},
    {.bitmap_index = 62080, .adv_w = 256, .box_w = 16, .box_h = 17, .ofs_x = 0, .ofs_y = -3},
    {.bitmap_index = 62216, .adv_w = 224, .box_w = 14, .box_h = 14, .ofs_x = 0, .ofs_y = -1},
    {.bitmap_index = 62314, .adv_w = 224, .box_w = 15, .box_h = 14, .ofs_x = 0, .ofs_y = -1},
    {.bitmap_index = 62419, .adv_w = 224, .box_w = 14, .box_h = 14, .ofs_x = 0, .ofs_y = -1},
    {.bitmap_index = 62517, .adv_w = 224, .box_w = 14, .box_h = 14, .ofs_x = 0, .ofs_y = -1},
    {.bitmap_index = 62615, .adv_w = 256, .box_w = 16, .box_h = 15, .ofs_x = 0, .ofs_y = -1},
    {.bitmap_index = 62735, .adv_w = 256, .box_w = 16, .box_h = 16, .ofs_x = 0, .ofs_y = -2},
    {.bitmap_index = 62863, .adv_w = 236, .box_w = 15, .box_h = 16, .ofs_x = 0, .ofs_y = -2},
    {.bitmap_index = 62983, .adv_w = 224, .box_w = 14, .box_h = 14, .ofs_x = 0, .ofs_y = -1},
    {.bitmap_index = 63081, .adv_w = 256, .box_w = 16, .box_h = 17, .ofs_x = 0, .ofs_y = -2},
    {.bitmap_index = 63217, .adv_w = 320, .box_w = 21, .box_h = 14, .ofs_x = 0, .ofs_y = -1},
    {.bitmap_index = 63364, .adv_w = 256, .box_w = 16, .box_h = 16, .ofs_x = 0, .ofs_y = -2},
    {.bitmap_index = 63492, .adv_w = 320, .box_w = 20, .box_h = 12, .ofs_x = 0, .ofs_y = 0},
    {.bitmap_index = 63612, .adv_w = 192, .box_w = 13, .box_h = 16, .ofs_x = -1, .ofs_y = -2},
    {.bitmap_index = 63716, .adv_w = 256, .box_w = 16, .box_h = 16, .ofs_x = 0, .ofs_y = -2},
    {.bitmap_index = 63844, .adv_w = 256, .box_w = 16, .box_h = 16, .ofs_x = 0, .ofs_y = -2},
    {.bitmap_index = 63972, .adv_w = 224, .box_w = 14, .box_h = 16, .ofs_x = 0, .ofs_y = -2},
    {.bitmap_index = 64084, .adv_w = 288, .box_w = 18, .box_h = 15, .ofs_x = 0, .ofs_y = -1},
    {.bitmap_index = 64219, .adv_w = 224, .box_w = 16, .box_h = 14, .ofs_x = -1, .ofs_y = -1},
    {.bitmap_index = 64331, .adv_w = 224, .box_w = 12, .box_h = 16, .ofs_x = 1, .ofs_y = -2},
    {.bitmap_index = 64427, .adv_w = 160, .box_w = 10, .box_h = 16, .ofs_x = 0, .ofs_y = -2},
    {.bitmap_index = 64507, .adv_w = 224, .box_w = 16, .box_h = 16, .ofs_x = -1, .ofs_y = -2},
    {.bitmap_index = 64635, .adv_w = 256, .box_w = 18, .box_h = 16, .ofs_x = -1, .ofs_y = -2},
    {.bitmap_index = 64779, .adv_w = 256, .box_w = 16, .box_h = 14, .ofs_x = 0, .ofs_y = -1},
    {.bitmap_index = 64891, .adv_w = 224, .box_w = 14, .box_h = 14, .ofs_x = 0, .ofs_y = -1},
    {.bitmap_index = 64989, .adv_w = 224, .box_w = 14, .box_h = 14, .ofs_x = 0, .ofs_y = -1},
    {.bitmap_index = 65087, .adv_w = 256, .box_w = 16, .box_h = 16, .ofs_x = 0, .ofs_y = -2},
    {.bitmap_index = 65215, .adv_w = 192, .box_w = 12, .box_h = 17, .ofs_x = 0, .ofs_y = -3},
    {.bitmap_index = 65317, .adv_w = 256, .box_w = 16, .box_h = 12, .ofs_x = 0, .ofs_y = 0},
    {.bitmap_index = 65413, .adv_w = 192, .box_w = 13, .box_h = 17, .ofs_x = -1, .ofs_y = -2},
    {.bitmap_index = 65524, .adv_w = 320, .box_w = 20, .box_h = 13, .ofs_x = 0, .ofs_y = 0},
    {.bitmap_index = 65654, .adv_w = 256, .box_w = 16, .box_h = 17, .ofs_x = 0, .ofs_y = -2},
    {.bitmap_index = 65790, .adv_w = 320, .box_w = 22, .box_h = 16, .ofs_x = -1, .ofs_y = -2},
    {.bitmap_index = 65966, .adv_w = 256, .box_w = 18, .box_h = 17, .ofs_x = -1, .ofs_y = -2},
    {.bitmap_index = 66119, .adv_w = 224, .box_w = 14, .box_h = 14, .ofs_x = 0, .ofs_y = -1},
    {.bitmap_index = 66217, .adv_w = 224, .box_w = 13, .box_h = 16, .ofs_x = 1, .ofs_y = -2},
    {.bitmap_index = 66321, .adv_w = 224, .box_w = 15, .box_h = 17, .ofs_x = 0, .ofs_y = -2},
    {.bitmap_index = 66449, .adv_w = 288, .box_w = 19, .box_h = 17, .ofs_x = -1, .ofs_y = -3},
    {.bitmap_index = 66611, .adv_w = 224, .box_w = 15, .box_h = 16, .ofs_x = -1, .ofs_y = -2},
    {.bitmap_index = 66731, .adv_w = 224, .box_w = 14, .box_h = 14, .ofs_x = 0, .ofs_y = -1},
    {.bitmap_index = 66829, .adv_w = 248, .box_w = 16, .box_h = 16, .ofs_x = 0, .ofs_y = -2},
    {.bitmap_index = 66957, .adv_w = 256, .box_w = 17, .box_h = 16, .ofs_x = 0, .ofs_y = -2},
    {.bitmap_index = 67093, .adv_w = 224, .box_w = 14, .box_h = 14, .ofs_x = 0, .ofs_y = -1},
    {.bitmap_index = 67191, .adv_w = 224, .box_w = 14, .box_h = 14, .ofs_x = 0, .ofs_y = -1},
    {.bitmap_index = 67289, .adv_w = 224, .box_w = 14, .box_h = 16, .ofs_x = 0, .ofs_y = -2},
    {.bitmap_index = 67401, .adv_w = 224, .box_w = 14, .box_h = 16, .ofs_x = 0, .ofs_y = -2},
    {.bitmap_index = 67513, .adv_w = 256, .box_w = 16, .box_h = 16, .ofs_x = 0, .ofs_y = -2},
    {.bitmap_index = 67641, .adv_w = 248, .box_w = 16, .box_h = 16, .ofs_x = 0, .ofs_y = -2},
    {.bitmap_index = 67769, .adv_w = 224, .box_w = 14, .box_h = 14, .ofs_x = 0, .ofs_y = -1},
    {.bitmap_index = 67867, .adv_w = 320, .box_w = 20, .box_h = 13, .ofs_x = 0, .ofs_y = -1},
    {.bitmap_index = 67997, .adv_w = 256, .box_w = 16, .box_h = 16, .ofs_x = 0, .ofs_y = -2},
    {.bitmap_index = 68125, .adv_w = 224, .box_w = 14, .box_h = 16, .ofs_x = 0, .ofs_y = -2},
    {.bitmap_index = 68237, .adv_w = 224, .box_w = 14, .box_h = 16, .ofs_x = 0, .ofs_y = -2},
    {.bitmap_index = 68349, .adv_w = 288, .box_w = 18, .box_h = 14, .ofs_x = 0, .ofs_y = -1},
    {.bitmap_index = 68475, .adv_w = 248, .box_w = 16, .box_h = 16, .ofs_x = 0, .ofs_y = -2},
    {.bitmap_index = 68603, .adv_w = 192, .box_w = 12, .box_h = 16, .ofs_x = 0, .ofs_y = -2},
    {.bitmap_index = 68699, .adv_w = 288, .box_w = 18, .box_h = 14, .ofs_x = 0, .ofs_y = -1},
    {.bitmap_index = 68825, .adv_w = 224, .box_w = 14, .box_h = 14, .ofs_x = 0, .ofs_y = -1},
    {.bitmap_index = 68923, .adv_w = 288, .box_w = 18, .box_h = 13, .ofs_x = 0, .ofs_y = -1},
    {.bitmap_index = 69040, .adv_w = 248, .box_w = 16, .box_h = 16, .ofs_x = 0, .ofs_y = -2},
    {.bitmap_index = 69168, .adv_w = 128, .box_w = 8, .box_h = 16, .ofs_x = 0, .ofs_y = -2},
    {.bitmap_index = 69232, .adv_w = 128, .box_w = 8, .box_h = 16, .ofs_x = 0, .ofs_y = -2},
    {.bitmap_index = 69296, .adv_w = 128, .box_w = 8, .box_h = 16, .ofs_x = 0, .ofs_y = -2},
    {.bitmap_index = 69360, .adv_w = 128, .box_w = 8, .box_h = 16, .ofs_x = 0, .ofs_y = -2},
    {.bitmap_index = 69424, .adv_w = 128, .box_w = 8, .box_h = 16, .ofs_x = 0, .ofs_y = -2},
    {.bitmap_index = 69488, .adv_w = 256, .box_w = 16, .box_h = 14, .ofs_x = 0, .ofs_y = -1},
    {.bitmap_index = 69600, .adv_w = 256, .box_w = 16, .box_h = 14, .ofs_x = 0, .ofs_y = -1},
    {.bitmap_index = 69712, .adv_w = 224, .box_w = 14, .box_h = 16, .ofs_x = 0, .ofs_y = -2},
    {.bitmap_index = 69824, .adv_w = 256, .box_w = 16, .box_h = 14, .ofs_x = 0, .ofs_y = -1},
    {.bitmap_index = 69936, .adv_w = 256, .box_w = 16, .box_h = 4, .ofs_x = 0, .ofs_y = -1},
    {.bitmap_index = 69968, .adv_w = 256, .box_w = 16, .box_h = 16, .ofs_x = 0, .ofs_y = -2},
    {.bitmap_index = 70096, .adv_w = 248, .box_w = 16, .box_h = 16, .ofs_x = 0, .ofs_y = -2},
    {.bitmap_index = 70224, .adv_w = 256, .box_w = 16, .box_h = 16, .ofs_x = 0, .ofs_y = -2},
    {.bitmap_index = 70352, .adv_w = 192, .box_w = 12, .box_h = 15, .ofs_x = 0, .ofs_y = -1},
    {.bitmap_index = 70442, .adv_w = 224, .box_w = 14, .box_h = 14, .ofs_x = 0, .ofs_y = -1},
    {.bitmap_index = 70540, .adv_w = 256, .box_w = 18, .box_h = 15, .ofs_x = -1, .ofs_y = -1},
    {.bitmap_index = 70675, .adv_w = 224, .box_w = 14, .box_h = 14, .ofs_x = 0, .ofs_y = -1},
    {.bitmap_index = 70773, .adv_w = 256, .box_w = 17, .box_h = 16, .ofs_x = 0, .ofs_y = -2},
    {.bitmap_index = 70909, .adv_w = 224, .box_w = 16, .box_h = 16, .ofs_x = -1, .ofs_y = -2},
    {.bitmap_index = 71037, .adv_w = 224, .box_w = 14, .box_h = 14, .ofs_x = 0, .ofs_y = -1},
    {.bitmap_index = 71135, .adv_w = 256, .box_w = 16, .box_h = 16, .ofs_x = 0, .ofs_y = -2},
    {.bitmap_index = 71263, .adv_w = 256, .box_w = 18, .box_h = 18, .ofs_x = -1, .ofs_y = -3},
    {.bitmap_index = 71425, .adv_w = 256, .box_w = 17, .box_h = 17, .ofs_x = 0, .ofs_y = -2},
    {.bitmap_index = 71570, .adv_w = 208, .box_w = 13, .box_h = 16, .ofs_x = 0, .ofs_y = -2},
    {.bitmap_index = 71674, .adv_w = 256, .box_w = 16, .box_h = 16, .ofs_x = 0, .ofs_y = -2},
    {.bitmap_index = 71802, .adv_w = 224, .box_w = 14, .box_h = 16, .ofs_x = 0, .ofs_y = -2},
    {.bitmap_index = 71914, .adv_w = 256, .box_w = 16, .box_h = 16, .ofs_x = 0, .ofs_y = -2},
    {.bitmap_index = 72042, .adv_w = 224, .box_w = 14, .box_h = 16, .ofs_x = 0, .ofs_y = -2},
    {.bitmap_index = 72154, .adv_w = 256, .box_w = 16, .box_h = 13, .ofs_x = 0, .ofs_y = 0},
    {.bitmap_index = 72258, .adv_w = 256, .box_w = 16, .box_h = 13, .ofs_x = 0, .ofs_y = -1},
    {.bitmap_index = 72362, .adv_w = 256, .box_w = 16, .box_h = 16, .ofs_x = 0, .ofs_y = -2},
    {.bitmap_index = 72490, .adv_w = 256, .box_w = 16, .box_h = 16, .ofs_x = 0, .ofs_y = -2}
};

/*---------------------
 *  CHARACTER MAPPING
 *--------------------*/

static const uint8_t glyph_id_ofs_list_1[] = {
    0, 1, 2, 0, 3, 4, 0, 5,
    6, 7, 8, 9, 10, 11, 12, 0,
    13, 14, 15, 16, 0, 17, 0, 18,
    19, 20, 0, 0, 21, 0, 22
};

static const uint8_t glyph_id_ofs_list_3[] = {
    0, 1, 2, 3, 0, 0, 0, 4,
    5, 6, 7, 8, 9, 10, 0, 11,
    12, 13, 14, 15, 16, 17, 18, 19,
    20, 21, 22, 0, 0, 23, 0, 24,
    25, 26, 27, 28, 29, 30, 31, 32,
    33, 34, 35, 36, 37, 38, 0, 39,
    40, 41, 42, 43, 44, 45, 46, 47,
    48, 49, 50, 51, 0, 0, 0, 52,
    53, 54, 55, 56, 57, 58, 0, 0,
    59, 0, 0, 60, 61, 0, 0, 0,
    62, 63, 64, 65, 66, 0, 0, 67,
    68, 69, 70, 71, 72, 73, 0, 74,
    75, 0, 76, 77, 78, 79, 80, 81,
    82, 83, 84, 85, 86, 87, 0, 88,
    89, 90
};

static const uint8_t glyph_id_ofs_list_6[] = {
    0, 1, 2, 3, 0, 0, 0, 4,
    5, 6, 7, 8, 0, 0, 0, 0,
    9, 10, 11, 12, 13, 0, 0, 0,
    14, 15, 16, 17, 18, 19, 20, 0,
    21, 22, 23, 24, 25, 26, 27, 28,
    29, 30, 31, 32, 0, 33, 34, 0,
    35, 36, 0, 37, 0, 0, 0, 0,
    38, 39, 40, 41, 42, 0, 43, 0,
    44, 45, 46, 0, 47, 48, 49, 50,
    51, 52, 53, 54, 55, 56, 57, 0,
    58, 59, 0, 60, 61, 62, 63, 64,
    65, 66, 67, 68, 69, 70, 71, 0,
    72, 73, 74, 75, 76, 0, 77, 0,
    0, 0, 78, 79, 0, 80, 81, 0,
    82, 83, 84, 85, 86, 87, 88, 89,
    90, 91, 92, 93, 94, 95, 96, 0,
    97, 98, 99, 100, 101, 102, 0, 103,
    104, 105, 0, 106, 107, 108, 109, 0,
    110, 111, 0, 112, 113, 0, 0, 0,
    0, 114, 115, 116, 117, 118, 119, 0,
    120, 121, 122, 123, 124, 125, 126, 127,
    128, 129, 130, 131, 132, 133, 0, 0,
    0, 134, 135, 136, 137, 138, 0, 139,
    140, 141, 142, 143, 144, 145, 146, 0,
    147, 148, 149, 150, 151, 152, 153, 154,
    155, 156, 157, 158, 159, 160, 161, 0,
    162, 0, 163, 164, 165, 166, 167, 168,
    169, 170, 171, 172, 173, 174, 175, 0,
    176, 177, 178, 179, 180, 181, 182, 183,
    184, 185, 186, 187, 188, 189, 190, 0,
    191, 192, 193, 194, 195, 196, 197, 198,
    199, 0, 200, 0, 201, 202, 203
};

static const uint8_t glyph_id_ofs_list_7[] = {
    0, 1, 2, 3, 4, 5, 6, 7,
    8, 9, 10, 11, 12, 13, 14, 0,
    15, 16, 17, 18, 19, 20, 21, 0,
    22, 23, 24, 25, 26, 27, 28, 0,
    29, 30, 31, 32, 33, 34, 35, 36,
    37, 38, 39, 40, 0, 41, 42, 0,
    43, 44, 45, 46, 47, 48, 49, 50,
    51, 0, 52, 53, 54, 55, 56, 0,
    0, 57, 58, 59, 60, 61, 62, 63,
    64, 65, 66, 67, 68, 69, 0, 0,
    0, 70, 71, 72, 73, 74, 75, 76,
    77, 78, 79, 80, 81, 82, 83, 0,
    84, 85, 86, 87, 88, 89, 90, 91,
    92, 93, 0, 94, 95, 96, 97, 0,
    0, 98, 99, 100, 101, 102, 103, 104,
    105, 106, 107, 108, 109, 110, 111, 0,
    112, 113, 114, 115, 116, 117, 118, 119,
    120, 121, 122, 123, 124, 125, 126, 0,
    127, 128, 129, 130, 131, 132, 133, 134,
    0, 135, 136, 0, 137, 138, 139, 0,
    140, 141, 142, 0, 143, 144, 145, 146,
    147, 148, 149, 150, 0, 151, 0, 0,
    152, 153, 154, 155, 156, 157, 158, 159,
    160, 161, 162, 0, 0, 163, 164, 0,
    165, 166, 167, 168, 169, 170, 171, 172,
    173, 174, 175, 176, 177, 178, 179, 0,
    180, 181, 182, 183, 184, 185, 186, 0,
    187, 188, 0, 189, 0, 190, 0, 0,
    0, 191, 192, 0, 193, 194, 195, 196,
    197, 198, 199, 200, 201, 202, 203, 0,
    204, 205, 206, 0, 0, 207, 208, 209,
    210, 211, 212, 213, 214, 215, 216
};

static const uint16_t unicode_list_8[] = {
    0x0, 0x5, 0x7, 0xa, 0xd, 0x11, 0x12, 0x15,
    0x16, 0x19, 0x1e
};

/*Collect the unicode lists and glyph_id offsets*/
static const lv_font_fmt_txt_cmap_t cmaps[] =
{
    {
        .range_start = 32, .range_length = 95, .glyph_id_start = 1,
        .unicode_list = NULL, .glyph_id_ofs_list = NULL, .list_length = 0, .type = LV_FONT_FMT_TXT_CMAP_FORMAT0_TINY
    },
    {
        .range_start = 61440, .range_length = 31, .glyph_id_start = 96,
        .unicode_list = NULL, .glyph_id_ofs_list = glyph_id_ofs_list_1, .list_length = 31, .type = LV_FONT_FMT_TXT_CMAP_FORMAT0_FULL
    },
    {
        .range_start = 61473, .range_length = 30, .glyph_id_start = 119,
        .unicode_list = NULL, .glyph_id_ofs_list = NULL, .list_length = 0, .type = LV_FONT_FMT_TXT_CMAP_FORMAT0_TINY
    },
    {
        .range_start = 61505, .range_length = 114, .glyph_id_start = 149,
        .unicode_list = NULL, .glyph_id_ofs_list = glyph_id_ofs_list_3, .list_length = 114, .type = LV_FONT_FMT_TXT_CMAP_FORMAT0_FULL
    },
    {
        .range_start = 61632, .range_length = 15, .glyph_id_start = 240,
        .unicode_list = NULL, .glyph_id_ofs_list = NULL, .list_length = 0, .type = LV_FONT_FMT_TXT_CMAP_FORMAT0_TINY
    },
    {
        .range_start = 61648, .range_length = 15, .glyph_id_start = 255,
        .unicode_list = NULL, .glyph_id_ofs_list = NULL, .list_length = 0, .type = LV_FONT_FMT_TXT_CMAP_FORMAT0_TINY
    },
    {
        .range_start = 61664, .range_length = 255, .glyph_id_start = 270,
        .unicode_list = NULL, .glyph_id_ofs_list = glyph_id_ofs_list_6, .list_length = 255, .type = LV_FONT_FMT_TXT_CMAP_FORMAT0_FULL
    },
    {
        .range_start = 61920, .range_length = 255, .glyph_id_start = 474,
        .unicode_list = NULL, .glyph_id_ofs_list = glyph_id_ofs_list_7, .list_length = 255, .type = LV_FONT_FMT_TXT_CMAP_FORMAT0_FULL
    },
    {
        .range_start = 62176, .range_length = 31, .glyph_id_start = 691,
        .unicode_list = unicode_list_8, .glyph_id_ofs_list = NULL, .list_length = 11, .type = LV_FONT_FMT_TXT_CMAP_SPARSE_TINY
    }
};

/*-----------------
 *    KERNING
 *----------------*/


/*Pair left and right glyphs for kerning*/
static const uint16_t kern_pair_glyph_ids[] =
{
    3, 7,
    3, 13,
    3, 15,
    3, 21,
    3, 34,
    3, 43,
    5, 34,
    7, 3,
    7, 8,
    7, 53,
    7, 55,
    7, 56,
    7, 58,
    7, 61,
    7, 87,
    7, 88,
    7, 90,
    8, 7,
    8, 13,
    8, 15,
    8, 21,
    8, 34,
    8, 43,
    9, 68,
    9, 69,
    9, 70,
    9, 72,
    9, 75,
    9, 80,
    9, 82,
    11, 7,
    11, 13,
    11, 15,
    11, 21,
    11, 34,
    11, 43,
    11, 64,
    12, 19,
    12, 20,
    12, 24,
    12, 53,
    12, 55,
    12, 56,
    12, 57,
    12, 58,
    12, 61,
    12, 89,
    13, 1,
    13, 2,
    13, 3,
    13, 8,
    13, 17,
    13, 18,
    13, 20,
    13, 22,
    13, 23,
    13, 24,
    13, 25,
    13, 26,
    13, 32,
    13, 53,
    13, 58,
    13, 65,
    14, 19,
    14, 20,
    14, 24,
    14, 53,
    14, 55,
    14, 56,
    14, 57,
    14, 58,
    14, 61,
    14, 89,
    15, 1,
    15, 2,
    15, 3,
    15, 8,
    15, 17,
    15, 18,
    15, 20,
    15, 22,
    15, 23,
    15, 24,
    15, 25,
    15, 26,
    15, 32,
    15, 53,
    15, 58,
    15, 65,
    16, 13,
    16, 15,
    16, 43,
    16, 55,
    16, 56,
    16, 61,
    17, 13,
    17, 15,
    17, 24,
    17, 58,
    17, 64,
    18, 13,
    18, 15,
    19, 21,
    20, 13,
    20, 15,
    21, 13,
    21, 15,
    21, 18,
    22, 13,
    22, 15,
    23, 13,
    23, 15,
    23, 64,
    24, 4,
    24, 7,
    24, 13,
    24, 15,
    24, 17,
    24, 20,
    24, 21,
    24, 22,
    24, 23,
    24, 24,
    24, 25,
    24, 26,
    24, 27,
    24, 28,
    24, 29,
    24, 34,
    24, 43,
    24, 64,
    24, 66,
    24, 68,
    24, 69,
    24, 70,
    24, 72,
    24, 80,
    24, 82,
    24, 84,
    25, 13,
    25, 15,
    26, 13,
    26, 15,
    26, 24,
    26, 58,
    26, 64,
    27, 53,
    27, 55,
    27, 61,
    28, 53,
    28, 55,
    28, 61,
    30, 34,
    30, 55,
    30, 56,
    30, 57,
    30, 58,
    30, 61,
    30, 87,
    30, 89,
    30, 90,
    31, 24,
    31, 34,
    31, 53,
    31, 55,
    31, 56,
    31, 57,
    31, 58,
    31, 59,
    31, 61,
    32, 34,
    34, 3,
    34, 5,
    34, 8,
    34, 11,
    34, 18,
    34, 29,
    34, 30,
    34, 32,
    34, 36,
    34, 40,
    34, 48,
    34, 50,
    34, 52,
    34, 53,
    34, 55,
    34, 56,
    34, 58,
    34, 61,
    34, 63,
    34, 68,
    34, 69,
    34, 70,
    34, 71,
    34, 72,
    34, 74,
    34, 80,
    34, 82,
    34, 84,
    34, 85,
    34, 87,
    34, 88,
    34, 90,
    36, 34,
    36, 57,
    36, 64,
    36, 87,
    36, 90,
    37, 13,
    37, 15,
    37, 16,
    37, 34,
    37, 53,
    37, 55,
    37, 56,
    37, 57,
    37, 58,
    37, 61,
    37, 64,
    39, 13,
    39, 15,
    39, 34,
    39, 43,
    39, 64,
    39, 66,
    39, 68,
    39, 69,
    39, 70,
    39, 72,
    39, 78,
    39, 79,
    39, 80,
    39, 81,
    39, 82,
    39, 83,
    39, 86,
    39, 87,
    39, 90,
    39, 91,
    40, 34,
    40, 53,
    40, 55,
    40, 57,
    40, 58,
    40, 61,
    40, 74,
    40, 75,
    41, 64,
    42, 64,
    43, 13,
    43, 15,
    43, 16,
    43, 64,
    44, 5,
    44, 12,
    44, 14,
    44, 29,
    44, 30,
    44, 36,
    44, 40,
    44, 48,
    44, 50,
    44, 52,
    44, 68,
    44, 69,
    44, 70,
    44, 72,
    44, 74,
    44, 80,
    44, 82,
    44, 86,
    44, 87,
    44, 88,
    44, 90,
    44, 95,
    45, 3,
    45, 8,
    45, 11,
    45, 12,
    45, 14,
    45, 18,
    45, 34,
    45, 36,
    45, 40,
    45, 48,
    45, 50,
    45, 53,
    45, 55,
    45, 56,
    45, 58,
    45, 61,
    45, 63,
    45, 85,
    45, 87,
    45, 90,
    45, 95,
    46, 64,
    47, 64,
    48, 13,
    48, 15,
    48, 16,
    48, 34,
    48, 53,
    48, 55,
    48, 56,
    48, 57,
    48, 58,
    48, 61,
    48, 64,
    49, 7,
    49, 12,
    49, 13,
    49, 14,
    49, 15,
    49, 34,
    49, 43,
    49, 66,
    49, 68,
    49, 69,
    49, 70,
    49, 72,
    49, 80,
    49, 82,
    49, 95,
    50, 13,
    50, 15,
    50, 16,
    50, 34,
    50, 53,
    50, 55,
    50, 56,
    50, 57,
    50, 58,
    50, 61,
    50, 64,
    51, 55,
    51, 58,
    51, 61,
    51, 68,
    51, 69,
    51, 70,
    51, 72,
    51, 80,
    51, 82,
    52, 34,
    53, 7,
    53, 12,
    53, 13,
    53, 14,
    53, 15,
    53, 16,
    53, 21,
    53, 27,
    53, 28,
    53, 29,
    53, 34,
    53, 36,
    53, 40,
    53, 43,
    53, 48,
    53, 50,
    53, 64,
    53, 66,
    53, 68,
    53, 69,
    53, 70,
    53, 72,
    53, 78,
    53, 79,
    53, 80,
    53, 81,
    53, 82,
    53, 83,
    53, 84,
    53, 86,
    53, 87,
    53, 88,
    53, 89,
    53, 90,
    53, 91,
    53, 95,
    54, 13,
    54, 15,
    54, 16,
    54, 64,
    55, 7,
    55, 12,
    55, 13,
    55, 14,
    55, 15,
    55, 16,
    55, 21,
    55, 27,
    55, 28,
    55, 29,
    55, 30,
    55, 33,
    55, 34,
    55, 36,
    55, 40,
    55, 43,
    55, 48,
    55, 50,
    55, 61,
    55, 64,
    55, 66,
    55, 68,
    55, 69,
    55, 70,
    55, 72,
    55, 80,
    55, 82,
    55, 84,
    55, 95,
    56, 5,
    56, 7,
    56, 12,
    56, 13,
    56, 14,
    56, 15,
    56, 16,
    56, 21,
    56, 27,
    56, 28,
    56, 29,
    56, 30,
    56, 34,
    56, 36,
    56, 40,
    56, 43,
    56, 48,
    56, 50,
    56, 52,
    56, 61,
    56, 66,
    56, 68,
    56, 69,
    56, 70,
    56, 72,
    56, 78,
    56, 79,
    56, 80,
    56, 81,
    56, 82,
    56, 83,
    56, 84,
    56, 95,
    57, 12,
    57, 14,
    57, 29,
    57, 30,
    57, 36,
    57, 40,
    57, 48,
    57, 50,
    57, 68,
    57, 69,
    57, 70,
    57, 72,
    57, 80,
    57, 82,
    57, 95,
    58, 7,
    58, 12,
    58, 13,
    58, 14,
    58, 15,
    58, 21,
    58, 27,
    58, 28,
    58, 29,
    58, 30,
    58, 34,
    58, 36,
    58, 40,
    58, 43,
    58, 48,
    58, 50,
    58, 53,
    58, 66,
    58, 68,
    58, 69,
    58, 70,
    58, 72,
    58, 74,
    58, 78,
    58, 79,
    58, 80,
    58, 81,
    58, 82,
    58, 83,
    58, 84,
    58, 86,
    58, 95,
    59, 12,
    59, 14,
    59, 29,
    59, 36,
    59, 40,
    59, 48,
    59, 50,
    59, 95,
    60, 68,
    60, 69,
    60, 70,
    60, 72,
    60, 75,
    60, 80,
    60, 82,
    61, 3,
    61, 5,
    61, 8,
    61, 11,
    61, 13,
    61, 15,
    61, 18,
    61, 29,
    61, 30,
    61, 32,
    61, 36,
    61, 40,
    61, 48,
    61, 50,
    61, 52,
    61, 53,
    61, 55,
    61, 56,
    61, 58,
    61, 61,
    61, 63,
    61, 68,
    61, 69,
    61, 70,
    61, 71,
    61, 72,
    61, 74,
    61, 80,
    61, 82,
    61, 84,
    61, 85,
    61, 87,
    61, 88,
    61, 90,
    63, 7,
    63, 13,
    63, 15,
    63, 21,
    63, 34,
    63, 43,
    63, 64,
    64, 11,
    64, 17,
    64, 18,
    64, 20,
    64, 21,
    64, 22,
    64, 23,
    64, 25,
    64, 26,
    64, 36,
    64, 40,
    64, 48,
    64, 50,
    64, 53,
    64, 54,
    64, 55,
    64, 61,
    64, 63,
    64, 74,
    64, 75,
    64, 78,
    64, 79,
    64, 81,
    64, 83,
    64, 87,
    64, 90,
    66, 18,
    66, 53,
    66, 55,
    66, 56,
    66, 58,
    66, 61,
    66, 87,
    66, 90,
    67, 10,
    67, 34,
    67, 53,
    67, 55,
    67, 56,
    67, 57,
    67, 58,
    67, 61,
    67, 62,
    67, 87,
    67, 88,
    67, 89,
    67, 90,
    67, 94,
    68, 53,
    68, 56,
    68, 58,
    68, 89,
    69, 64,
    70, 53,
    70, 55,
    70, 56,
    70, 58,
    70, 61,
    70, 87,
    70, 88,
    70, 89,
    70, 90,
    71, 12,
    71, 13,
    71, 14,
    71, 15,
    71, 16,
    71, 21,
    71, 34,
    71, 43,
    71, 58,
    71, 64,
    71, 66,
    71, 68,
    71, 69,
    71, 70,
    71, 72,
    71, 80,
    71, 82,
    71, 84,
    71, 95,
    72, 53,
    72, 64,
    72, 75,
    73, 18,
    73, 53,
    73, 55,
    73, 56,
    73, 58,
    73, 61,
    73, 87,
    73, 90,
    74, 10,
    74, 55,
    74, 56,
    74, 61,
    74, 62,
    74, 64,
    74, 94,
    75, 10,
    75, 55,
    75, 56,
    75, 61,
    75, 62,
    75, 64,
    75, 94,
    76, 12,
    76, 14,
    76, 21,
    76, 29,
    76, 53,
    76, 68,
    76, 69,
    76, 70,
    76, 72,
    76, 80,
    76, 82,
    76, 87,
    76, 90,
    76, 95,
    77, 64,
    78, 18,
    78, 53,
    78, 55,
    78, 56,
    78, 58,
    78, 61,
    78, 87,
    78, 90,
    79, 18,
    79, 53,
    79, 55,
    79, 56,
    79, 58,
    79, 61,
    79, 87,
    79, 90,
    80, 10,
    80, 34,
    80, 53,
    80, 55,
    80, 56,
    80, 57,
    80, 58,
    80, 61,
    80, 62,
    80, 87,
    80, 88,
    80, 89,
    80, 90,
    80, 94,
    81, 10,
    81, 34,
    81, 53,
    81, 55,
    81, 56,
    81, 57,
    81, 58,
    81, 61,
    81, 62,
    81, 87,
    81, 88,
    81, 89,
    81, 90,
    81, 94,
    82, 53,
    82, 64,
    82, 75,
    83, 12,
    83, 13,
    83, 14,
    83, 15,
    83, 16,
    83, 29,
    83, 34,
    83, 43,
    83, 53,
    83, 59,
    83, 66,
    83, 68,
    83, 69,
    83, 70,
    83, 71,
    83, 72,
    83, 80,
    83, 82,
    83, 85,
    83, 87,
    83, 88,
    83, 89,
    83, 90,
    83, 95,
    84, 53,
    84, 55,
    84, 56,
    84, 58,
    84, 61,
    85, 12,
    85, 14,
    85, 21,
    85, 29,
    85, 35,
    85, 37,
    85, 38,
    85, 39,
    85, 41,
    85, 42,
    85, 44,
    85, 45,
    85, 46,
    85, 47,
    85, 49,
    85, 51,
    85, 53,
    85, 55,
    85, 56,
    85, 58,
    85, 61,
    85, 67,
    85, 68,
    85, 69,
    85, 70,
    85, 72,
    85, 73,
    85, 76,
    85, 77,
    85, 80,
    85, 82,
    85, 84,
    85, 93,
    85, 95,
    86, 53,
    86, 58,
    87, 13,
    87, 15,
    87, 16,
    87, 29,
    87, 30,
    87, 34,
    87, 43,
    87, 53,
    87, 58,
    87, 64,
    87, 66,
    87, 68,
    87, 69,
    87, 70,
    87, 72,
    87, 80,
    87, 82,
    88, 7,
    88, 13,
    88, 15,
    88, 34,
    88, 43,
    88, 53,
    88, 59,
    88, 68,
    88, 69,
    88, 70,
    88, 72,
    88, 80,
    88, 82,
    89, 12,
    89, 14,
    89, 30,
    89, 53,
    89, 66,
    89, 68,
    89, 69,
    89, 70,
    89, 72,
    89, 80,
    89, 82,
    89, 95,
    90, 13,
    90, 15,
    90, 16,
    90, 29,
    90, 30,
    90, 34,
    90, 43,
    90, 53,
    90, 58,
    90, 64,
    90, 66,
    90, 68,
    90, 69,
    90, 70,
    90, 72,
    90, 80,
    90, 82,
    91, 53,
    91, 68,
    91, 69,
    91, 70,
    91, 72,
    91, 80,
    91, 82,
    92, 68,
    92, 69,
    92, 70,
    92, 72,
    92, 75,
    92, 80,
    92, 82,
    93, 64,
    95, 19,
    95, 20,
    95, 24,
    95, 53,
    95, 55,
    95, 56,
    95, 57,
    95, 58,
    95, 61,
    95, 89
};

/* Kerning between the respective left and right glyphs
 * 4.4 format which needs to scaled with `kern_scale`*/
static const int8_t kern_pair_values[] =
{
    -9, -22, -22, -16, -20, -42, -1, -9,
    -9, -15, -16, -10, -19, -16, -9, -9,
    -9, -9, -22, -22, -16, -20, -42, -2,
    -2, -2, -2, 6, -2, -2, -9, -35,
    -35, -12, -22, -25, -17, -8, -2, -6,
    -15, -10, -10, -15, -16, -10, -6, -3,
    -1, -23, -23, -7, -23, -7, -3, -7,
    -5, -6, -2, -24, -9, -12, -35, -8,
    -2, -6, -15, -10, -10, -15, -16, -10,
    -6, -3, -1, -23, -23, -7, -23, -7,
    -3, -7, -5, -6, -2, -24, -9, -12,
    -35, -10, -10, -16, 1, 1, 1, -7,
    -7, -5, -9, -12, -11, -11, -4, -6,
    -6, -7, -7, -3, -7, -7, -8, -8,
    -12, -15, -12, -32, -32, -4, -4, -15,
    -3, -4, 5, -4, -3, -9, -9, -23,
    -28, -25, -41, -12, -13, -13, -13, -13,
    -13, -13, -10, -6, -6, -7, -7, -5,
    -9, -12, -9, -16, -16, -9, -16, -16,
    -13, -17, -16, -13, -25, -17, -10, -9,
    -10, -19, -4, -20, -19, -19, -15, -23,
    -16, -19, -16, -20, -1, -20, -22, -9,
    -4, -13, -16, -9, -9, -9, -9, -1,
    -22, -19, -16, -19, -19, -22, -2, -2,
    -2, -1, -2, 1, -2, -2, -1, -9,
    -17, -17, -17, -1, -2, -10, 1, 1,
    -12, -12, -10, -9, -8, -9, -2, -5,
    -10, -9, -10, -10, -9, -23, -17, -9,
    -1, -10, -10, -10, -10, -2, -2, -10,
    -2, -10, -2, -9, -9, -9, -9, -6,
    -8, -6, -2, -6, -6, 9, 9, 9,
    9, -9, -9, -15, -13, -1, -22, -22,
    -17, -9, -9, -9, -9, -9, -1, -10,
    -10, -10, -10, 9, -10, -10, -9, -10,
    -16, -10, -22, -23, -23, -10, -17, -13,
    -12, 9, -7, -7, -7, -7, -24, -18,
    -3, -14, -18, -33, -6, -17, -17, -10,
    9, 9, -12, -12, -10, -9, -8, -9,
    -2, -5, -10, -9, -10, -9, -9, -10,
    -9, -9, -20, -25, -1, -2, -2, -2,
    -2, -2, -2, -9, -12, -12, -10, -9,
    -8, -9, -2, -5, -10, -9, -10, -5,
    -7, -5, -2, -2, -2, -2, -2, -2,
    -1, -9, -15, -9, -17, -9, -20, -17,
    -9, -9, -20, -22, -8, -8, -23, -8,
    -8, -15, -19, -20, -20, -20, -20, -15,
    -15, -20, -15, -20, -15, -19, -19, -16,
    -16, -13, -16, -12, -15, -9, -9, -15,
    -13, -13, -10, -25, -10, -25, -18, -9,
    -16, -16, -19, -16, -9, -19, -9, -9,
    -25, -9, -9, 1, -20, -14, -14, -14,
    -14, -14, -14, -14, -12, -10, -1, -13,
    -10, -25, -10, -25, -3, -9, -13, -13,
    -19, -16, -16, -9, -9, -16, -9, -9,
    -1, 1, -14, -14, -14, -14, -14, -9,
    -9, -14, -9, -14, -9, -9, -10, -16,
    -16, -15, -13, -5, -5, -5, -5, -7,
    -7, -7, -7, -7, -7, -16, -16, -16,
    -12, -16, -12, -17, -16, -16, -26, -25,
    -19, -10, -10, -9, -10, -10, 12, -21,
    -23, -23, -23, -23, -1, -10, -10, -23,
    -10, -23, -10, -17, -10, -16, -8, -8,
    -16, -9, -9, -9, -9, -8, -2, -2,
    -2, -2, 6, -2, -2, -20, -1, -20,
    -22, 10, 10, -9, -4, -13, -16, -9,
    -9, -9, -9, -1, -10, -13, -15, -19,
    -13, -22, -2, -2, -2, -1, -2, 1,
    -2, -2, -1, -9, -13, -17, -13, -9,
    -35, -35, -12, -22, -25, -17, -17, -12,
    -28, -12, -15, -12, -12, -12, -12, -10,
    -10, -10, -10, -15, -10, -20, -20, -17,
    9, 25, 12, 12, 12, 12, -20, -20,
    -10, -12, -13, -13, -21, -13, -5, -5,
    -3, -9, -10, -14, -13, -7, -25, -14,
    -3, -5, -4, -6, -5, -3, -19, -2,
    -16, -1, 9, -13, -13, -13, -24, -13,
    -4, 0, -3, -4, -7, -15, -7, -15,
    -6, -16, -9, -16, 2, -4, -4, -6,
    -6, -6, -6, -6, -6, -5, -7, -13,
    9, 1, -10, -12, -13, -13, -21, -13,
    -5, -5, 9, 9, 9, 9, 9, 10,
    9, 9, 9, 9, 9, 9, 10, 9,
    -9, -9, -12, -22, -15, -6, -6, -6,
    -6, -6, -6, 1, 1, -9, 9, -10,
    -12, -13, -13, -21, -13, -5, -5, -10,
    -12, -13, -13, -21, -13, -5, -5, -3,
    -9, -10, -14, -13, -7, -25, -14, -3,
    -5, -4, -6, -5, -3, -3, -9, -10,
    -14, -13, -7, -25, -14, -3, -5, -4,
    -6, -5, -3, -13, 9, 1, -8, -16,
    -8, -16, -8, -10, -10, -15, -15, -9,
    -1, -5, -5, -5, 8, -5, -5, -5,
    8, 4, 2, 4, 4, -8, -19, -12,
    -9, -19, -12, -5, -5, -3, -7, 3,
    3, 3, 3, 3, 3, 3, 3, 3,
    3, 3, 3, -9, -2, -2, -3, -2,
    3, -1, -1, -1, -1, 3, 3, 3,
    -1, -1, -2, 3, -5, -13, -15, -9,
    -9, -15, -9, -10, -17, -16, -9, -9,
    -20, -4, -5, -5, -5, -5, -5, -5,
    -9, -19, -19, -17, -15, -13, -9, -4,
    -4, -4, -4, -4, -4, -6, -6, -9,
    -13, 0, -6, -6, -6, -6, -6, -6,
    -6, -9, -9, -15, -9, -10, -17, -16,
    -9, -9, -20, -4, -5, -5, -5, -5,
    -5, -5, -9, -4, -4, -4, -4, -4,
    -4, -2, -2, -2, -2, 6, -2, -2,
    9, -8, -2, -6, -15, -10, -10, -15,
    -16, -10, -6
};

/*Collect the kern pair's data in one place*/
static const lv_font_fmt_txt_kern_pair_t kern_pairs =
{
    .glyph_ids = kern_pair_glyph_ids,
    .values = kern_pair_values,
    .pair_cnt = 867,
    .glyph_ids_size = 1
};

/*--------------------
 *  ALL CUSTOM DATA
 *--------------------*/

#if LVGL_VERSION_MAJOR == 8
/*Store all the custom data of the font*/
static  lv_font_fmt_txt_glyph_cache_t cache;
#endif

#if LVGL_VERSION_MAJOR >= 8
static const lv_font_fmt_txt_dsc_t font_dsc = {
#else
static lv_font_fmt_txt_dsc_t font_dsc = {
#endif
    .glyph_bitmap = glyph_bitmap,
    .glyph_dsc = glyph_dsc,
    .cmaps = cmaps,
    .kern_dsc = &kern_pairs,
    .kern_scale = 16,
    .cmap_num = 9,
    .bpp = 4,
    .kern_classes = 0,
    .bitmap_format = 0,
#if LVGL_VERSION_MAJOR == 8
    .cache = &cache
#endif
};



/*-----------------
 *  PUBLIC FONT
 *----------------*/

/*Initialize a public general font descriptor*/
#if LVGL_VERSION_MAJOR >= 8
const lv_font_t lv_font_inter_500_16 = {
#else
lv_font_t lv_font_inter_500_16 = {
#endif
    .get_glyph_dsc = lv_font_get_glyph_dsc_fmt_txt,    /*Function pointer to get glyph's data*/
    .get_glyph_bitmap = lv_font_get_bitmap_fmt_txt,    /*Function pointer to get glyph's bitmap*/
    .line_height = 20,          /*The maximum line height required by the font*/
    .base_line = 4,             /*Baseline measured from the bottom of the line*/
#if !(LVGL_VERSION_MAJOR == 6 && LVGL_VERSION_MINOR == 0)
    .subpx = LV_FONT_SUBPX_NONE,
#endif
#if LV_VERSION_CHECK(7, 4, 0) || LVGL_VERSION_MAJOR >= 8
    .underline_position = -3,
    .underline_thickness = 1,
#endif
    .dsc = &font_dsc,          /*The custom font data. Will be accessed by `get_glyph_bitmap/dsc` */
#if LV_VERSION_CHECK(8, 2, 0) || LVGL_VERSION_MAJOR >= 9
    .fallback = NULL,
#endif
    .user_data = NULL,
};



#endif /*#if LV_FONT_INTER_500_16*/

